0,3,0.45,0.8,0.75,1,3,1.75,1.25,23.024,23.024,23.024,23.024,23.024,23.024,23.024,23.024,30,4.5,8,7.5,10,30,17.5,12.5,690.72,103.61,184.19,172.68,230.24,690.71,402.92,287.8,69.072,10.361,18.419,17.268,23.024,69.071,40.292,28.78,120,126,134,126,134,130,130,130,100,95,95,105,105,100,103,97,0,0,0,0,0,0,0,0,0,0,0,0,0,0,0,0,1
600,3,0.45,0.8,0.75,1,3,1.75,1.25,23.024,23.024,23.024,23.024,23.024,23.024,23.024,23.024,30,4.5,8,7.5,10,30,17.5,12.5,690.72,103.61,184.19,172.68,230.24,690.71,402.92,287.8,69.072,10.361,18.419,17.268,23.024,69.071,40.292,28.78,120,126,134,126,134,130,130,130,100,95,95,105,105,100,103,97,0,0,0,0,0,0,0,0,0,0,0,0,0,0,0,0,1
1200,3,0.45,0.8,0.75,1,3,1.75,1.25,23.024,23.024,23.024,23.024,23.024,23.024,23.024,23.024,30,4.5,8,7.5,10,30,17.5,12.5,690.72,103.61,184.19,172.68,230.24,690.71,402.92,287.8,69.072,10.361,18.419,17.268,23.024,69.071,40.292,28.78,120,126,134,126,134,130,130,130,100,95,95,105,105,100,103,97,0,0,0,0,0,0,0,0,0,0,0,0,0,0,0,0,1
1800,3,0.45,0.8,0.75,1,3,1.75,1.25,23.024,23.024,23.024,23.024,23.024,23.024,23.024,23.024,30,4.5,8,7.5,10,30,17.5,12.5,690.72,103.61,184.19,172.68,230.24,690.71,402.92,287.8,69.072,10.361,18.419,17.268,23.024,69.071,40.292,28.78,120,126,134,126,134,130,130,130,100,95,95,105,105,100,103,97,0,0,0,0,0,0,0,0,0,0,0,0,0,0,0,0,1
2400,3,0.45,0.8,0.75,1,3,1.75,1.25,23.024,23.024,23.024,23.024,23.024,23.024,23.024,23.024,30,4.5,8,7.5,10,30,17.5,12.5,690.72,103.61,184.19,172.68,230.24,690.71,402.92,287.8,69.072,10.361,18.419,17.268,23.024,69.071,40.292,28.78,120,126,134,126,134,130,130,130,100,95,95,105,105,100,103,97,0,0,0,0,0,0,0,0,0,0,0,0,0,0,0,0,1
3000,3,0.45,0.8,0.75,1,3,1.75,1.25,23.024,23.024,23.024,23.024,23.024,23.024,23.024,23.024,30,4.5,8,7.5,10,30,17.5,12.5,690.72,103.61,184.19,172.68,230.24,690.71,402.92,287.8,69.072,10.361,18.419,17.268,23.024,69.071,40.292,28.78,120,126,134,126,134,130,130,130,100,95,95,105,105,100,103,97,0,0,0,0,0,0,0,0,0,0,0,0,0,0,0,0,1
3600,2.0395,0.51165,0.488,0.6399,0.4,2.0395,1.0399,0.99965,30.461,30.461,30.461,30.461,30.461,30.461,30.461,30.461,20.395,5.1165,4.88,6.399,4,20.395,10.399,9.9965,621.26,155.85,148.65,194.92,121.84,621.26,316.76,304.5,62.126,15.585,14.865,19.492,12.184,62.126,31.676,30.45,120,126,134,126,134,130,130,130,100,95,95,105,105,100,103,97,0,0,0,0,0,0,0,0,0,0,0,0,0,0,0,0,1
4200,2.0395,0.51165,0.488,0.6399,0.4,2.0395,1.0399,0.99965,30.461,30.461,30.461,30.461,30.461,30.461,30.461,30.461,20.395,5.1165,4.88,6.399,4,20.395,10.399,9.9965,621.26,155.85,148.65,194.92,121.84,621.26,316.76,304.5,62.126,15.585,14.865,19.492,12.184,62.126,31.676,30.45,120,126,134,126,134,130,130,130,100,95,95,105,105,100,103,97,0,0,0,0,0,0,0,0,0,0,0,0,0,0,0,0,1
4800,2.0395,0.51165,0.488,0.6399,0.4,2.0395,1.0399,0.99965,30.461,30.461,30.461,30.461,30.461,30.461,30.461,30.461,20.395,5.1165,4.88,6.399,4,20.395,10.399,9.9965,621.26,155.85,148.65,194.92,121.84,621.26,316.76,304.5,62.126,15.585,14.865,19.492,12.184,62.126,31.676,30.45,120,126,134,126,134,130,130,130,100,95,95,105,105,100,103,97,0,0,0,0,0,0,0,0,0,0,0,0,0,0,0,0,1
5400,2.0395,0.51165,0.488,0.6399,0.4,2.0395,1.0399,0.99965,30.461,30.461,30.461,30.461,30.461,30.461,30.461,30.461,20.395,5.1165,4.88,6.399,4,20.395,10.399,9.9965,621.26,155.85,148.65,194.92,121.84,621.26,316.76,304.5,62.126,15.585,14.865,19.492,12.184,62.126,31.676,30.45,120,126,134,126,134,130,130,130,100,95,95,105,105,100,103,97,0,0,0,0,0,0,0,0,0,0,0,0,0,0,0,0,1
6000,2.0395,0.51165,0.488,0.6399,0.4,2.0395,1.0399,0.99965,30.461,30.461,30.461,30.461,30.461,30.461,30.461,30.461,20.395,5.1165,4.88,6.399,4,20.395,10.399,9.9965,621.26,155.85,148.65,194.92,121.84,621.26,316.76,304.5,62.126,15.585,14.865,19.492,12.184,62.126,31.676,30.45,120,126,134,126,134,130,130,130,100,95,95,105,105,100,103,97,0,0,0,0,0,0,0,0,0,0,0,0,0,0,0,0,1
6600,2.0395,0.51165,0.488,0.6399,0.4,2.0395,1.0399,0.99965,30.461,30.461,30.461,30.461,30.461,30.461,30.461,30.461,20.395,5.1165,4.88,6.399,4,20.395,10.399,9.9965,621.26,155.85,148.65,194.92,121.84,621.26,316.76,304.5,62.126,15.585,14.865,19.492,12.184,62.126,31.676,30.45,120,126,134,126,134,130,130,130,100,95,95,105,105,100,103,97,0,0,0,0,0,0,0,0,0,0,0,0,0,0,0,0,1
7200,1.8328,0.58305,0.306,0.54375,0.4,1.8328,0.94375,0.88905,33.441,33.441,33.441,33.441,33.441,33.441,33.441,33.441,18.328,5.8305,3.06,5.4375,4,18.328,9.4375,8.8905,612.91,194.98,102.33,181.84,133.76,612.91,315.6,297.31,61.291,19.498,10.233,18.184,13.376,61.291,31.56,29.731,120,126,134,126,134,130,130,130,100,95,95,105,105,100,103,97,0,0,0,0,0,0,0,0,0,0,0,0,0,0,0,0,1
7800,1.8328,0.58305,0.306,0.54375,0.4,1.8328,0.94375,0.88905,33.441,33.441,33.441,33.441,33.441,33.441,33.441,33.441,18.328,5.8305,3.06,5.4375,4,18.328,9.4375,8.8905,612.91,194.98,102.33,181.84,133.76,612.91,315.6,297.31,61.291,19.498,10.233,18.184,13.376,61.291,31.56,29.731,120,126,134,126,134,130,130,130,100,95,95,105,105,100,103,97,0,0,0,0,0,0,0,0,0,0,0,0,0,0,0,0,1
8400,1.8328,0.58305,0.306,0.54375,0.4,1.8328,0.94375,0.88905,33.441,33.441,33.441,33.441,33.441,33.441,33.441,33.441,18.328,5.8305,3.06,5.4375,4,18.328,9.4375,8.8905,612.91,194.98,102.33,181.84,133.76,612.91,315.6,297.31,61.291,19.498,10.233,18.184,13.376,61.291,31.56,29.731,120,126,134,126,134,130,130,130,100,95,95,105,105,100,103,97,0,0,0,0,0,0,0,0,0,0,0,0,0,0,0,0,1
9000,1.8328,0.58305,0.306,0.54375,0.4,1.8328,0.94375,0.88905,33.441,33.441,33.441,33.441,33.441,33.441,33.441,33.441,18.328,5.8305,3.06,5.4375,4,18.328,9.4375,8.8905,612.91,194.98,102.33,181.84,133.76,612.91,315.6,297.31,61.291,19.498,10.233,18.184,13.376,61.291,31.56,29.731,120,126,134,126,134,130,130,130,100,95,95,105,105,100,103,97,0,0,0,0,0,0,0,0,0,0,0,0,0,0,0,0,1
9600,1.8328,0.58305,0.306,0.54375,0.4,1.8328,0.94375,0.88905,33.441,33.441,33.441,33.441,33.441,33.441,33.441,33.441,18.328,5.8305,3.06,5.4375,4,18.328,9.4375,8.8905,612.91,194.98,102.33,181.84,133.76,612.91,315.6,297.31,61.291,19.498,10.233,18.184,13.376,61.291,31.56,29.731,120,126,134,126,134,130,130,130,100,95,95,105,105,100,103,97,0,0,0,0,0,0,0,0,0,0,0,0,0,0,0,0,1
10200,1.8328,0.58305,0.306,0.54375,0.4,1.8328,0.94375,0.88905,33.441,33.441,33.441,33.441,33.441,33.441,33.441,33.441,18.328,5.8305,3.06,5.4375,4,18.328,9.4375,8.8905,612.91,194.98,102.33,181.84,133.76,612.91,315.6,297.31,61.291,19.498,10.233,18.184,13.376,61.291,31.56,29.731,120,126,134,126,134,130,130,130,100,95,95,105,105,100,103,97,0,0,0,0,0,0,0,0,0,0,0,0,0,0,0,0,1
10800,1.7598,0.663,0.221,0.4758,0.4,1.7598,0.8758,0.884,34.226,34.225,34.225,34.225,34.225,34.225,34.225,34.225,17.598,6.63,2.21,4.758,4,17.598,8.758,8.84,602.3,226.91,75.638,162.84,136.9,602.3,299.75,302.55,60.23,22.691,7.5638,16.284,13.69,60.23,29.975,30.255,120,126,134,126,134,130,130,130,100,95,95,105,105,100,103,97,0,0,0,0,0,0,0,0,0,0,0,0,0,0,0,0,1
11400,1.7598,0.663,0.221,0.4758,0.4,1.7598,0.8758,0.884,34.226,34.225,34.225,34.225,34.225,34.225,34.225,34.225,17.598,6.63,2.21,4.758,4,17.598,8.758,8.84,602.3,226.91,75.638,162.84,136.9,602.3,299.75,302.55,60.23,22.691,7.5638,16.284,13.69,60.23,29.975,30.255,120,126,134,126,134,130,130,130,100,95,95,105,105,100,103,97,0,0,0,0,0,0,0,0,0,0,0,0,0,0,0,0,1
12000,1.7598,0.663,0.221,0.4758,0.4,1.7598,0.8758,0.884,34.226,34.225,34.225,34.225,34.225,34.225,34.225,34.225,17.598,6.63,2.21,4.758,4,17.598,8.758,8.84,602.3,226.91,75.638,162.84,136.9,602.3,299.75,302.55,60.23,22.691,7.5638,16.284,13.69,60.23,29.975,30.255,120,126,134,126,134,130,130,130,100,95,95,105,105,100,103,97,0,0,0,0,0,0,0,0,0,0,0,0,0,0,0,0,1
12600,1.7598,0.663,0.221,0.4758,0.4,1.7598,0.8758,0.884,34.226,34.225,34.225,34.225,34.225,34.225,34.225,34.225,17.598,6.63,2.21,4.758,4,17.598,8.758,8.84,602.3,226.91,75.638,162.84,136.9,602.3,299.75,302.55,60.23,22.691,7.5638,16.284,13.69,60.23,29.975,30.255,120,126,134,126,134,130,130,130,100,95,95,105,105,100,103,97,0,0,0,0,0,0,0,0,0,0,0,0,0,0,0,0,1
13200,1.7598,0.663,0.221,0.4758,0.4,1.7598,0.8758,0.884,34.226,34.225,34.225,34.225,34.225,34.225,34.225,34.225,17.598,6.63,2.21,4.758,4,17.598,8.758,8.84,602.3,226.91,75.638,162.84,136.9,602.3,299.75,302.55,60.23,22.691,7.5638,16.284,13.69,60.23,29.975,30.255,120,126,134,126,134,130,130,130,100,95,95,105,105,100,103,97,0,0,0,0,0,0,0,0,0,0,0,0,0,0,0,0,1
13800,1.7598,0.663,0.221,0.4758,0.4,1.7598,0.8758,0.884,34.226,34.225,34.225,34.225,34.225,34.225,34.225,34.225,17.598,6.63,2.21,4.758,4,17.598,8.758,8.84,602.3,226.91,75.638,162.84,136.9,602.3,299.75,302.55,60.23,22.691,7.5638,16.284,13.69,60.23,29.975,30.255,120,126,134,126,134,130,130,130,100,95,95,105,105,100,103,97,0,0,0,0,0,0,0,0,0,0,0,0,0,0,0,0,1
14400,2.4,0.75,0.2,0.45,1,2.4,1.45,0.95,29.439,29.438,29.438,29.438,29.438,29.438,29.438,29.438,24,7.5,2,4.5,10,24,14.5,9.5,706.53,220.79,58.877,132.47,294.38,706.52,426.86,279.67,70.653,22.079,5.8877,13.247,29.438,70.652,42.686,27.967,120,126,134,126,134,130,130,130,100,95,95,105,105,100,103,97,0,0,0,0,0,0,0,0,0,0,0,0,0,0,0,0,1
15000,2.4,0.75,0.2,0.45,1,2.4,1.45,0.95,29.439,29.438,29.438,29.438,29.438,29.438,29.438,29.438,24,7.5,2,4.5,10,24,14.5,9.5,706.53,220.79,58.877,132.47,294.38,706.52,426.86,279.67,70.653,22.079,5.8877,13.247,29.438,70.652,42.686,27.967,120,126,134,126,134,130,130,130,100,95,95,105,105,100,103,97,0,0,0,0,0,0,0,0,0,0,0,0,0,0,0,0,1
15600,2.4,0.75,0.2,0.45,1,2.4,1.45,0.95,29.439,29.438,29.438,29.438,29.438,29.438,29.438,29.438,24,7.5,2,4.5,10,24,14.5,9.5,706.53,220.79,58.877,132.47,294.38,706.52,426.86,279.67,70.653,22.079,5.8877,13.247,29.438,70.652,42.686,27.967,120,126,134,126,134,130,130,130,100,95,95,105,105,100,103,97,0,0,0,0,0,0,0,0,0,0,0,0,0,0,0,0,1
16200,2.4,0.75,0.2,0.45,1,2.4,1.45,0.95,29.439,29.438,29.438,29.438,29.438,29.438,29.438,29.438,24,7.5,2,4.5,10,24,14.5,9.5,706.53,220.79,58.877,132.47,294.38,706.52,426.86,279.67,70.653,22.079,5.8877,13.247,29.438,70.652,42.686,27.967,120,126,134,126,134,130,130,130,100,95,95,105,105,100,103,97,0,0,0,0,0,0,0,0,0,0,0,0,0,0,0,0,1
16800,2.4,0.75,0.2,0.45,1,2.4,1.45,0.95,29.439,29.438,29.438,29.438,29.438,29.438,29.438,29.438,24,7.5,2,4.5,10,24,14.5,9.5,706.53,220.79,58.877,132.47,294.38,706.52,426.86,279.67,70.653,22.079,5.8877,13.247,29.438,70.652,42.686,27.967,120,126,134,126,134,130,130,130,100,95,95,105,105,100,103,97,0,0,0,0,0,0,0,0,0,0,0,0,0,0,0,0,1
17400,2.4,0.75,0.2,0.45,1,2.4,1.45,0.95,29.439,29.438,29.438,29.438,29.438,29.438,29.438,29.438,24,7.5,2,4.5,10,24,14.5,9.5,706.53,220.79,58.877,132.47,294.38,706.52,426.86,279.67,70.653,22.079,5.8877,13.247,29.438,70.652,42.686,27.967,120,126,134,126,134,130,130,130,100,95,95,105,105,100,103,97,0,0,0,0,0,0,0,0,0,0,0,0,0,0,0,0,1
18000,3.2225,0.8355,0.337,0.45,1.6,3.2225,2.05,1.1725,19.317,19.317,19.317,19.317,19.317,19.317,19.317,19.317,32.225,8.355,3.37,4.5,16,32.225,20.5,11.725,622.49,161.39,65.097,86.925,309.07,622.48,395.99,226.49,62.249,16.139,6.5097,8.6925,30.907,62.248,39.599,22.649,120,126,134,126,134,130,130,130,100,95,95,105,105,100,103,97,0,0,0,0,0,0,0,0,0,0,0,0,0,0,0,0,1
18600,3.2225,0.8355,0.337,0.45,1.6,3.2225,2.05,1.1725,19.317,19.317,19.317,19.317,19.317,19.317,19.317,19.317,32.225,8.355,3.37,4.5,16,32.225,20.5,11.725,622.49,161.39,65.097,86.925,309.07,622.48,395.99,226.49,62.249,16.139,6.5097,8.6925,30.907,62.248,39.599,22.649,120,126,134,126,134,130,130,130,100,95,95,105,105,100,103,97,0,0,0,0,0,0,0,0,0,0,0,0,0,0,0,0,1
19200,3.2225,0.8355,0.337,0.45,1.6,3.2225,2.05,1.1725,19.317,19.317,19.317,19.317,19.317,19.317,19.317,19.317,32.225,8.355,3.37,4.5,16,32.225,20.5,11.725,622.49,161.39,65.097,86.925,309.07,622.48,395.99,226.49,62.249,16.139,6.5097,8.6925,30.907,62.248,39.599,22.649,120,126,134,126,134,130,130,130,100,95,95,105,105,100,103,97,0,0,0,0,0,0,0,0,0,0,0,0,0,0,0,0,1
19800,3.2225,0.8355,0.337,0.45,1.6,3.2225,2.05,1.1725,19.317,19.317,19.317,19.317,19.317,19.317,19.317,19.317,32.225,8.355,3.37,4.5,16,32.225,20.5,11.725,622.49,161.39,65.097,86.925,309.07,622.48,395.99,226.49,62.249,16.139,6.5097,8.6925,30.907,62.248,39.599,22.649,120,126,134,126,134,130,130,130,100,95,95,105,105,100,103,97,0,0,0,0,0,0,0,0,0,0,0,0,0,0,0,0,1
20400,3.2225,0.8355,0.337,0.45,1.6,3.2225,2.05,1.1725,19.317,19.317,19.317,19.317,19.317,19.317,19.317,19.317,32.225,8.355,3.37,4.5,16,32.225,20.5,11.725,622.49,161.39,65.097,86.925,309.07,622.48,395.99,226.49,62.249,16.139,6.5097,8.6925,30.907,62.248,39.599,22.649,120,126,134,126,134,130,130,130,100,95,95,105,105,100,103,97,0,0,0,0,0,0,0,0,0,0,0,0,0,0,0,0,1
21000,3.2225,0.8355,0.337,0.45,1.6,3.2225,2.05,1.1725,19.317,19.317,19.317,19.317,19.317,19.317,19.317,19.317,32.225,8.355,3.37,4.5,16,32.225,20.5,11.725,622.49,161.39,65.097,86.925,309.07,622.48,395.99,226.49,62.249,16.139,6.5097,8.6925,30.907,62.248,39.599,22.649,120,126,134,126,134,130,130,130,100,95,95,105,105,100,103,97,0,0,0,0,0,0,0,0,0,0,0,0,0,0,0,0,1
21600,4.0272,0.92535,0.6518,0.45,2,4.0272,2.45,1.5771,12.449,12.449,12.449,12.449,12.449,12.449,12.449,12.449,40.272,9.2535,6.518,4.5,20,40.272,24.5,15.771,501.36,115.2,81.142,56.02,248.97,501.34,305,196.34,50.136,11.52,8.1142,5.602,24.897,50.134,30.5,19.634,120,126,134,126,134,130,130,130,100,95,95,105,105,100,103,97,0,0,0,0,0,0,0,0,0,0,0,0,0,0,0,0,1
22200,4.0272,0.92535,0.6518,0.45,2,4.0272,2.45,1.5771,12.449,12.449,12.449,12.449,12.449,12.449,12.449,12.449,40.272,9.2535,6.518,4.5,20,40.272,24.5,15.771,501.36,115.2,81.142,56.02,248.97,501.34,305,196.34,50.136,11.52,8.1142,5.602,24.897,50.134,30.5,19.634,120,126,134,126,134,130,130,130,100,95,95,105,105,100,103,97,0,0,0,0,0,0,0,0,0,0,0,0,0,0,0,0,1
22800,4.0272,0.92535,0.6518,0.45,2,4.0272,2.45,1.5771,12.449,12.449,12.449,12.449,12.449,12.449,12.449,12.449,40.272,9.2535,6.518,4.5,20,40.272,24.5,15.771,501.36,115.2,81.142,56.02,248.97,501.34,305,196.34,50.136,11.52,8.1142,5.602,24.897,50.134,30.5,19.634,120,126,134,126,134,130,130,130,100,95,95,105,105,100,103,97,0,0,0,0,0,0,0,0,0,0,0,0,0,0,0,0,1
23400,4.0272,0.92535,0.6518,0.45,2,4.0272,2.45,1.5771,12.449,12.449,12.449,12.449,12.449,12.449,12.449,12.449,40.272,9.2535,6.518,4.5,20,40.272,24.5,15.771,501.36,115.2,81.142,56.02,248.97,501.34,305,196.34,50.136,11.52,8.1142,5.602,24.897,50.134,30.5,19.634,120,126,134,126,134,130,130,130,100,95,95,105,105,100,103,97,0,0,0,0,0,0,0,0,0,0,0,0,0,0,0,0,1
24000,4.0272,0.92535,0.6518,0.45,2,4.0272,2.45,1.5771,12.449,12.449,12.449,12.449,12.449,12.449,12.449,12.449,40.272,9.2535,6.518,4.5,20,40.272,24.5,15.771,501.36,115.2,81.142,56.02,248.97,501.34,305,196.34,50.136,11.52,8.1142,5.602,24.897,50.134,30.5,19.634,120,126,134,126,134,130,130,130,100,95,95,105,105,100,103,97,0,0,0,0,0,0,0,0,0,0,0,0,0,0,0,0,1
24600,4.0272,0.92535,0.6518,0.45,2,4.0272,2.45,1.5771,12.449,12.449,12.449,12.449,12.449,12.449,12.449,12.449,40.272,9.2535,6.518,4.5,20,40.272,24.5,15.771,501.36,115.2,81.142,56.02,248.97,501.34,305,196.34,50.136,11.52,8.1142,5.602,24.897,50.134,30.5,19.634,120,126,134,126,134,130,130,130,100,95,95,105,105,100,103,97,0,0,0,0,0,0,0,0,0,0,0,0,0,0,0,0,1
25200,5.4901,1.0401,1,0.45,3,5.4901,3.45,2.0401,13.074,13.073,13.073,13.073,13.073,13.073,13.073,13.073,54.901,10.401,10,4.5,30,54.901,34.5,20.401,717.79,135.97,130.73,58.828,392.18,717.73,451.02,266.7,71.779,13.597,13.073,5.8828,39.218,71.773,45.102,26.67,120,126,134,126,134,130,130,130,100,95,95,105,105,100,103,97,0,0,0,0,0,0,0,0,0,0,0,0,0,0,0,0,1
25800,5.4901,1.0401,1,0.45,3,5.4901,3.45,2.0401,13.074,13.073,13.073,13.073,13.073,13.073,13.073,13.073,54.901,10.401,10,4.5,30,54.901,34.5,20.401,717.79,135.97,130.73,58.828,392.18,717.73,451.02,266.7,71.779,13.597,13.073,5.8828,39.218,71.773,45.102,26.67,120,126,134,126,134,130,130,130,100,95,95,105,105,100,103,97,0,0,0,0,0,0,0,0,0,0,0,0,0,0,0,0,1
26400,5.4901,1.0401,1,0.45,3,5.4901,3.45,2.0401,13.074,13.073,13.073,13.073,13.073,13.073,13.073,13.073,54.901,10.401,10,4.5,30,54.901,34.5,20.401,717.79,135.97,130.73,58.828,392.18,717.73,451.02,266.7,71.779,13.597,13.073,5.8828,39.218,71.773,45.102,26.67,120,126,134,126,134,130,130,130,100,95,95,105,105,100,103,97,0,0,0,0,0,0,0,0,0,0,0,0,0,0,0,0,1
27000,5.4901,1.0401,1,0.45,3,5.4901,3.45,2.0401,13.074,13.073,13.073,13.073,13.073,13.073,13.073,13.073,54.901,10.401,10,4.5,30,54.901,34.5,20.401,717.79,135.97,130.73,58.828,392.18,717.73,451.02,266.7,71.779,13.597,13.073,5.8828,39.218,71.773,45.102,26.67,120,126,134,126,134,130,130,130,100,95,95,105,105,100,103,97,0,0,0,0,0,0,0,0,0,0,0,0,0,0,0,0,1
27600,5.4901,1.0401,1,0.45,3,5.4901,3.45,2.0401,13.074,13.073,13.073,13.073,13.073,13.073,13.073,13.073,54.901,10.401,10,4.5,30,54.901,34.5,20.401,717.79,135.97,130.73,58.828,392.18,717.73,451.02,266.7,71.779,13.597,13.073,5.8828,39.218,71.773,45.102,26.67,120,126,134,126,134,130,130,130,100,95,95,105,105,100,103,97,0,0,0,0,0,0,0,0,0,0,0,0,0,0,0,0,1
28200,5.4901,1.0401,1,0.45,3,5.4901,3.45,2.0401,13.074,13.073,13.073,13.073,13.073,13.073,13.073,13.073,54.901,10.401,10,4.5,30,54.901,34.5,20.401,717.79,135.97,130.73,58.828,392.18,717.73,451.02,266.7,71.779,13.597,13.073,5.8828,39.218,71.773,45.102,26.67,120,126,134,126,134,130,130,130,100,95,95,105,105,100,103,97,0,0,0,0,0,0,0,0,0,0,0,0,0,0,0,0,1
28800,6.9972,1.2,1.3472,0.45,4,6.9972,4.45,2.5472,16.67,16.668,16.668,16.668,16.667,16.668,16.668,16.668,69.972,12,13.472,4.5,40,69.972,44.5,25.472,1166.4,200.02,224.55,75.005,666.7,1166.3,741.72,424.57,116.64,20.002,22.455,7.5005,66.67,116.63,74.172,42.457,120,126,134,126,134,130,130,130,100,95,95,105,105,100,103,97,0,0,0,0,0,0,0,0,0,0,0,0,0,0,0,0,1
29400,6.9972,1.2,1.3472,0.45,4,6.9972,4.45,2.5472,16.67,16.668,16.668,16.668,16.667,16.668,16.668,16.668,69.972,12,13.472,4.5,40,69.972,44.5,25.472,1166.4,200.02,224.55,75.005,666.7,1166.3,741.72,424.57,116.64,20.002,22.455,7.5005,66.67,116.63,74.172,42.457,120,126,134,126,134,130,130,130,100,95,95,105,105,100,103,97,0,0,0,0,0,0,0,0,0,0,0,0,0,0,0,0,1
30000,6.9972,1.2,1.3472,0.45,4,6.9972,4.45,2.5472,16.67,16.668,16.668,16.668,16.667,16.668,16.668,16.668,69.972,12,13.472,4.5,40,69.972,44.5,25.472,1166.4,200.02,224.55,75.005,666.7,1166.3,741.72,424.57,116.64,20.002,22.455,7.5005,66.67,116.63,74.172,42.457,120,126,134,126,134,130,130,130,100,95,95,105,105,100,103,97,0,0,0,0,0,0,0,0,0,0,0,0,0,0,0,0,1
30600,6.9972,1.2,1.3472,0.45,4,6.9972,4.45,2.5472,16.67,16.668,16.668,16.668,16.667,16.668,16.668,16.668,69.972,12,13.472,4.5,40,69.972,44.5,25.472,1166.4,200.02,224.55,75.005,666.7,1166.3,741.72,424.57,116.64,20.002,22.455,7.5005,66.67,116.63,74.172,42.457,120,126,134,126,134,130,130,130,100,95,95,105,105,100,103,97,0,0,0,0,0,0,0,0,0,0,0,0,0,0,0,0,1
31200,6.9972,1.2,1.3472,0.45,4,6.9972,4.45,2.5472,16.67,16.668,16.668,16.668,16.667,16.668,16.668,16.668,69.972,12,13.472,4.5,40,69.972,44.5,25.472,1166.4,200.02,224.55,75.005,666.7,1166.3,741.72,424.57,116.64,20.002,22.455,7.5005,66.67,116.63,74.172,42.457,120,126,134,126,134,130,130,130,100,95,95,105,105,100,103,97,0,0,0,0,0,0,0,0,0,0,0,0,0,0,0,0,1
31800,6.9972,1.2,1.3472,0.45,4,6.9972,4.45,2.5472,16.67,16.668,16.668,16.668,16.667,16.668,16.668,16.668,69.972,12,13.472,4.5,40,69.972,44.5,25.472,1166.4,200.02,224.55,75.005,666.7,1166.3,741.72,424.57,116.64,20.002,22.455,7.5005,66.67,116.63,74.172,42.457,120,126,134,126,134,130,130,130,100,95,95,105,105,100,103,97,0,0,0,0,0,0,0,0,0,0,0,0,0,0,0,0,1
32400,8.1265,1.6731,1.7424,1.1111,3.6,8.1265,4.7111,3.4155,19.917,19.915,19.915,19.915,19.914,19.915,19.915,19.915,81.265,16.731,17.424,11.111,36,81.265,47.111,34.155,1618.6,333.19,347,221.26,716.92,1618.4,938.2,680.19,161.86,33.319,34.7,22.126,71.692,161.84,93.82,68.019,120,126,134,126,134,130,130,130,100,95,95,105,105,100,103,97,0,0,0,0,0,0,0,0,0,0,0,0,0,0,0,0,1
33000,8.1265,1.6731,1.7424,1.1111,3.6,8.1265,4.7111,3.4155,19.917,19.915,19.915,19.915,19.914,19.915,19.915,19.915,81.265,16.731,17.424,11.111,36,81.265,47.111,34.155,1618.6,333.19,347,221.26,716.92,1618.4,938.2,680.19,161.86,33.319,34.7,22.126,71.692,161.84,93.82,68.019,120,126,134,126,134,130,130,130,100,95,95,105,105,100,103,97,0,0,0,0,0,0,0,0,0,0,0,0,0,0,0,0,1
33600,8.1265,1.6731,1.7424,1.1111,3.6,8.1265,4.7111,3.4155,19.917,19.915,19.915,19.915,19.914,19.915,19.915,19.915,81.265,16.731,17.424,11.111,36,81.265,47.111,34.155,1618.6,333.19,347,221.26,716.92,1618.4,938.2,680.19,161.86,33.319,34.7,22.126,71.692,161.84,93.82,68.019,120,126,134,126,134,130,130,130,100,95,95,105,105,100,103,97,0,0,0,0,0,0,0,0,0,0,0,0,0,0,0,0,1
34200,8.1265,1.6731,1.7424,1.1111,3.6,8.1265,4.7111,3.4155,19.917,19.915,19.915,19.915,19.914,19.915,19.915,19.915,81.265,16.731,17.424,11.111,36,81.265,47.111,34.155,1618.6,333.19,347,221.26,716.92,1618.4,938.2,680.19,161.86,33.319,34.7,22.126,71.692,161.84,93.82,68.019,120,126,134,126,134,130,130,130,100,95,95,105,105,100,103,97,0,0,0,0,0,0,0,0,0,0,0,0,0,0,0,0,1
34800,8.1265,1.6731,1.7424,1.1111,3.6,8.1265,4.7111,3.4155,19.917,19.915,19.915,19.915,19.914,19.915,19.915,19.915,81.265,16.731,17.424,11.111,36,81.265,47.111,34.155,1618.6,333.19,347,221.26,716.92,1618.4,938.2,680.19,161.86,33.319,34.7,22.126,71.692,161.84,93.82,68.019,120,126,134,126,134,130,130,130,100,95,95,105,105,100,103,97,0,0,0,0,0,0,0,0,0,0,0,0,0,0,0,0,1
35400,8.1265,1.6731,1.7424,1.1111,3.6,8.1265,4.7111,3.4155,19.917,19.915,19.915,19.915,19.914,19.915,19.915,19.915,81.265,16.731,17.424,11.111,36,81.265,47.111,34.155,1618.6,333.19,347,221.26,716.92,1618.4,938.2,680.19,161.86,33.319,34.7,22.126,71.692,161.84,93.82,68.019,120,126,134,126,134,130,130,130,100,95,95,105,105,100,103,97,0,0,0,0,0,0,0,0,0,0,0,0,0,0,0,0,1
36000,10.058,2.3532,2.1662,2.3389,3.2,10.058,5.5389,4.5194,23.374,23.371,23.371,23.371,23.37,23.371,23.371,23.371,100.58,23.532,21.662,23.389,32,100.58,55.389,45.194,2351.1,549.96,506.26,546.63,747.85,2350.7,1294.5,1056.2,235.11,54.996,50.626,54.663,74.785,235.07,129.45,105.62,120,126,134,126,134,130,130,130,100,95,95,105,105,100,103,97,0,0,0,0,0,0,0,0,0,0,0,0,0,0,0,0,1
36600,10.058,2.3532,2.1662,2.3389,3.2,10.058,5.5389,4.5194,23.374,23.371,23.371,23.371,23.37,23.371,23.371,23.371,100.58,23.532,21.662,23.389,32,100.58,55.389,45.194,2351.1,549.96,506.26,546.63,747.85,2350.7,1294.5,1056.2,235.11,54.996,50.626,54.663,74.785,235.07,129.45,105.62,120,126,134,126,134,130,130,130,100,95,95,105,105,100,103,97,0,0,0,0,0,0,0,0,0,0,0,0,0,0,0,0,1
37200,10.058,2.3532,2.1662,2.3389,3.2,10.058,5.5389,4.5194,23.374,23.371,23.371,23.371,23.37,23.371,23.371,23.371,100.58,23.532,21.662,23.389,32,100.58,55.389,45.194,2351.1,549.96,506.26,546.63,747.85,2350.7,1294.5,1056.2,235.11,54.996,50.626,54.663,74.785,235.07,129.45,105.62,120,126,134,126,134,130,130,130,100,95,95,105,105,100,103,97,0,0,0,0,0,0,0,0,0,0,0,0,0,0,0,0,1
37800,10.058,2.3532,2.1662,2.3389,3.2,10.058,5.5389,4.5194,23.374,23.371,23.371,23.371,23.37,23.371,23.371,23.371,100.58,23.532,21.662,23.389,32,100.58,55.389,45.194,2351.1,549.96,506.26,546.63,747.85,2350.7,1294.5,1056.2,235.11,54.996,50.626,54.663,74.785,235.07,129.45,105.62,120,126,134,126,134,130,130,130,100,95,95,105,105,100,103,97,0,0,0,0,0,0,0,0,0,0,0,0,0,0,0,0,1
38400,10.058,2.3532,2.1662,2.3389,3.2,10.058,5.5389,4.5194,23.374,23.371,23.371,23.371,23.37,23.371,23.371,23.371,100.58,23.532,21.662,23.389,32,100.58,55.389,45.194,2351.1,549.96,506.26,546.63,747.85,2350.7,1294.5,1056.2,235.11,54.996,50.626,54.663,74.785,235.07,129.45,105.62,120,126,134,126,134,130,130,130,100,95,95,105,105,100,103,97,0,0,0,0,0,0,0,0,0,0,0,0,0,0,0,0,1
39000,10.058,2.3532,2.1662,2.3389,3.2,10.058,5.5389,4.5194,23.374,23.371,23.371,23.371,23.37,23.371,23.371,23.371,100.58,23.532,21.662,23.389,32,100.58,55.389,45.194,2351.1,549.96,506.26,546.63,747.85,2350.7,1294.5,1056.2,235.11,54.996,50.626,54.663,74.785,235.07,129.45,105.62,120,126,134,126,134,130,130,130,100,95,95,105,105,100,103,97,0,0,0,0,0,0,0,0,0,0,0,0,0,0,0,0,1
39600,12.3,2.7,2.6,3,4,12.3,7,5.3,27.957,27.952,27.952,27.952,27.952,27.953,27.952,27.952,123,27,26,30,40,123,70,53,3438.8,754.71,726.76,838.56,1118.1,3438.2,1956.6,1481.5,343.88,75.471,72.676,83.856,111.81,343.82,195.66,148.15,120,126,134,126,134,130,130,130,100,95,95,105,105,100,103,97,0,0,0,0,0,0,0,0,0,0,0,0,0,0,0,0,1
40200,12.3,2.7,2.6,3,4,12.3,7,5.3,27.957,27.952,27.952,27.952,27.952,27.953,27.952,27.952,123,27,26,30,40,123,70,53,3438.8,754.71,726.76,838.56,1118.1,3438.2,1956.6,1481.5,343.88,75.471,72.676,83.856,111.81,343.82,195.66,148.15,120,126,134,126,134,130,130,130,100,95,95,105,105,100,103,97,0,0,0,0,0,0,0,0,0,0,0,0,0,0,0,0,1
40800,12.3,2.7,2.6,3,4,12.3,7,5.3,27.957,27.952,27.952,27.952,27.952,27.953,27.952,27.952,123,27,26,30,40,123,70,53,3438.8,754.71,726.76,838.56,1118.1,3438.2,1956.6,1481.5,343.88,75.471,72.676,83.856,111.81,343.82,195.66,148.15,120,126,134,126,134,130,130,130,100,95,95,105,105,100,103,97,0,0,0,0,0,0,0,0,0,0,0,0,0,0,0,0,1
41400,12.3,2.7,2.6,3,4,12.3,7,5.3,27.957,27.952,27.952,27.952,27.952,27.953,27.952,27.952,123,27,26,30,40,123,70,53,3438.8,754.71,726.76,838.56,1118.1,3438.2,1956.6,1481.5,343.88,75.471,72.676,83.856,111.81,343.82,195.66,148.15,120,126,134,126,134,130,130,130,100,95,95,105,105,100,103,97,0,0,0,0,0,0,0,0,0,0,0,0,0,0,0,0,1
42000,12.3,2.7,2.6,3,4,12.3,7,5.3,27.957,27.952,27.952,27.952,27.952,27.953,27.952,27.952,123,27,26,30,40,123,70,53,3438.8,754.71,726.76,838.56,1118.1,3438.2,1956.6,1481.5,343.88,75.471,72.676,83.856,111.81,343.82,195.66,148.15,120,126,134,126,134,130,130,130,100,95,95,105,105,100,103,97,0,0,0,0,0,0,0,0,0,0,0,0,0,0,0,0,1
42600,12.3,2.7,2.6,3,4,12.3,7,5.3,27.957,27.952,27.952,27.952,27.952,27.953,27.952,27.952,123,27,26,30,40,123,70,53,3438.8,754.71,726.76,838.56,1118.1,3438.2,1956.6,1481.5,343.88,75.471,72.676,83.856,111.81,343.82,195.66,148.15,120,126,134,126,134,130,130,130,100,95,95,105,105,100,103,97,0,0,0,0,0,0,0,0,0,0,0,0,0,0,0,0,1
43200,12.967,2.606,3.1552,2.8056,4.4,12.967,7.2056,5.7611,30.574,30.568,30.568,30.568,30.567,30.568,30.568,30.568,129.67,26.06,31.552,28.056,44,129.67,72.056,57.611,3964.4,796.58,964.47,857.61,1345,3963.7,2202.6,1761.1,396.44,79.658,96.447,85.761,134.5,396.37,220.26,176.11,120,126,134,126,134,130,130,130,100,95,95,105,105,100,103,97,0,0,0,0,0,0,0,0,0,0,0,0,0,0,0,0,1
43800,12.967,2.606,3.1552,2.8056,4.4,12.967,7.2056,5.7611,30.574,30.568,30.568,30.568,30.567,30.568,30.568,30.568,129.67,26.06,31.552,28.056,44,129.67,72.056,57.611,3964.4,796.58,964.47,857.61,1345,3963.7,2202.6,1761.1,396.44,79.658,96.447,85.761,134.5,396.37,220.26,176.11,120,126,134,126,134,130,130,130,100,95,95,105,105,100,103,97,0,0,0,0,0,0,0,0,0,0,0,0,0,0,0,0,1
44400,12.967,2.606,3.1552,2.8056,4.4,12.967,7.2056,5.7611,30.574,30.568,30.568,30.568,30.567,30.568,30.568,30.568,129.67,26.06,31.552,28.056,44,129.67,72.056,57.611,3964.4,796.58,964.47,857.61,1345,3963.7,2202.6,1761.1,396.44,79.658,96.447,85.761,134.5,396.37,220.26,176.11,120,126,134,126,134,130,130,130,100,95,95,105,105,100,103,97,0,0,0,0,0,0,0,0,0,0,0,0,0,0,0,0,1
45000,12.967,2.606,3.1552,2.8056,4.4,12.967,7.2056,5.7611,30.574,30.568,30.568,30.568,30.567,30.568,30.568,30.568,129.67,26.06,31.552,28.056,44,129.67,72.056,57.611,3964.4,796.58,964.47,857.61,1345,3963.7,2202.6,1761.1,396.44,79.658,96.447,85.761,134.5,396.37,220.26,176.11,120,126,134,126,134,130,130,130,100,95,95,105,105,100,103,97,0,0,0,0,0,0,0,0,0,0,0,0,0,0,0,0,1
45600,12.967,2.606,3.1552,2.8056,4.4,12.967,7.2056,5.7611,30.574,30.568,30.568,30.568,30.567,30.568,30.568,30.568,129.67,26.06,31.552,28.056,44,129.67,72.056,57.611,3964.4,796.58,964.47,857.61,1345,3963.7,2202.6,1761.1,396.44,79.658,96.447,85.761,134.5,396.37,220.26,176.11,120,126,134,126,134,130,130,130,100,95,95,105,105,100,103,97,0,0,0,0,0,0,0,0,0,0,0,0,0,0,0,0,1
46200,12.967,2.606,3.1552,2.8056,4.4,12.967,7.2056,5.7611,30.574,30.568,30.568,30.568,30.567,30.568,30.568,30.568,129.67,26.06,31.552,28.056,44,129.67,72.056,57.611,3964.4,796.58,964.47,857.61,1345,3963.7,2202.6,1761.1,396.44,79.658,96.447,85.761,134.5,396.37,220.26,176.11,120,126,134,126,134,130,130,130,100,95,95,105,105,100,103,97,0,0,0,0,0,0,0,0,0,0,0,0,0,0,0,0,1
46800,12.189,2.4118,3.7332,2.4444,3.6,12.189,6.0444,6.1451,25.864,25.858,25.858,25.858,25.858,25.859,25.858,25.858,121.89,24.118,37.332,24.444,36,121.89,60.444,61.451,3152.6,623.66,965.34,632.08,930.89,3152,1563,1589,315.26,62.366,96.534,63.208,93.089,315.2,156.3,158.9,120,126,134,126,134,130,130,130,100,95,95,105,105,100,103,97,0,0,0,0,0,0,0,0,0,0,0,0,0,0,0,0,1
47400,12.189,2.4118,3.7332,2.4444,3.6,12.189,6.0444,6.1451,25.864,25.858,25.858,25.858,25.858,25.859,25.858,25.858,121.89,24.118,37.332,24.444,36,121.89,60.444,61.451,3152.6,623.66,965.34,632.08,930.89,3152,1563,1589,315.26,62.366,96.534,63.208,93.089,315.2,156.3,158.9,120,126,134,126,134,130,130,130,100,95,95,105,105,100,103,97,0,0,0,0,0,0,0,0,0,0,0,0,0,0,0,0,1
48000,12.189,2.4118,3.7332,2.4444,3.6,12.189,6.0444,6.1451,25.864,25.858,25.858,25.858,25.858,25.859,25.858,25.858,121.89,24.118,37.332,24.444,36,121.89,60.444,61.451,3152.6,623.66,965.34,632.08,930.89,3152,1563,1589,315.26,62.366,96.534,63.208,93.089,315.2,156.3,158.9,120,126,134,126,134,130,130,130,100,95,95,105,105,100,103,97,0,0,0,0,0,0,0,0,0,0,0,0,0,0,0,0,1
48600,12.189,2.4118,3.7332,2.4444,3.6,12.189,6.0444,6.1451,25.864,25.858,25.858,25.858,25.858,25.859,25.858,25.858,121.89,24.118,37.332,24.444,36,121.89,60.444,61.451,3152.6,623.66,965.34,632.08,930.89,3152,1563,1589,315.26,62.366,96.534,63.208,93.089,315.2,156.3,158.9,120,126,134,126,134,130,130,130,100,95,95,105,105,100,103,97,0,0,0,0,0,0,0,0,0,0,0,0,0,0,0,0,1
49200,12.189,2.4118,3.7332,2.4444,3.6,12.189,6.0444,6.1451,25.864,25.858,25.858,25.858,25.858,25.859,25.858,25.858,121.89,24.118,37.332,24.444,36,121.89,60.444,61.451,3152.6,623.66,965.34,632.08,930.89,3152,1563,1589,315.26,62.366,96.534,63.208,93.089,315.2,156.3,158.9,120,126,134,126,134,130,130,130,100,95,95,105,105,100,103,97,0,0,0,0,0,0,0,0,0,0,0,0,0,0,0,0,1
49800,12.189,2.4118,3.7332,2.4444,3.6,12.189,6.0444,6.1451,25.864,25.858,25.858,25.858,25.858,25.859,25.858,25.858,121.89,24.118,37.332,24.444,36,121.89,60.444,61.451,3152.6,623.66,965.34,632.08,930.89,3152,1563,1589,315.26,62.366,96.534,63.208,93.089,315.2,156.3,158.9,120,126,134,126,134,130,130,130,100,95,95,105,105,100,103,97,0,0,0,0,0,0,0,0,0,0,0,0,0,0,0,0,1
50400,10.5,2.25,4,2.25,2,10.5,4.25,6.25,16.076,16.072,16.072,16.072,16.072,16.073,16.072,16.072,105,22.5,40,22.5,20,105,42.5,62.5,1688,361.62,642.87,361.63,321.45,1687.6,683.08,1004.5,168.8,36.162,64.287,36.163,32.145,168.76,68.308,100.45,120,126,134,126,134,130,130,130,100,95,95,105,105,100,103,97,0,0,0,0,0,0,0,0,0,0,0,0,0,0,0,0,1
51000,10.5,2.25,4,2.25,2,10.5,4.25,6.25,16.076,16.072,16.072,16.072,16.072,16.073,16.072,16.072,105,22.5,40,22.5,20,105,42.5,62.5,1688,361.62,642.87,361.63,321.45,1687.6,683.08,1004.5,168.8,36.162,64.287,36.163,32.145,168.76,68.308,100.45,120,126,134,126,134,130,130,130,100,95,95,105,105,100,103,97,0,0,0,0,0,0,0,0,0,0,0,0,0,0,0,0,1
51600,10.5,2.25,4,2.25,2,10.5,4.25,6.25,16.076,16.072,16.072,16.072,16.072,16.073,16.072,16.072,105,22.5,40,22.5,20,105,42.5,62.5,1688,361.62,642.87,361.63,321.45,1687.6,683.08,1004.5,168.8,36.162,64.287,36.163,32.145,168.76,68.308,100.45,120,126,134,126,134,130,130,130,100,95,95,105,105,100,103,97,0,0,0,0,0,0,0,0,0,0,0,0,0,0,0,0,1
52200,10.5,2.25,4,2.25,2,10.5,4.25,6.25,16.076,16.072,16.072,16.072,16.072,16.073,16.072,16.072,105,22.5,40,22.5,20,105,42.5,62.5,1688,361.62,642.87,361.63,321.45,1687.6,683.08,1004.5,168.8,36.162,64.287,36.163,32.145,168.76,68.308,100.45,120,126,134,126,134,130,130,130,100,95,95,105,105,100,103,97,0,0,0,0,0,0,0,0,0,0,0,0,0,0,0,0,1
52800,10.5,2.25,4,2.25,2,10.5,4.25,6.25,16.076,16.072,16.072,16.072,16.072,16.073,16.072,16.072,105,22.5,40,22.5,20,105,42.5,62.5,1688,361.62,642.87,361.63,321.45,1687.6,683.08,1004.5,168.8,36.162,64.287,36.163,32.145,168.76,68.308,100.45,120,126,134,126,134,130,130,130,100,95,95,105,105,100,103,97,0,0,0,0,0,0,0,0,0,0,0,0,0,0,0,0,1
53400,10.5,2.25,4,2.25,2,10.5,4.25,6.25,16.076,16.072,16.072,16.072,16.072,16.073,16.072,16.072,105,22.5,40,22.5,20,105,42.5,62.5,1688,361.62,642.87,361.63,321.45,1687.6,683.08,1004.5,168.8,36.162,64.287,36.163,32.145,168.76,68.308,100.45,120,126,134,126,134,130,130,130,100,95,95,105,105,100,103,97,0,0,0,0,0,0,0,0,0,0,0,0,0,0,0,0,1
54000,9.2109,2.1712,3.5084,2.5313,1,9.2109,3.5312,5.6796,10.703,10.7,10.7,10.7,10.7,10.7,10.7,10.7,92.109,21.712,35.084,25.313,10,92.109,35.312,56.796,985.84,232.32,375.38,270.84,107,985.58,377.84,607.71,98.584,23.232,37.538,27.084,10.7,98.558,37.784,60.771,120,126,134,126,134,130,130,130,100,95,95,105,105,100,103,97,0,0,0,0,0,0,0,0,0,0,0,0,0,0,0,0,1
54600,9.2109,2.1712,3.5084,2.5313,1,9.2109,3.5312,5.6796,10.703,10.7,10.7,10.7,10.7,10.7,10.7,10.7,92.109,21.712,35.084,25.313,10,92.109,35.312,56.796,985.84,232.32,375.38,270.84,107,985.58,377.84,607.71,98.584,23.232,37.538,27.084,10.7,98.558,37.784,60.771,120,126,134,126,134,130,130,130,100,95,95,105,105,100,103,97,0,0,0,0,0,0,0,0,0,0,0,0,0,0,0,0,1
55200,9.2109,2.1712,3.5084,2.5313,1,9.2109,3.5312,5.6796,10.703,10.7,10.7,10.7,10.7,10.7,10.7,10.7,92.109,21.712,35.084,25.313,10,92.109,35.312,56.796,985.84,232.32,375.38,270.84,107,985.58,377.84,607.71,98.584,23.232,37.538,27.084,10.7,98.558,37.784,60.771,120,126,134,126,134,130,130,130,100,95,95,105,105,100,103,97,0,0,0,0,0,0,0,0,0,0,0,0,0,0,0,0,1
55800,9.2109,2.1712,3.5084,2.5313,1,9.2109,3.5312,5.6796,10.703,10.7,10.7,10.7,10.7,10.7,10.7,10.7,92.109,21.712,35.084,25.313,10,92.109,35.312,56.796,985.84,232.32,375.38,270.84,107,985.58,377.84,607.71,98.584,23.232,37.538,27.084,10.7,98.558,37.784,60.771,120,126,134,126,134,130,130,130,100,95,95,105,105,100,103,97,0,0,0,0,0,0,0,0,0,0,0,0,0,0,0,0,1
56400,9.2109,2.1712,3.5084,2.5313,1,9.2109,3.5312,5.6796,10.703,10.7,10.7,10.7,10.7,10.7,10.7,10.7,92.109,21.712,35.084,25.313,10,92.109,35.312,56.796,985.84,232.32,375.38,270.84,107,985.58,377.84,607.71,98.584,23.232,37.538,27.084,10.7,98.558,37.784,60.771,120,126,134,126,134,130,130,130,100,95,95,105,105,100,103,97,0,0,0,0,0,0,0,0,0,0,0,0,0,0,0,0,1
57000,9.2109,2.1712,3.5084,2.5313,1,9.2109,3.5312,5.6796,10.703,10.7,10.7,10.7,10.7,10.7,10.7,10.7,92.109,21.712,35.084,25.313,10,92.109,35.312,56.796,985.84,232.32,375.38,270.84,107,985.58,377.84,607.71,98.584,23.232,37.538,27.084,10.7,98.558,37.784,60.771,120,126,134,126,134,130,130,130,100,95,95,105,105,100,103,97,0,0,0,0,0,0,0,0,0,0,0,0,0,0,0,0,1
57600,8.8391,2.1167,2.5724,3.15,1,8.8391,4.15,4.689,20.115,20.112,20.112,20.112,20.112,20.112,20.112,20.112,88.391,21.167,25.724,31.5,10,88.391,41.5,46.89,1777.9,425.69,517.35,633.51,201.12,1777.7,834.64,943.05,177.79,42.569,51.735,63.351,20.112,177.77,83.464,94.305,120,126,134,126,134,130,130,130,100,95,95,105,105,100,103,97,0,0,0,0,0,0,0,0,0,0,0,0,0,0,0,0,1
58200,8.8391,2.1167,2.5724,3.15,1,8.8391,4.15,4.689,20.115,20.112,20.112,20.112,20.112,20.112,20.112,20.112,88.391,21.167,25.724,31.5,10,88.391,41.5,46.89,1777.9,425.69,517.35,633.51,201.12,1777.7,834.64,943.05,177.79,42.569,51.735,63.351,20.112,177.77,83.464,94.305,120,126,134,126,134,130,130,130,100,95,95,105,105,100,103,97,0,0,0,0,0,0,0,0,0,0,0,0,0,0,0,0,1
58800,8.8391,2.1167,2.5724,3.15,1,8.8391,4.15,4.689,20.115,20.112,20.112,20.112,20.112,20.112,20.112,20.112,88.391,21.167,25.724,31.5,10,88.391,41.5,46.89,1777.9,425.69,517.35,633.51,201.12,1777.7,834.64,943.05,177.79,42.569,51.735,63.351,20.112,177.77,83.464,94.305,120,126,134,126,134,130,130,130,100,95,95,105,105,100,103,97,0,0,0,0,0,0,0,0,0,0,0,0,0,0,0,0,1
59400,8.8391,2.1167,2.5724,3.15,1,8.8391,4.15,4.689,20.115,20.112,20.112,20.112,20.112,20.112,20.112,20.112,88.391,21.167,25.724,31.5,10,88.391,41.5,46.89,1777.9,425.69,517.35,633.51,201.12,1777.7,834.64,943.05,177.79,42.569,51.735,63.351,20.112,177.77,83.464,94.305,120,126,134,126,134,130,130,130,100,95,95,105,105,100,103,97,0,0,0,0,0,0,0,0,0,0,0,0,0,0,0,0,1
60000,8.8391,2.1167,2.5724,3.15,1,8.8391,4.15,4.689,20.115,20.112,20.112,20.112,20.112,20.112,20.112,20.112,88.391,21.167,25.724,31.5,10,88.391,41.5,46.89,1777.9,425.69,517.35,633.51,201.12,1777.7,834.64,943.05,177.79,42.569,51.735,63.351,20.112,177.77,83.464,94.305,120,126,134,126,134,130,130,130,100,95,95,105,105,100,103,97,0,0,0,0,0,0,0,0,0,0,0,0,0,0,0,0,1
60600,8.8391,2.1167,2.5724,3.15,1,8.8391,4.15,4.689,20.115,20.112,20.112,20.112,20.112,20.112,20.112,20.112,88.391,21.167,25.724,31.5,10,88.391,41.5,46.89,1777.9,425.69,517.35,633.51,201.12,1777.7,834.64,943.05,177.79,42.569,51.735,63.351,20.112,177.77,83.464,94.305,120,126,134,126,134,130,130,130,100,95,95,105,105,100,103,97,0,0,0,0,0,0,0,0,0,0,0,0,0,0,0,0,1
61200,8.8225,2.0538,2,3.7688,1,8.8225,4.7688,4.0538,34.287,34.284,34.284,34.284,34.284,34.284,34.284,34.284,88.225,20.538,20,37.688,10,88.225,47.688,40.538,3025,704.13,685.68,1292.1,342.84,3024.8,1634.9,1389.8,302.5,70.413,68.568,129.21,34.284,302.48,163.49,138.98,120,126,134,126,134,130,130,130,100,95,95,105,105,100,103,97,0,0,0,0,0,0,0,0,0,0,0,0,0,0,0,0,1
61800,8.8225,2.0538,2,3.7688,1,8.8225,4.7688,4.0538,34.287,34.284,34.284,34.284,34.284,34.284,34.284,34.284,88.225,20.538,20,37.688,10,88.225,47.688,40.538,3025,704.13,685.68,1292.1,342.84,3024.8,1634.9,1389.8,302.5,70.413,68.568,129.21,34.284,302.48,163.49,138.98,120,126,134,126,134,130,130,130,100,95,95,105,105,100,103,97,0,0,0,0,0,0,0,0,0,0,0,0,0,0,0,0,1
62400,8.8225,2.0538,2,3.7688,1,8.8225,4.7688,4.0538,34.287,34.284,34.284,34.284,34.284,34.284,34.284,34.284,88.225,20.538,20,37.688,10,88.225,47.688,40.538,3025,704.13,685.68,1292.1,342.84,3024.8,1634.9,1389.8,302.5,70.413,68.568,129.21,34.284,302.48,163.49,138.98,120,126,134,126,134,130,130,130,100,95,95,105,105,100,103,97,0,0,0,0,0,0,0,0,0,0,0,0,0,0,0,0,1
63000,8.8225,2.0538,2,3.7688,1,8.8225,4.7688,4.0538,34.287,34.284,34.284,34.284,34.284,34.284,34.284,34.284,88.225,20.538,20,37.688,10,88.225,47.688,40.538,3025,704.13,685.68,1292.1,342.84,3024.8,1634.9,1389.8,302.5,70.413,68.568,129.21,34.284,302.48,163.49,138.98,120,126,134,126,134,130,130,130,100,95,95,105,105,100,103,97,0,0,0,0,0,0,0,0,0,0,0,0,0,0,0,0,1
63600,8.8225,2.0538,2,3.7688,1,8.8225,4.7688,4.0538,34.287,34.284,34.284,34.284,34.284,34.284,34.284,34.284,88.225,20.538,20,37.688,10,88.225,47.688,40.538,3025,704.13,685.68,1292.1,342.84,3024.8,1634.9,1389.8,302.5,70.413,68.568,129.21,34.284,302.48,163.49,138.98,120,126,134,126,134,130,130,130,100,95,95,105,105,100,103,97,0,0,0,0,0,0,0,0,0,0,0,0,0,0,0,0,1
64200,8.8225,2.0538,2,3.7688,1,8.8225,4.7688,4.0538,34.287,34.284,34.284,34.284,34.284,34.284,34.284,34.284,88.225,20.538,20,37.688,10,88.225,47.688,40.538,3025,704.13,685.68,1292.1,342.84,3024.8,1634.9,1389.8,302.5,70.413,68.568,129.21,34.284,302.48,163.49,138.98,120,126,134,126,134,130,130,130,100,95,95,105,105,100,103,97,0,0,0,0,0,0,0,0,0,0,0,0,0,0,0,0,1
64800,9.7196,1.95,1.9196,4.05,1.8,9.7196,5.85,3.8696,41.205,41.202,41.202,41.201,41.201,41.202,41.201,41.202,97.196,19.5,19.196,40.5,18,97.196,58.5,38.696,4005,803.43,790.9,1668.6,741.62,4004.6,2410.3,1594.3,400.5,80.343,79.09,166.86,74.162,400.46,241.03,159.43,120,126,134,126,134,130,130,130,100,95,95,105,105,100,103,97,0,0,0,0,0,0,0,0,0,0,0,0,0,0,0,0,1
65400,9.7196,1.95,1.9196,4.05,1.8,9.7196,5.85,3.8696,41.205,41.202,41.202,41.201,41.201,41.202,41.201,41.202,97.196,19.5,19.196,40.5,18,97.196,58.5,38.696,4005,803.43,790.9,1668.6,741.62,4004.6,2410.3,1594.3,400.5,80.343,79.09,166.86,74.162,400.46,241.03,159.43,120,126,134,126,134,130,130,130,100,95,95,105,105,100,103,97,0,0,0,0,0,0,0,0,0,0,0,0,0,0,0,0,1
66000,9.7196,1.95,1.9196,4.05,1.8,9.7196,5.85,3.8696,41.205,41.202,41.202,41.201,41.201,41.202,41.201,41.202,97.196,19.5,19.196,40.5,18,97.196,58.5,38.696,4005,803.43,790.9,1668.6,741.62,4004.6,2410.3,1594.3,400.5,80.343,79.09,166.86,74.162,400.46,241.03,159.43,120,126,134,126,134,130,130,130,100,95,95,105,105,100,103,97,0,0,0,0,0,0,0,0,0,0,0,0,0,0,0,0,1
66600,9.7196,1.95,1.9196,4.05,1.8,9.7196,5.85,3.8696,41.205,41.202,41.202,41.201,41.201,41.202,41.201,41.202,97.196,19.5,19.196,40.5,18,97.196,58.5,38.696,4005,803.43,790.9,1668.6,741.62,4004.6,2410.3,1594.3,400.5,80.343,79.09,166.86,74.162,400.46,241.03,159.43,120,126,134,126,134,130,130,130,100,95,95,105,105,100,103,97,0,0,0,0,0,0,0,0,0,0,0,0,0,0,0,0,1
67200,9.7196,1.95,1.9196,4.05,1.8,9.7196,5.85,3.8696,41.205,41.202,41.202,41.201,41.201,41.202,41.201,41.202,97.196,19.5,19.196,40.5,18,97.196,58.5,38.696,4005,803.43,790.9,1668.6,741.62,4004.6,2410.3,1594.3,400.5,80.343,79.09,166.86,74.162,400.46,241.03,159.43,120,126,134,126,134,130,130,130,100,95,95,105,105,100,103,97,0,0,0,0,0,0,0,0,0,0,0,0,0,0,0,0,1
67800,9.7196,1.95,1.9196,4.05,1.8,9.7196,5.85,3.8696,41.205,41.202,41.202,41.201,41.201,41.202,41.201,41.202,97.196,19.5,19.196,40.5,18,97.196,58.5,38.696,4005,803.43,790.9,1668.6,741.62,4004.6,2410.3,1594.3,400.5,80.343,79.09,166.86,74.162,400.46,241.03,159.43,120,126,134,126,134,130,130,130,100,95,95,105,105,100,103,97,0,0,0,0,0,0,0,0,0,0,0,0,0,0,0,0,1
68400,8.7328,1.5824,1.8758,2.6746,2.6,8.7328,5.2747,3.4581,37.631,37.628,37.628,37.628,37.628,37.628,37.628,37.628,87.328,15.824,18.758,26.746,26,87.328,52.747,34.581,3286.2,595.41,705.83,1006.4,978.33,3286,1984.8,1301.2,328.62,59.541,70.583,100.64,97.833,328.6,198.48,130.12,120,126,134,126,134,130,130,130,100,95,95,105,105,100,103,97,0,0,0,0,0,0,0,0,0,0,0,0,0,0,0,0,1
69000,8.7328,1.5824,1.8758,2.6746,2.6,8.7328,5.2747,3.4581,37.631,37.628,37.628,37.628,37.628,37.628,37.628,37.628,87.328,15.824,18.758,26.746,26,87.328,52.747,34.581,3286.2,595.41,705.83,1006.4,978.33,3286,1984.8,1301.2,328.62,59.541,70.583,100.64,97.833,328.6,198.48,130.12,120,126,134,126,134,130,130,130,100,95,95,105,105,100,103,97,0,0,0,0,0,0,0,0,0,0,0,0,0,0,0,0,1
69600,8.7328,1.5824,1.8758,2.6746,2.6,8.7328,5.2747,3.4581,37.631,37.628,37.628,37.628,37.628,37.628,37.628,37.628,87.328,15.824,18.758,26.746,26,87.328,52.747,34.581,3286.2,595.41,705.83,1006.4,978.33,3286,1984.8,1301.2,328.62,59.541,70.583,100.64,97.833,328.6,198.48,130.12,120,126,134,126,134,130,130,130,100,95,95,105,105,100,103,97,0,0,0,0,0,0,0,0,0,0,0,0,0,0,0,0,1
70200,8.7328,1.5824,1.8758,2.6746,2.6,8.7328,5.2747,3.4581,37.631,37.628,37.628,37.628,37.628,37.628,37.628,37.628,87.328,15.824,18.758,26.746,26,87.328,52.747,34.581,3286.2,595.41,705.83,1006.4,978.33,3286,1984.8,1301.2,328.62,59.541,70.583,100.64,97.833,328.6,198.48,130.12,120,126,134,126,134,130,130,130,100,95,95,105,105,100,103,97,0,0,0,0,0,0,0,0,0,0,0,0,0,0,0,0,1
70800,8.7328,1.5824,1.8758,2.6746,2.6,8.7328,5.2747,3.4581,37.631,37.628,37.628,37.628,37.628,37.628,37.628,37.628,87.328,15.824,18.758,26.746,26,87.328,52.747,34.581,3286.2,595.41,705.83,1006.4,978.33,3286,1984.8,1301.2,328.62,59.541,70.583,100.64,97.833,328.6,198.48,130.12,120,126,134,126,134,130,130,130,100,95,95,105,105,100,103,97,0,0,0,0,0,0,0,0,0,0,0,0,0,0,0,0,1
71400,8.7328,1.5824,1.8758,2.6746,2.6,8.7328,5.2747,3.4581,37.631,37.628,37.628,37.628,37.628,37.628,37.628,37.628,87.328,15.824,18.758,26.746,26,87.328,52.747,34.581,3286.2,595.41,705.83,1006.4,978.33,3286,1984.8,1301.2,328.62,59.541,70.583,100.64,97.833,328.6,198.48,130.12,120,126,134,126,134,130,130,130,100,95,95,105,105,100,103,97,0,0,0,0,0,0,0,0,0,0,0,0,0,0,0,0,1
72000,7.2,1.2,1.8,1.2,3,7.2,4.2,3,31.642,31.64,31.64,31.64,31.64,31.64,31.64,31.64,72,12,18,12,30,72,42,30,2278.2,379.68,569.52,379.68,949.19,2278.1,1328.9,949.2,227.82,37.968,56.952,37.968,94.919,227.81,132.89,94.92,120,126,134,126,134,130,130,130,100,95,95,105,105,100,103,97,0,0,0,0,0,0,0,0,0,0,0,0,0,0,0,0,1
72600,7.2,1.2,1.8,1.2,3,7.2,4.2,3,31.642,31.64,31.64,31.64,31.64,31.64,31.64,31.64,72,12,18,12,30,72,42,30,2278.2,379.68,569.52,379.68,949.19,2278.1,1328.9,949.2,227.82,37.968,56.952,37.968,94.919,227.81,132.89,94.92,120,126,134,126,134,130,130,130,100,95,95,105,105,100,103,97,0,0,0,0,0,0,0,0,0,0,0,0,0,0,0,0,1
73200,7.2,1.2,1.8,1.2,3,7.2,4.2,3,31.642,31.64,31.64,31.64,31.64,31.64,31.64,31.64,72,12,18,12,30,72,42,30,2278.2,379.68,569.52,379.68,949.19,2278.1,1328.9,949.2,227.82,37.968,56.952,37.968,94.919,227.81,132.89,94.92,120,126,134,126,134,130,130,130,100,95,95,105,105,100,103,97,0,0,0,0,0,0,0,0,0,0,0,0,0,0,0,0,1
73800,7.2,1.2,1.8,1.2,3,7.2,4.2,3,31.642,31.64,31.64,31.64,31.64,31.64,31.64,31.64,72,12,18,12,30,72,42,30,2278.2,379.68,569.52,379.68,949.19,2278.1,1328.9,949.2,227.82,37.968,56.952,37.968,94.919,227.81,132.89,94.92,120,126,134,126,134,130,130,130,100,95,95,105,105,100,103,97,0,0,0,0,0,0,0,0,0,0,0,0,0,0,0,0,1
74400,7.2,1.2,1.8,1.2,3,7.2,4.2,3,31.642,31.64,31.64,31.64,31.64,31.64,31.64,31.64,72,12,18,12,30,72,42,30,2278.2,379.68,569.52,379.68,949.19,2278.1,1328.9,949.2,227.82,37.968,56.952,37.968,94.919,227.81,132.89,94.92,120,126,134,126,134,130,130,130,100,95,95,105,105,100,103,97,0,0,0,0,0,0,0,0,0,0,0,0,0,0,0,0,1
75000,7.2,1.2,1.8,1.2,3,7.2,4.2,3,31.642,31.64,31.64,31.64,31.64,31.64,31.64,31.64,72,12,18,12,30,72,42,30,2278.2,379.68,569.52,379.68,949.19,2278.1,1328.9,949.2,227.82,37.968,56.952,37.968,94.919,227.81,132.89,94.92,120,126,134,126,134,130,130,130,100,95,95,105,105,100,103,97,0,0,0,0,0,0,0,0,0,0,0,0,0,0,0,0,1
75600,7.4474,1.0493,1.564,1.0341,3.8,7.4474,4.8341,2.6133,32.261,32.259,32.259,32.259,32.258,32.259,32.259,32.259,74.474,10.493,15.64,10.341,38,74.474,48.341,26.133,2402.6,338.48,504.53,333.59,1225.8,2402.4,1559.4,843,240.26,33.848,50.453,33.359,122.58,240.24,155.94,84.3,120,126,134,126,134,130,130,130,100,95,95,105,105,100,103,97,0,0,0,0,0,0,0,0,0,0,0,0,0,0,0,0,1
76200,7.4474,1.0493,1.564,1.0341,3.8,7.4474,4.8341,2.6133,32.261,32.259,32.259,32.259,32.258,32.259,32.259,32.259,74.474,10.493,15.64,10.341,38,74.474,48.341,26.133,2402.6,338.48,504.53,333.59,1225.8,2402.4,1559.4,843,240.26,33.848,50.453,33.359,122.58,240.24,155.94,84.3,120,126,134,126,134,130,130,130,100,95,95,105,105,100,103,97,0,0,0,0,0,0,0,0,0,0,0,0,0,0,0,0,1
76800,7.4474,1.0493,1.564,1.0341,3.8,7.4474,4.8341,2.6133,32.261,32.259,32.259,32.259,32.258,32.259,32.259,32.259,74.474,10.493,15.64,10.341,38,74.474,48.341,26.133,2402.6,338.48,504.53,333.59,1225.8,2402.4,1559.4,843,240.26,33.848,50.453,33.359,122.58,240.24,155.94,84.3,120,126,134,126,134,130,130,130,100,95,95,105,105,100,103,97,0,0,0,0,0,0,0,0,0,0,0,0,0,0,0,0,1
77400,7.4474,1.0493,1.564,1.0341,3.8,7.4474,4.8341,2.6133,32.261,32.259,32.259,32.259,32.258,32.259,32.259,32.259,74.474,10.493,15.64,10.341,38,74.474,48.341,26.133,2402.6,338.48,504.53,333.59,1225.8,2402.4,1559.4,843,240.26,33.848,50.453,33.359,122.58,240.24,155.94,84.3,120,126,134,126,134,130,130,130,100,95,95,105,105,100,103,97,0,0,0,0,0,0,0,0,0,0,0,0,0,0,0,0,1
78000,7.4474,1.0493,1.564,1.0341,3.8,7.4474,4.8341,2.6133,32.261,32.259,32.259,32.259,32.258,32.259,32.259,32.259,74.474,10.493,15.64,10.341,38,74.474,48.341,26.133,2402.6,338.48,504.53,333.59,1225.8,2402.4,1559.4,843,240.26,33.848,50.453,33.359,122.58,240.24,155.94,84.3,120,126,134,126,134,130,130,130,100,95,95,105,105,100,103,97,0,0,0,0,0,0,0,0,0,0,0,0,0,0,0,0,1
78600,7.4474,1.0493,1.564,1.0341,3.8,7.4474,4.8341,2.6133,32.261,32.259,32.259,32.259,32.258,32.259,32.259,32.259,74.474,10.493,15.64,10.341,38,74.474,48.341,26.133,2402.6,338.48,504.53,333.59,1225.8,2402.4,1559.4,843,240.26,33.848,50.453,33.359,122.58,240.24,155.94,84.3,120,126,134,126,134,130,130,130,100,95,95,105,105,100,103,97,0,0,0,0,0,0,0,0,0,0,0,0,0,0,0,0,1
79200,6.0126,0.94125,1.1376,0.93375,3,6.0126,3.9338,2.0789,37.082,37.08,37.08,37.08,37.08,37.08,37.08,37.08,60.126,9.4125,11.376,9.3375,30,60.126,39.338,20.789,2229.6,349.02,421.83,346.24,1112.4,2229.5,1458.6,770.85,222.96,34.902,42.183,34.624,111.24,222.95,145.86,77.085,120,126,134,126,134,130,130,130,100,95,95,105,105,100,103,97,0,0,0,0,0,0,0,0,0,0,0,0,0,0,0,0,1
79800,6.0126,0.94125,1.1376,0.93375,3,6.0126,3.9338,2.0789,37.082,37.08,37.08,37.08,37.08,37.08,37.08,37.08,60.126,9.4125,11.376,9.3375,30,60.126,39.338,20.789,2229.6,349.02,421.83,346.24,1112.4,2229.5,1458.6,770.85,222.96,34.902,42.183,34.624,111.24,222.95,145.86,77.085,120,126,134,126,134,130,130,130,100,95,95,105,105,100,103,97,0,0,0,0,0,0,0,0,0,0,0,0,0,0,0,0,1
80400,6.0126,0.94125,1.1376,0.93375,3,6.0126,3.9338,2.0789,37.082,37.08,37.08,37.08,37.08,37.08,37.08,37.08,60.126,9.4125,11.376,9.3375,30,60.126,39.338,20.789,2229.6,349.02,421.83,346.24,1112.4,2229.5,1458.6,770.85,222.96,34.902,42.183,34.624,111.24,222.95,145.86,77.085,120,126,134,126,134,130,130,130,100,95,95,105,105,100,103,97,0,0,0,0,0,0,0,0,0,0,0,0,0,0,0,0,1
81000,6.0126,0.94125,1.1376,0.93375,3,6.0126,3.9338,2.0789,37.082,37.08,37.08,37.08,37.08,37.08,37.08,37.08,60.126,9.4125,11.376,9.3375,30,60.126,39.338,20.789,2229.6,349.02,421.83,346.24,1112.4,2229.5,1458.6,770.85,222.96,34.902,42.183,34.624,111.24,222.95,145.86,77.085,120,126,134,126,134,130,130,130,100,95,95,105,105,100,103,97,0,0,0,0,0,0,0,0,0,0,0,0,0,0,0,0,1
81600,6.0126,0.94125,1.1376,0.93375,3,6.0126,3.9338,2.0789,37.082,37.08,37.08,37.08,37.08,37.08,37.08,37.08,60.126,9.4125,11.376,9.3375,30,60.126,39.338,20.789,2229.6,349.02,421.83,346.24,1112.4,2229.5,1458.6,770.85,222.96,34.902,42.183,34.624,111.24,222.95,145.86,77.085,120,126,134,126,134,130,130,130,100,95,95,105,105,100,103,97,0,0,0,0,0,0,0,0,0,0,0,0,0,0,0,0,1
82200,6.0126,0.94125,1.1376,0.93375,3,6.0126,3.9338,2.0789,37.082,37.08,37.08,37.08,37.08,37.08,37.08,37.08,60.126,9.4125,11.376,9.3375,30,60.126,39.338,20.789,2229.6,349.02,421.83,346.24,1112.4,2229.5,1458.6,770.85,222.96,34.902,42.183,34.624,111.24,222.95,145.86,77.085,120,126,134,126,134,130,130,130,100,95,95,105,105,100,103,97,0,0,0,0,0,0,0,0,0,0,0,0,0,0,0,0,1
82800,3.8,0.9,0.6,0.9,1.4,3.8,2.3,1.5,44.368,44.367,44.367,44.367,44.367,44.367,44.367,44.367,38,9,6,9,14,38,23,15,1686,399.3,266.2,399.3,621.14,1686,1020.4,665.51,168.6,39.93,26.62,39.93,62.114,168.6,102.04,66.551,120,126,134,126,134,130,130,130,100,95,95,105,105,100,103,97,0,0,0,0,0,0,0,0,0,0,0,0,0,0,0,0,1
83400,3.8,0.9,0.6,0.9,1.4,3.8,2.3,1.5,44.368,44.367,44.367,44.367,44.367,44.367,44.367,44.367,38,9,6,9,14,38,23,15,1686,399.3,266.2,399.3,621.14,1686,1020.4,665.51,168.6,39.93,26.62,39.93,62.114,168.6,102.04,66.551,120,126,134,126,134,130,130,130,100,95,95,105,105,100,103,97,0,0,0,0,0,0,0,0,0,0,0,0,0,0,0,0,1
84000,3.8,0.9,0.6,0.9,1.4,3.8,2.3,1.5,44.368,44.367,44.367,44.367,44.367,44.367,44.367,44.367,38,9,6,9,14,38,23,15,1686,399.3,266.2,399.3,621.14,1686,1020.4,665.51,168.6,39.93,26.62,39.93,62.114,168.6,102.04,66.551,120,126,134,126,134,130,130,130,100,95,95,105,105,100,103,97,0,0,0,0,0,0,0,0,0,0,0,0,0,0,0,0,1
84600,3.8,0.9,0.6,0.9,1.4,3.8,2.3,1.5,44.368,44.367,44.367,44.367,44.367,44.367,44.367,44.367,38,9,6,9,14,38,23,15,1686,399.3,266.2,399.3,621.14,1686,1020.4,665.51,168.6,39.93,26.62,39.93,62.114,168.6,102.04,66.551,120,126,134,126,134,130,130,130,100,95,95,105,105,100,103,97,0,0,0,0,0,0,0,0,0,0,0,0,0,0,0,0,1
85200,3.8,0.9,0.6,0.9,1.4,3.8,2.3,1.5,44.368,44.367,44.367,44.367,44.367,44.367,44.367,44.367,38,9,6,9,14,38,23,15,1686,399.3,266.2,399.3,621.14,1686,1020.4,665.51,168.6,39.93,26.62,39.93,62.114,168.6,102.04,66.551,120,126,134,126,134,130,130,130,100,95,95,105,105,100,103,97,0,0,0,0,0,0,0,0,0,0,0,0,0,0,0,0,1
85800,3.8,0.9,0.6,0.9,1.4,3.8,2.3,1.5,44.368,44.367,44.367,44.367,44.367,44.367,44.367,44.367,38,9,6,9,14,38,23,15,1686,399.3,266.2,399.3,621.14,1686,1020.4,665.51,168.6,39.93,26.62,39.93,62.114,168.6,102.04,66.551,120,126,134,126,134,130,130,130,100,95,95,105,105,100,103,97,0,0,0,0,0,0,0,0,0,0,0,0,0,0,0,0,1
86400,3,0.45,0.8,0.75,1,3,1.75,1.25,23.024,23.024,23.024,23.024,23.024,23.024,23.024,23.024,30,4.5,8,7.5,10,30,17.5,12.5,690.72,103.61,184.19,172.68,230.24,690.71,402.92,287.8,69.072,10.361,18.419,17.268,23.024,69.071,40.292,28.78,120,126,134,126,134,130,130,130,100,95,95,105,105,100,103,97,0,0,0,0,0,0,0,0,0,0,0,0,0,0,0,0,1
