0,3.05,0.75,1,0.3,1,3.05,1.3,1.75,46.673,46.335,46.325,46.359,46.339,46.379,46.361,46.348,30.5,7.5,10,3,10,30.5,13,17.5,1423.5,347.51,463.25,139.08,463.39,1414.6,602.69,811.08,142.35,34.751,46.325,13.908,46.339,141.46,60.269,81.108,10200,16200,24200,16200,24200,20200,20200,20200,10000,5000,5000,15000,15000,10000,13000,7000,0,0,0,0,0,0,0,0,0,0,0,0,0,0,0,0,1
600,3.05,0.75,1,0.3,1,3.05,1.3,1.75,46.673,46.335,46.325,46.359,46.339,46.379,46.361,46.348,30.5,7.5,10,3,10,30.5,13,17.5,1423.5,347.51,463.25,139.08,463.39,1414.6,602.69,811.08,142.35,34.751,46.325,13.908,46.339,141.46,60.269,81.108,10200,16200,24200,16200,24200,20200,20200,20200,10000,5000,5000,15000,15000,10000,13000,7000,0,0,0,0,0,0,0,0,0,0,0,0,0,0,0,0,1
1200,3.05,0.75,1,0.3,1,3.05,1.3,1.75,46.673,46.335,46.325,46.359,46.339,46.379,46.361,46.348,30.5,7.5,10,3,10,30.5,13,17.5,1423.5,347.51,463.25,139.08,463.39,1414.6,602.69,811.08,142.35,34.751,46.325,13.908,46.339,141.46,60.269,81.108,10200,16200,24200,16200,24200,20200,20200,20200,10000,5000,5000,15000,15000,10000,13000,7000,0,0,0,0,0,0,0,0,0,0,0,0,0,0,0,0,1
1800,3.05,0.75,1,0.3,1,3.05,1.3,1.75,46.673,46.335,46.325,46.359,46.339,46.379,46.361,46.348,30.5,7.5,10,3,10,30.5,13,17.5,1423.5,347.51,463.25,139.08,463.39,1414.6,602.69,811.08,142.35,34.751,46.325,13.908,46.339,141.46,60.269,81.108,10200,16200,24200,16200,24200,20200,20200,20200,10000,5000,5000,15000,15000,10000,13000,7000,0,0,0,0,0,0,0,0,0,0,0,0,0,0,0,0,1
2400,3.05,0.75,1,0.3,1,3.05,1.3,1.75,46.673,46.335,46.325,46.359,46.339,46.379,46.361,46.348,30.5,7.5,10,3,10,30.5,13,17.5,1423.5,347.51,463.25,139.08,463.39,1414.6,602.69,811.08,142.35,34.751,46.325,13.908,46.339,141.46,60.269,81.108,10200,16200,24200,16200,24200,20200,20200,20200,10000,5000,5000,15000,15000,10000,13000,7000,0,0,0,0,0,0,0,0,0,0,0,0,0,0,0,0,1
3000,3.05,0.75,1,0.3,1,3.05,1.3,1.75,46.673,46.335,46.325,46.359,46.339,46.379,46.361,46.348,30.5,7.5,10,3,10,30.5,13,17.5,1423.5,347.51,463.25,139.08,463.39,1414.6,602.69,811.08,142.35,34.751,46.325,13.908,46.339,141.46,60.269,81.108,10200,16200,24200,16200,24200,20200,20200,20200,10000,5000,5000,15000,15000,10000,13000,7000,0,0,0,0,0,0,0,0,0,0,0,0,0,0,0,0,1
3600,2.7996,0.6399,0.8532,0.4533,0.8532,2.7996,1.3065,1.4931,52.126,51.842,51.835,51.852,51.84,51.875,51.857,51.852,27.996,6.399,8.532,4.533,8.532,27.996,13.065,14.931,1459.3,331.74,442.26,235.05,442.3,1452.3,677.51,774.2,145.93,33.174,44.226,23.505,44.23,145.23,67.751,77.42,10200,16200,24200,16200,24200,20200,20200,20200,10000,5000,5000,15000,15000,10000,13000,7000,0,0,0,0,0,0,0,0,0,0,0,0,0,0,0,0,1
4200,2.7996,0.6399,0.8532,0.4533,0.8532,2.7996,1.3065,1.4931,52.126,51.842,51.835,51.852,51.84,51.875,51.857,51.852,27.996,6.399,8.532,4.533,8.532,27.996,13.065,14.931,1459.3,331.74,442.26,235.05,442.3,1452.3,677.51,774.2,145.93,33.174,44.226,23.505,44.23,145.23,67.751,77.42,10200,16200,24200,16200,24200,20200,20200,20200,10000,5000,5000,15000,15000,10000,13000,7000,0,0,0,0,0,0,0,0,0,0,0,0,0,0,0,0,1
4800,2.7996,0.6399,0.8532,0.4533,0.8532,2.7996,1.3065,1.4931,52.126,51.842,51.835,51.852,51.84,51.875,51.857,51.852,27.996,6.399,8.532,4.533,8.532,27.996,13.065,14.931,1459.3,331.74,442.26,235.05,442.3,1452.3,677.51,774.2,145.93,33.174,44.226,23.505,44.23,145.23,67.751,77.42,10200,16200,24200,16200,24200,20200,20200,20200,10000,5000,5000,15000,15000,10000,13000,7000,0,0,0,0,0,0,0,0,0,0,0,0,0,0,0,0,1
5400,2.7996,0.6399,0.8532,0.4533,0.8532,2.7996,1.3065,1.4931,52.126,51.842,51.835,51.852,51.84,51.875,51.857,51.852,27.996,6.399,8.532,4.533,8.532,27.996,13.065,14.931,1459.3,331.74,442.26,235.05,442.3,1452.3,677.51,774.2,145.93,33.174,44.226,23.505,44.23,145.23,67.751,77.42,10200,16200,24200,16200,24200,20200,20200,20200,10000,5000,5000,15000,15000,10000,13000,7000,0,0,0,0,0,0,0,0,0,0,0,0,0,0,0,0,1
6000,2.7996,0.6399,0.8532,0.4533,0.8532,2.7996,1.3065,1.4931,52.126,51.842,51.835,51.852,51.84,51.875,51.857,51.852,27.996,6.399,8.532,4.533,8.532,27.996,13.065,14.931,1459.3,331.74,442.26,235.05,442.3,1452.3,677.51,774.2,145.93,33.174,44.226,23.505,44.23,145.23,67.751,77.42,10200,16200,24200,16200,24200,20200,20200,20200,10000,5000,5000,15000,15000,10000,13000,7000,0,0,0,0,0,0,0,0,0,0,0,0,0,0,0,0,1
6600,2.7996,0.6399,0.8532,0.4533,0.8532,2.7996,1.3065,1.4931,52.126,51.842,51.835,51.852,51.84,51.875,51.857,51.852,27.996,6.399,8.532,4.533,8.532,27.996,13.065,14.931,1459.3,331.74,442.26,235.05,442.3,1452.3,677.51,774.2,145.93,33.174,44.226,23.505,44.23,145.23,67.751,77.42,10200,16200,24200,16200,24200,20200,20200,20200,10000,5000,5000,15000,15000,10000,13000,7000,0,0,0,0,0,0,0,0,0,0,0,0,0,0,0,0,1
7200,2.607,0.54375,0.725,0.6132,0.725,2.607,1.3382,1.2687,54.767,54.523,54.518,54.519,54.516,54.547,54.528,54.53,26.07,5.4375,7.25,6.132,7.25,26.07,13.382,12.687,1427.7,296.47,395.25,334.31,395.24,1422,729.7,691.85,142.77,29.647,39.525,33.431,39.524,142.2,72.97,69.185,10200,16200,24200,16200,24200,20200,20200,20200,10000,5000,5000,15000,15000,10000,13000,7000,0,0,0,0,0,0,0,0,0,0,0,0,0,0,0,0,1
7800,2.607,0.54375,0.725,0.6132,0.725,2.607,1.3382,1.2687,54.767,54.523,54.518,54.519,54.516,54.547,54.528,54.53,26.07,5.4375,7.25,6.132,7.25,26.07,13.382,12.687,1427.7,296.47,395.25,334.31,395.24,1422,729.7,691.85,142.77,29.647,39.525,33.431,39.524,142.2,72.97,69.185,10200,16200,24200,16200,24200,20200,20200,20200,10000,5000,5000,15000,15000,10000,13000,7000,0,0,0,0,0,0,0,0,0,0,0,0,0,0,0,0,1
8400,2.607,0.54375,0.725,0.6132,0.725,2.607,1.3382,1.2687,54.767,54.523,54.518,54.519,54.516,54.547,54.528,54.53,26.07,5.4375,7.25,6.132,7.25,26.07,13.382,12.687,1427.7,296.47,395.25,334.31,395.24,1422,729.7,691.85,142.77,29.647,39.525,33.431,39.524,142.2,72.97,69.185,10200,16200,24200,16200,24200,20200,20200,20200,10000,5000,5000,15000,15000,10000,13000,7000,0,0,0,0,0,0,0,0,0,0,0,0,0,0,0,0,1
9000,2.607,0.54375,0.725,0.6132,0.725,2.607,1.3382,1.2687,54.767,54.523,54.518,54.519,54.516,54.547,54.528,54.53,26.07,5.4375,7.25,6.132,7.25,26.07,13.382,12.687,1427.7,296.47,395.25,334.31,395.24,1422,729.7,691.85,142.77,29.647,39.525,33.431,39.524,142.2,72.97,69.185,10200,16200,24200,16200,24200,20200,20200,20200,10000,5000,5000,15000,15000,10000,13000,7000,0,0,0,0,0,0,0,0,0,0,0,0,0,0,0,0,1
9600,2.607,0.54375,0.725,0.6132,0.725,2.607,1.3382,1.2687,54.767,54.523,54.518,54.519,54.516,54.547,54.528,54.53,26.07,5.4375,7.25,6.132,7.25,26.07,13.382,12.687,1427.7,296.47,395.25,334.31,395.24,1422,729.7,691.85,142.77,29.647,39.525,33.431,39.524,142.2,72.97,69.185,10200,16200,24200,16200,24200,20200,20200,20200,10000,5000,5000,15000,15000,10000,13000,7000,0,0,0,0,0,0,0,0,0,0,0,0,0,0,0,0,1
10200,2.607,0.54375,0.725,0.6132,0.725,2.607,1.3382,1.2687,54.767,54.523,54.518,54.519,54.516,54.547,54.528,54.53,26.07,5.4375,7.25,6.132,7.25,26.07,13.382,12.687,1427.7,296.47,395.25,334.31,395.24,1422,729.7,691.85,142.77,29.647,39.525,33.431,39.524,142.2,72.97,69.185,10200,16200,24200,16200,24200,20200,20200,20200,10000,5000,5000,15000,15000,10000,13000,7000,0,0,0,0,0,0,0,0,0,0,0,0,0,0,0,0,1
10800,2.5239,0.4758,0.6344,0.77925,0.6344,2.5239,1.4136,1.1102,55.545,55.319,55.315,55.303,55.308,55.338,55.317,55.325,25.239,4.758,6.344,7.7925,6.344,25.239,14.136,11.102,1401.9,263.21,350.92,430.95,350.87,1396.7,781.99,614.22,140.19,26.321,35.092,43.095,35.087,139.67,78.199,61.422,10200,16200,24200,16200,24200,20200,20200,20200,10000,5000,5000,15000,15000,10000,13000,7000,0,0,0,0,0,0,0,0,0,0,0,0,0,0,0,0,1
11400,2.5239,0.4758,0.6344,0.77925,0.6344,2.5239,1.4136,1.1102,55.545,55.319,55.315,55.303,55.308,55.338,55.317,55.325,25.239,4.758,6.344,7.7925,6.344,25.239,14.136,11.102,1401.9,263.21,350.92,430.95,350.87,1396.7,781.99,614.22,140.19,26.321,35.092,43.095,35.087,139.67,78.199,61.422,10200,16200,24200,16200,24200,20200,20200,20200,10000,5000,5000,15000,15000,10000,13000,7000,0,0,0,0,0,0,0,0,0,0,0,0,0,0,0,0,1
12000,2.5239,0.4758,0.6344,0.77925,0.6344,2.5239,1.4136,1.1102,55.545,55.319,55.315,55.303,55.308,55.338,55.317,55.325,25.239,4.758,6.344,7.7925,6.344,25.239,14.136,11.102,1401.9,263.21,350.92,430.95,350.87,1396.7,781.99,614.22,140.19,26.321,35.092,43.095,35.087,139.67,78.199,61.422,10200,16200,24200,16200,24200,20200,20200,20200,10000,5000,5000,15000,15000,10000,13000,7000,0,0,0,0,0,0,0,0,0,0,0,0,0,0,0,0,1
12600,2.5239,0.4758,0.6344,0.77925,0.6344,2.5239,1.4136,1.1102,55.545,55.319,55.315,55.303,55.308,55.338,55.317,55.325,25.239,4.758,6.344,7.7925,6.344,25.239,14.136,11.102,1401.9,263.21,350.92,430.95,350.87,1396.7,781.99,614.22,140.19,26.321,35.092,43.095,35.087,139.67,78.199,61.422,10200,16200,24200,16200,24200,20200,20200,20200,10000,5000,5000,15000,15000,10000,13000,7000,0,0,0,0,0,0,0,0,0,0,0,0,0,0,0,0,1
13200,2.5239,0.4758,0.6344,0.77925,0.6344,2.5239,1.4136,1.1102,55.545,55.319,55.315,55.303,55.308,55.338,55.317,55.325,25.239,4.758,6.344,7.7925,6.344,25.239,14.136,11.102,1401.9,263.21,350.92,430.95,350.87,1396.7,781.99,614.22,140.19,26.321,35.092,43.095,35.087,139.67,78.199,61.422,10200,16200,24200,16200,24200,20200,20200,20200,10000,5000,5000,15000,15000,10000,13000,7000,0,0,0,0,0,0,0,0,0,0,0,0,0,0,0,0,1
13800,2.5239,0.4758,0.6344,0.77925,0.6344,2.5239,1.4136,1.1102,55.545,55.319,55.315,55.303,55.308,55.338,55.317,55.325,25.239,4.758,6.344,7.7925,6.344,25.239,14.136,11.102,1401.9,263.21,350.92,430.95,350.87,1396.7,781.99,614.22,140.19,26.321,35.092,43.095,35.087,139.67,78.199,61.422,10200,16200,24200,16200,24200,20200,20200,20200,10000,5000,5000,15000,15000,10000,13000,7000,0,0,0,0,0,0,0,0,0,0,0,0,0,0,0,0,1
14400,2.6013,0.45,0.6,0.9513,0.6,2.6013,1.5513,1.05,54.029,53.794,53.79,53.765,53.777,53.811,53.786,53.799,26.013,4.5,6,9.513,6,26.013,15.513,10.5,1405.5,242.07,322.74,511.47,322.66,1399.8,834.38,564.88,140.55,24.207,32.274,51.147,32.266,139.98,83.438,56.488,10200,16200,24200,16200,24200,20200,20200,20200,10000,5000,5000,15000,15000,10000,13000,7000,0,0,0,0,0,0,0,0,0,0,0,0,0,0,0,0,1
15000,2.6013,0.45,0.6,0.9513,0.6,2.6013,1.5513,1.05,54.029,53.794,53.79,53.765,53.777,53.811,53.786,53.799,26.013,4.5,6,9.513,6,26.013,15.513,10.5,1405.5,242.07,322.74,511.47,322.66,1399.8,834.38,564.88,140.55,24.207,32.274,51.147,32.266,139.98,83.438,56.488,10200,16200,24200,16200,24200,20200,20200,20200,10000,5000,5000,15000,15000,10000,13000,7000,0,0,0,0,0,0,0,0,0,0,0,0,0,0,0,0,1
15600,2.6013,0.45,0.6,0.9513,0.6,2.6013,1.5513,1.05,54.029,53.794,53.79,53.765,53.777,53.811,53.786,53.799,26.013,4.5,6,9.513,6,26.013,15.513,10.5,1405.5,242.07,322.74,511.47,322.66,1399.8,834.38,564.88,140.55,24.207,32.274,51.147,32.266,139.98,83.438,56.488,10200,16200,24200,16200,24200,20200,20200,20200,10000,5000,5000,15000,15000,10000,13000,7000,0,0,0,0,0,0,0,0,0,0,0,0,0,0,0,0,1
16200,2.6013,0.45,0.6,0.9513,0.6,2.6013,1.5513,1.05,54.029,53.794,53.79,53.765,53.777,53.811,53.786,53.799,26.013,4.5,6,9.513,6,26.013,15.513,10.5,1405.5,242.07,322.74,511.47,322.66,1399.8,834.38,564.88,140.55,24.207,32.274,51.147,32.266,139.98,83.438,56.488,10200,16200,24200,16200,24200,20200,20200,20200,10000,5000,5000,15000,15000,10000,13000,7000,0,0,0,0,0,0,0,0,0,0,0,0,0,0,0,0,1
16800,2.6013,0.45,0.6,0.9513,0.6,2.6013,1.5513,1.05,54.029,53.794,53.79,53.765,53.777,53.811,53.786,53.799,26.013,4.5,6,9.513,6,26.013,15.513,10.5,1405.5,242.07,322.74,511.47,322.66,1399.8,834.38,564.88,140.55,24.207,32.274,51.147,32.266,139.98,83.438,56.488,10200,16200,24200,16200,24200,20200,20200,20200,10000,5000,5000,15000,15000,10000,13000,7000,0,0,0,0,0,0,0,0,0,0,0,0,0,0,0,0,1
17400,2.6013,0.45,0.6,0.9513,0.6,2.6013,1.5513,1.05,54.029,53.794,53.79,53.765,53.777,53.811,53.786,53.799,26.013,4.5,6,9.513,6,26.013,15.513,10.5,1405.5,242.07,322.74,511.47,322.66,1399.8,834.38,564.88,140.55,24.207,32.274,51.147,32.266,139.98,83.438,56.488,10200,16200,24200,16200,24200,20200,20200,20200,10000,5000,5000,15000,15000,10000,13000,7000,0,0,0,0,0,0,0,0,0,0,0,0,0,0,0,0,1
18000,2.7789,0.45,0.6,1.1289,0.6,2.7789,1.7289,1.05,50.418,50.154,50.15,50.113,50.132,50.171,50.14,50.159,27.789,4.5,6,11.289,6,27.789,17.289,10.5,1401.1,225.69,300.9,565.72,300.79,1394.2,866.88,526.67,140.11,22.569,30.09,56.572,30.079,139.42,86.688,52.667,10200,16200,24200,16200,24200,20200,20200,20200,10000,5000,5000,15000,15000,10000,13000,7000,0,0,0,0,0,0,0,0,0,0,0,0,0,0,0,0,1
18600,2.7789,0.45,0.6,1.1289,0.6,2.7789,1.7289,1.05,50.418,50.154,50.15,50.113,50.132,50.171,50.14,50.159,27.789,4.5,6,11.289,6,27.789,17.289,10.5,1401.1,225.69,300.9,565.72,300.79,1394.2,866.88,526.67,140.11,22.569,30.09,56.572,30.079,139.42,86.688,52.667,10200,16200,24200,16200,24200,20200,20200,20200,10000,5000,5000,15000,15000,10000,13000,7000,0,0,0,0,0,0,0,0,0,0,0,0,0,0,0,0,1
19200,2.7789,0.45,0.6,1.1289,0.6,2.7789,1.7289,1.05,50.418,50.154,50.15,50.113,50.132,50.171,50.14,50.159,27.789,4.5,6,11.289,6,27.789,17.289,10.5,1401.1,225.69,300.9,565.72,300.79,1394.2,866.88,526.67,140.11,22.569,30.09,56.572,30.079,139.42,86.688,52.667,10200,16200,24200,16200,24200,20200,20200,20200,10000,5000,5000,15000,15000,10000,13000,7000,0,0,0,0,0,0,0,0,0,0,0,0,0,0,0,0,1
19800,2.7789,0.45,0.6,1.1289,0.6,2.7789,1.7289,1.05,50.418,50.154,50.15,50.113,50.132,50.171,50.14,50.159,27.789,4.5,6,11.289,6,27.789,17.289,10.5,1401.1,225.69,300.9,565.72,300.79,1394.2,866.88,526.67,140.11,22.569,30.09,56.572,30.079,139.42,86.688,52.667,10200,16200,24200,16200,24200,20200,20200,20200,10000,5000,5000,15000,15000,10000,13000,7000,0,0,0,0,0,0,0,0,0,0,0,0,0,0,0,0,1
20400,2.7789,0.45,0.6,1.1289,0.6,2.7789,1.7289,1.05,50.418,50.154,50.15,50.113,50.132,50.171,50.14,50.159,27.789,4.5,6,11.289,6,27.789,17.289,10.5,1401.1,225.69,300.9,565.72,300.79,1394.2,866.88,526.67,140.11,22.569,30.09,56.572,30.079,139.42,86.688,52.667,10200,16200,24200,16200,24200,20200,20200,20200,10000,5000,5000,15000,15000,10000,13000,7000,0,0,0,0,0,0,0,0,0,0,0,0,0,0,0,0,1
21000,2.7789,0.45,0.6,1.1289,0.6,2.7789,1.7289,1.05,50.418,50.154,50.15,50.113,50.132,50.171,50.14,50.159,27.789,4.5,6,11.289,6,27.789,17.289,10.5,1401.1,225.69,300.9,565.72,300.79,1394.2,866.88,526.67,140.11,22.569,30.09,56.572,30.079,139.42,86.688,52.667,10200,16200,24200,16200,24200,20200,20200,20200,10000,5000,5000,15000,15000,10000,13000,7000,0,0,0,0,0,0,0,0,0,0,0,0,0,0,0,0,1
21600,2.9619,0.45,0.6,1.3119,0.6,2.9619,1.9119,1.05,47.429,47.133,47.13,47.077,47.105,47.15,47.113,47.138,29.619,4.5,6,13.119,6,29.619,19.119,10.5,1404.8,212.1,282.78,617.6,282.63,1396.6,900.76,494.95,140.48,21.21,28.278,61.76,28.263,139.66,90.076,49.495,10200,16200,24200,16200,24200,20200,20200,20200,10000,5000,5000,15000,15000,10000,13000,7000,0,0,0,0,0,0,0,0,0,0,0,0,0,0,0,0,1
22200,2.9619,0.45,0.6,1.3119,0.6,2.9619,1.9119,1.05,47.429,47.133,47.13,47.077,47.105,47.15,47.113,47.138,29.619,4.5,6,13.119,6,29.619,19.119,10.5,1404.8,212.1,282.78,617.6,282.63,1396.6,900.76,494.95,140.48,21.21,28.278,61.76,28.263,139.66,90.076,49.495,10200,16200,24200,16200,24200,20200,20200,20200,10000,5000,5000,15000,15000,10000,13000,7000,0,0,0,0,0,0,0,0,0,0,0,0,0,0,0,0,1
22800,2.9619,0.45,0.6,1.3119,0.6,2.9619,1.9119,1.05,47.429,47.133,47.13,47.077,47.105,47.15,47.113,47.138,29.619,4.5,6,13.119,6,29.619,19.119,10.5,1404.8,212.1,282.78,617.6,282.63,1396.6,900.76,494.95,140.48,21.21,28.278,61.76,28.263,139.66,90.076,49.495,10200,16200,24200,16200,24200,20200,20200,20200,10000,5000,5000,15000,15000,10000,13000,7000,0,0,0,0,0,0,0,0,0,0,0,0,0,0,0,0,1
23400,2.9619,0.45,0.6,1.3119,0.6,2.9619,1.9119,1.05,47.429,47.133,47.13,47.077,47.105,47.15,47.113,47.138,29.619,4.5,6,13.119,6,29.619,19.119,10.5,1404.8,212.1,282.78,617.6,282.63,1396.6,900.76,494.95,140.48,21.21,28.278,61.76,28.263,139.66,90.076,49.495,10200,16200,24200,16200,24200,20200,20200,20200,10000,5000,5000,15000,15000,10000,13000,7000,0,0,0,0,0,0,0,0,0,0,0,0,0,0,0,0,1
24000,2.9619,0.45,0.6,1.3119,0.6,2.9619,1.9119,1.05,47.429,47.133,47.13,47.077,47.105,47.15,47.113,47.138,29.619,4.5,6,13.119,6,29.619,19.119,10.5,1404.8,212.1,282.78,617.6,282.63,1396.6,900.76,494.95,140.48,21.21,28.278,61.76,28.263,139.66,90.076,49.495,10200,16200,24200,16200,24200,20200,20200,20200,10000,5000,5000,15000,15000,10000,13000,7000,0,0,0,0,0,0,0,0,0,0,0,0,0,0,0,0,1
24600,2.9619,0.45,0.6,1.3119,0.6,2.9619,1.9119,1.05,47.429,47.133,47.13,47.077,47.105,47.15,47.113,47.138,29.619,4.5,6,13.119,6,29.619,19.119,10.5,1404.8,212.1,282.78,617.6,282.63,1396.6,900.76,494.95,140.48,21.21,28.278,61.76,28.263,139.66,90.076,49.495,10200,16200,24200,16200,24200,20200,20200,20200,10000,5000,5000,15000,15000,10000,13000,7000,0,0,0,0,0,0,0,0,0,0,0,0,0,0,0,0,1
25200,3.15,0.45,0.6,1.5,0.6,3.15,2.1,1.05,45.114,44.785,44.781,44.711,44.749,44.802,44.758,44.79,31.5,4.5,6,15,6,31.5,21,10.5,1421.1,201.53,268.69,670.66,268.49,1411.3,939.91,470.29,142.11,20.153,26.869,67.066,26.849,141.13,93.991,47.029,10200,16200,24200,16200,24200,20200,20200,20200,10000,5000,5000,15000,15000,10000,13000,7000,0,0,0,0,0,0,0,0,0,0,0,0,0,0,0,0,1
25800,3.15,0.45,0.6,1.5,0.6,3.15,2.1,1.05,45.114,44.785,44.781,44.711,44.749,44.802,44.758,44.79,31.5,4.5,6,15,6,31.5,21,10.5,1421.1,201.53,268.69,670.66,268.49,1411.3,939.91,470.29,142.11,20.153,26.869,67.066,26.849,141.13,93.991,47.029,10200,16200,24200,16200,24200,20200,20200,20200,10000,5000,5000,15000,15000,10000,13000,7000,0,0,0,0,0,0,0,0,0,0,0,0,0,0,0,0,1
26400,3.15,0.45,0.6,1.5,0.6,3.15,2.1,1.05,45.114,44.785,44.781,44.711,44.749,44.802,44.758,44.79,31.5,4.5,6,15,6,31.5,21,10.5,1421.1,201.53,268.69,670.66,268.49,1411.3,939.91,470.29,142.11,20.153,26.869,67.066,26.849,141.13,93.991,47.029,10200,16200,24200,16200,24200,20200,20200,20200,10000,5000,5000,15000,15000,10000,13000,7000,0,0,0,0,0,0,0,0,0,0,0,0,0,0,0,0,1
27000,3.15,0.45,0.6,1.5,0.6,3.15,2.1,1.05,45.114,44.785,44.781,44.711,44.749,44.802,44.758,44.79,31.5,4.5,6,15,6,31.5,21,10.5,1421.1,201.53,268.69,670.66,268.49,1411.3,939.91,470.29,142.11,20.153,26.869,67.066,26.849,141.13,93.991,47.029,10200,16200,24200,16200,24200,20200,20200,20200,10000,5000,5000,15000,15000,10000,13000,7000,0,0,0,0,0,0,0,0,0,0,0,0,0,0,0,0,1
27600,3.15,0.45,0.6,1.5,0.6,3.15,2.1,1.05,45.114,44.785,44.781,44.711,44.749,44.802,44.758,44.79,31.5,4.5,6,15,6,31.5,21,10.5,1421.1,201.53,268.69,670.66,268.49,1411.3,939.91,470.29,142.11,20.153,26.869,67.066,26.849,141.13,93.991,47.029,10200,16200,24200,16200,24200,20200,20200,20200,10000,5000,5000,15000,15000,10000,13000,7000,0,0,0,0,0,0,0,0,0,0,0,0,0,0,0,0,1
28200,3.15,0.45,0.6,1.5,0.6,3.15,2.1,1.05,45.114,44.785,44.781,44.711,44.749,44.802,44.758,44.79,31.5,4.5,6,15,6,31.5,21,10.5,1421.1,201.53,268.69,670.66,268.49,1411.3,939.91,470.29,142.11,20.153,26.869,67.066,26.849,141.13,93.991,47.029,10200,16200,24200,16200,24200,20200,20200,20200,10000,5000,5000,15000,15000,10000,13000,7000,0,0,0,0,0,0,0,0,0,0,0,0,0,0,0,0,1
28800,3.3731,0.45,0.6,1.723,0.6,3.3731,2.3231,1.05,41.868,41.497,41.493,41.4,41.452,41.514,41.461,41.502,33.731,4.5,6,17.23,6,33.731,23.231,10.5,1412.2,186.74,248.96,713.35,248.71,1400.3,963.16,435.77,141.22,18.674,24.896,71.335,24.871,140.03,96.316,43.577,10200,16200,24200,16200,24200,20200,20200,20200,10000,5000,5000,15000,15000,10000,13000,7000,0,0,0,0,0,0,0,0,0,0,0,0,0,0,0,0,1
29400,3.3731,0.45,0.6,1.723,0.6,3.3731,2.3231,1.05,41.868,41.497,41.493,41.4,41.452,41.514,41.461,41.502,33.731,4.5,6,17.23,6,33.731,23.231,10.5,1412.2,186.74,248.96,713.35,248.71,1400.3,963.16,435.77,141.22,18.674,24.896,71.335,24.871,140.03,96.316,43.577,10200,16200,24200,16200,24200,20200,20200,20200,10000,5000,5000,15000,15000,10000,13000,7000,0,0,0,0,0,0,0,0,0,0,0,0,0,0,0,0,1
30000,3.3731,0.45,0.6,1.723,0.6,3.3731,2.3231,1.05,41.868,41.497,41.493,41.4,41.452,41.514,41.461,41.502,33.731,4.5,6,17.23,6,33.731,23.231,10.5,1412.2,186.74,248.96,713.35,248.71,1400.3,963.16,435.77,141.22,18.674,24.896,71.335,24.871,140.03,96.316,43.577,10200,16200,24200,16200,24200,20200,20200,20200,10000,5000,5000,15000,15000,10000,13000,7000,0,0,0,0,0,0,0,0,0,0,0,0,0,0,0,0,1
30600,3.3731,0.45,0.6,1.723,0.6,3.3731,2.3231,1.05,41.868,41.497,41.493,41.4,41.452,41.514,41.461,41.502,33.731,4.5,6,17.23,6,33.731,23.231,10.5,1412.2,186.74,248.96,713.35,248.71,1400.3,963.16,435.77,141.22,18.674,24.896,71.335,24.871,140.03,96.316,43.577,10200,16200,24200,16200,24200,20200,20200,20200,10000,5000,5000,15000,15000,10000,13000,7000,0,0,0,0,0,0,0,0,0,0,0,0,0,0,0,0,1
31200,3.3731,0.45,0.6,1.723,0.6,3.3731,2.3231,1.05,41.868,41.497,41.493,41.4,41.452,41.514,41.461,41.502,33.731,4.5,6,17.23,6,33.731,23.231,10.5,1412.2,186.74,248.96,713.35,248.71,1400.3,963.16,435.77,141.22,18.674,24.896,71.335,24.871,140.03,96.316,43.577,10200,16200,24200,16200,24200,20200,20200,20200,10000,5000,5000,15000,15000,10000,13000,7000,0,0,0,0,0,0,0,0,0,0,0,0,0,0,0,0,1
31800,3.3731,0.45,0.6,1.723,0.6,3.3731,2.3231,1.05,41.868,41.497,41.493,41.4,41.452,41.514,41.461,41.502,33.731,4.5,6,17.23,6,33.731,23.231,10.5,1412.2,186.74,248.96,713.35,248.71,1400.3,963.16,435.77,141.22,18.674,24.896,71.335,24.871,140.03,96.316,43.577,10200,16200,24200,16200,24200,20200,20200,20200,10000,5000,5000,15000,15000,10000,13000,7000,0,0,0,0,0,0,0,0,0,0,0,0,0,0,0,0,1
32400,6.0656,1.1111,1.4814,1.9917,1.4814,6.0656,3.4731,2.5925,38.026,36.885,36.866,36.786,36.819,36.977,36.865,36.912,60.656,11.111,14.814,19.917,14.814,60.656,34.731,25.925,2306.5,409.81,546.13,732.66,545.43,2242.9,1280.4,956.92,230.65,40.981,54.613,73.266,54.543,224.29,128.04,95.692,10200,16200,24200,16200,24200,20200,20200,20200,10000,5000,5000,15000,15000,10000,13000,7000,0,0,0,0,0,0,0,0,0,0,0,0,0,0,0,0,1
33000,6.0656,1.1111,1.4814,1.9917,1.4814,6.0656,3.4731,2.5925,38.026,36.885,36.866,36.786,36.819,36.977,36.865,36.912,60.656,11.111,14.814,19.917,14.814,60.656,34.731,25.925,2306.5,409.81,546.13,732.66,545.43,2242.9,1280.4,956.92,230.65,40.981,54.613,73.266,54.543,224.29,128.04,95.692,10200,16200,24200,16200,24200,20200,20200,20200,10000,5000,5000,15000,15000,10000,13000,7000,0,0,0,0,0,0,0,0,0,0,0,0,0,0,0,0,1
33600,6.0656,1.1111,1.4814,1.9917,1.4814,6.0656,3.4731,2.5925,38.026,36.885,36.866,36.786,36.819,36.977,36.865,36.912,60.656,11.111,14.814,19.917,14.814,60.656,34.731,25.925,2306.5,409.81,546.13,732.66,545.43,2242.9,1280.4,956.92,230.65,40.981,54.613,73.266,54.543,224.29,128.04,95.692,10200,16200,24200,16200,24200,20200,20200,20200,10000,5000,5000,15000,15000,10000,13000,7000,0,0,0,0,0,0,0,0,0,0,0,0,0,0,0,0,1
34200,6.0656,1.1111,1.4814,1.9917,1.4814,6.0656,3.4731,2.5925,38.026,36.885,36.866,36.786,36.819,36.977,36.865,36.912,60.656,11.111,14.814,19.917,14.814,60.656,34.731,25.925,2306.5,409.81,546.13,732.66,545.43,2242.9,1280.4,956.92,230.65,40.981,54.613,73.266,54.543,224.29,128.04,95.692,10200,16200,24200,16200,24200,20200,20200,20200,10000,5000,5000,15000,15000,10000,13000,7000,0,0,0,0,0,0,0,0,0,0,0,0,0,0,0,0,1
34800,6.0656,1.1111,1.4814,1.9917,1.4814,6.0656,3.4731,2.5925,38.026,36.885,36.866,36.786,36.819,36.977,36.865,36.912,60.656,11.111,14.814,19.917,14.814,60.656,34.731,25.925,2306.5,409.81,546.13,732.66,545.43,2242.9,1280.4,956.92,230.65,40.981,54.613,73.266,54.543,224.29,128.04,95.692,10200,16200,24200,16200,24200,20200,20200,20200,10000,5000,5000,15000,15000,10000,13000,7000,0,0,0,0,0,0,0,0,0,0,0,0,0,0,0,0,1
35400,6.0656,1.1111,1.4814,1.9917,1.4814,6.0656,3.4731,2.5925,38.026,36.885,36.866,36.786,36.819,36.977,36.865,36.912,60.656,11.111,14.814,19.917,14.814,60.656,34.731,25.925,2306.5,409.81,546.13,732.66,545.43,2242.9,1280.4,956.92,230.65,40.981,54.613,73.266,54.543,224.29,128.04,95.692,10200,16200,24200,16200,24200,20200,20200,20200,10000,5000,5000,15000,15000,10000,13000,7000,0,0,0,0,0,0,0,0,0,0,0,0,0,0,0,0,1
36000,10.853,2.3389,3.1186,2.277,3.1186,10.853,5.3956,5.4576,36.991,33.543,33.466,33.554,33.471,33.909,33.655,33.65,108.53,23.389,31.186,22.77,31.186,108.53,53.956,54.576,4014.6,784.55,1043.7,764.01,1043.8,3680.2,1815.9,1836.5,401.46,78.455,104.37,76.401,104.38,368.02,181.59,183.65,10200,16200,24200,16200,24200,20200,20200,20200,10000,5000,5000,15000,15000,10000,13000,7000,0,0,0,0,0,0,0,0,0,0,0,0,0,0,0,0,1
36600,10.853,2.3389,3.1186,2.277,3.1186,10.853,5.3956,5.4576,36.991,33.543,33.466,33.554,33.471,33.909,33.655,33.65,108.53,23.389,31.186,22.77,31.186,108.53,53.956,54.576,4014.6,784.55,1043.7,764.01,1043.8,3680.2,1815.9,1836.5,401.46,78.455,104.37,76.401,104.38,368.02,181.59,183.65,10200,16200,24200,16200,24200,20200,20200,20200,10000,5000,5000,15000,15000,10000,13000,7000,0,0,0,0,0,0,0,0,0,0,0,0,0,0,0,0,1
37200,10.853,2.3389,3.1186,2.277,3.1186,10.853,5.3956,5.4576,36.991,33.543,33.466,33.554,33.471,33.909,33.655,33.65,108.53,23.389,31.186,22.77,31.186,108.53,53.956,54.576,4014.6,784.55,1043.7,764.01,1043.8,3680.2,1815.9,1836.5,401.46,78.455,104.37,76.401,104.38,368.02,181.59,183.65,10200,16200,24200,16200,24200,20200,20200,20200,10000,5000,5000,15000,15000,10000,13000,7000,0,0,0,0,0,0,0,0,0,0,0,0,0,0,0,0,1
37800,10.853,2.3389,3.1186,2.277,3.1186,10.853,5.3956,5.4576,36.991,33.543,33.466,33.554,33.471,33.909,33.655,33.65,108.53,23.389,31.186,22.77,31.186,108.53,53.956,54.576,4014.6,784.55,1043.7,764.01,1043.8,3680.2,1815.9,1836.5,401.46,78.455,104.37,76.401,104.38,368.02,181.59,183.65,10200,16200,24200,16200,24200,20200,20200,20200,10000,5000,5000,15000,15000,10000,13000,7000,0,0,0,0,0,0,0,0,0,0,0,0,0,0,0,0,1
38400,10.853,2.3389,3.1186,2.277,3.1186,10.853,5.3956,5.4576,36.991,33.543,33.466,33.554,33.471,33.909,33.655,33.65,108.53,23.389,31.186,22.77,31.186,108.53,53.956,54.576,4014.6,784.55,1043.7,764.01,1043.8,3680.2,1815.9,1836.5,401.46,78.455,104.37,76.401,104.38,368.02,181.59,183.65,10200,16200,24200,16200,24200,20200,20200,20200,10000,5000,5000,15000,15000,10000,13000,7000,0,0,0,0,0,0,0,0,0,0,0,0,0,0,0,0,1
39000,10.853,2.3389,3.1186,2.277,3.1186,10.853,5.3956,5.4576,36.991,33.543,33.466,33.554,33.471,33.909,33.655,33.65,108.53,23.389,31.186,22.77,31.186,108.53,53.956,54.576,4014.6,784.55,1043.7,764.01,1043.8,3680.2,1815.9,1836.5,401.46,78.455,104.37,76.401,104.38,368.02,181.59,183.65,10200,16200,24200,16200,24200,20200,20200,20200,10000,5000,5000,15000,15000,10000,13000,7000,0,0,0,0,0,0,0,0,0,0,0,0,0,0,0,0,1
39600,13.55,3,4,2.5496,4,13.55,6.5496,7,40.622,35.394,35.271,35.485,35.319,35.974,35.611,35.563,135.5,30,40,25.496,40,135.5,65.496,70,5504.1,1061.8,1410.8,904.72,1412.8,4874.3,2332.4,2489.4,550.41,106.18,141.08,90.472,141.28,487.43,233.24,248.94,10200,16200,24200,16200,24200,20200,20200,20200,10000,5000,5000,15000,15000,10000,13000,7000,0,0,0,0,0,0,0,0,0,0,0,0,0,0,0,0,1
40200,13.55,3,4,2.5496,4,13.55,6.5496,7,40.622,35.394,35.271,35.485,35.319,35.974,35.611,35.563,135.5,30,40,25.496,40,135.5,65.496,70,5504.1,1061.8,1410.8,904.72,1412.8,4874.3,2332.4,2489.4,550.41,106.18,141.08,90.472,141.28,487.43,233.24,248.94,10200,16200,24200,16200,24200,20200,20200,20200,10000,5000,5000,15000,15000,10000,13000,7000,0,0,0,0,0,0,0,0,0,0,0,0,0,0,0,0,1
40800,13.55,3,4,2.5496,4,13.55,6.5496,7,40.622,35.394,35.271,35.485,35.319,35.974,35.611,35.563,135.5,30,40,25.496,40,135.5,65.496,70,5504.1,1061.8,1410.8,904.72,1412.8,4874.3,2332.4,2489.4,550.41,106.18,141.08,90.472,141.28,487.43,233.24,248.94,10200,16200,24200,16200,24200,20200,20200,20200,10000,5000,5000,15000,15000,10000,13000,7000,0,0,0,0,0,0,0,0,0,0,0,0,0,0,0,0,1
41400,13.55,3,4,2.5496,4,13.55,6.5496,7,40.622,35.394,35.271,35.485,35.319,35.974,35.611,35.563,135.5,30,40,25.496,40,135.5,65.496,70,5504.1,1061.8,1410.8,904.72,1412.8,4874.3,2332.4,2489.4,550.41,106.18,141.08,90.472,141.28,487.43,233.24,248.94,10200,16200,24200,16200,24200,20200,20200,20200,10000,5000,5000,15000,15000,10000,13000,7000,0,0,0,0,0,0,0,0,0,0,0,0,0,0,0,0,1
42000,13.55,3,4,2.5496,4,13.55,6.5496,7,40.622,35.394,35.271,35.485,35.319,35.974,35.611,35.563,135.5,30,40,25.496,40,135.5,65.496,70,5504.1,1061.8,1410.8,904.72,1412.8,4874.3,2332.4,2489.4,550.41,106.18,141.08,90.472,141.28,487.43,233.24,248.94,10200,16200,24200,16200,24200,20200,20200,20200,10000,5000,5000,15000,15000,10000,13000,7000,0,0,0,0,0,0,0,0,0,0,0,0,0,0,0,0,1
42600,13.55,3,4,2.5496,4,13.55,6.5496,7,40.622,35.394,35.271,35.485,35.319,35.974,35.611,35.563,135.5,30,40,25.496,40,135.5,65.496,70,5504.1,1061.8,1410.8,904.72,1412.8,4874.3,2332.4,2489.4,550.41,106.18,141.08,90.472,141.28,487.43,233.24,248.94,10200,16200,24200,16200,24200,20200,20200,20200,10000,5000,5000,15000,15000,10000,13000,7000,0,0,0,0,0,0,0,0,0,0,0,0,0,0,0,0,1
43200,17.068,2.8056,3.7408,2.7804,3.7408,17.068,10.521,6.5464,41.91,34.271,34.162,33.658,33.652,34.783,33.91,34.42,170.68,28.056,37.408,27.804,37.408,170.68,105.21,65.464,7153.1,961.49,1277.9,935.84,1258.9,5936.6,3567.7,2253.3,715.31,96.149,127.79,93.584,125.89,593.66,356.77,225.33,10200,16200,24200,16200,24200,20200,20200,20200,10000,5000,5000,15000,15000,10000,13000,7000,0,0,0,0,0,0,0,0,0,1,0,19200,0,13000,0,0,1
43800,17.068,2.8056,3.7408,2.7804,3.7408,17.068,10.521,6.5464,41.91,34.271,34.162,33.658,33.652,34.783,33.91,34.42,170.68,28.056,37.408,27.804,37.408,170.68,105.21,65.464,7153.1,961.49,1277.9,935.84,1258.9,5936.6,3567.7,2253.3,715.31,96.149,127.79,93.584,125.89,593.66,356.77,225.33,10200,16200,24200,16200,24200,20200,20200,20200,10000,5000,5000,15000,15000,10000,13000,7000,0,0,0,0,0,0,0,0,0,1,0,19200,0,13000,0,0,1
44400,17.068,2.8056,3.7408,2.7804,3.7408,17.068,10.521,6.5464,41.91,34.271,34.162,33.658,33.652,34.783,33.91,34.42,170.68,28.056,37.408,27.804,37.408,170.68,105.21,65.464,7153.1,961.49,1277.9,935.84,1258.9,5936.6,3567.7,2253.3,715.31,96.149,127.79,93.584,125.89,593.66,356.77,225.33,10200,16200,24200,16200,24200,20200,20200,20200,10000,5000,5000,15000,15000,10000,13000,7000,0,0,0,0,0,0,0,0,0,1,0,19200,0,13000,0,0,1
45000,17.068,2.8056,3.7408,2.7804,3.7408,17.068,10.521,6.5464,41.91,34.271,34.162,33.658,33.652,34.783,33.91,34.42,170.68,28.056,37.408,27.804,37.408,170.68,105.21,65.464,7153.1,961.49,1277.9,935.84,1258.9,5936.6,3567.7,2253.3,715.31,96.149,127.79,93.584,125.89,593.66,356.77,225.33,10200,16200,24200,16200,24200,20200,20200,20200,10000,5000,5000,15000,15000,10000,13000,7000,0,0,0,0,0,0,0,0,0,1,0,19200,0,13000,0,0,1
45600,17.068,2.8056,3.7408,2.7804,3.7408,17.068,10.521,6.5464,41.91,34.271,34.162,33.658,33.652,34.783,33.91,34.42,170.68,28.056,37.408,27.804,37.408,170.68,105.21,65.464,7153.1,961.49,1277.9,935.84,1258.9,5936.6,3567.7,2253.3,715.31,96.149,127.79,93.584,125.89,593.66,356.77,225.33,10200,16200,24200,16200,24200,20200,20200,20200,10000,5000,5000,15000,15000,10000,13000,7000,0,0,0,0,0,0,0,0,0,1,0,19200,0,13000,0,0,1
46200,17.068,2.8056,3.7408,2.7804,3.7408,17.068,10.521,6.5464,41.91,34.271,34.162,33.658,33.652,34.783,33.91,34.42,170.68,28.056,37.408,27.804,37.408,170.68,105.21,65.464,7153.1,961.49,1277.9,935.84,1258.9,5936.6,3567.7,2253.3,715.31,96.149,127.79,93.584,125.89,593.66,356.77,225.33,10200,16200,24200,16200,24200,20200,20200,20200,10000,5000,5000,15000,15000,10000,13000,7000,0,0,0,0,0,0,0,0,0,1,0,19200,0,13000,0,0,1
46800,15.903,2.4444,3.2592,2.9403,3.2592,15.903,10.2,5.7036,42.652,36.002,35.918,35.304,35.375,36.399,35.575,36.118,159.03,24.444,32.592,29.403,32.592,159.03,102,57.036,6783,880.03,1170.6,1038,1152.9,5788.5,3628.4,2060,678.3,88.003,117.06,103.8,115.29,578.85,362.84,206,10200,16200,24200,16200,24200,20200,20200,20200,10000,5000,5000,15000,15000,10000,13000,7000,0,0,0,0,0,0,0,0,0,1,0,19200,0,13000,0,0,1
47400,15.903,2.4444,3.2592,2.9403,3.2592,15.903,10.2,5.7036,42.652,36.002,35.918,35.304,35.375,36.399,35.575,36.118,159.03,24.444,32.592,29.403,32.592,159.03,102,57.036,6783,880.03,1170.6,1038,1152.9,5788.5,3628.4,2060,678.3,88.003,117.06,103.8,115.29,578.85,362.84,206,10200,16200,24200,16200,24200,20200,20200,20200,10000,5000,5000,15000,15000,10000,13000,7000,0,0,0,0,0,0,0,0,0,1,0,19200,0,13000,0,0,1
48000,15.903,2.4444,3.2592,2.9403,3.2592,15.903,10.2,5.7036,42.652,36.002,35.918,35.304,35.375,36.399,35.575,36.118,159.03,24.444,32.592,29.403,32.592,159.03,102,57.036,6783,880.03,1170.6,1038,1152.9,5788.5,3628.4,2060,678.3,88.003,117.06,103.8,115.29,578.85,362.84,206,10200,16200,24200,16200,24200,20200,20200,20200,10000,5000,5000,15000,15000,10000,13000,7000,0,0,0,0,0,0,0,0,0,1,0,19200,0,13000,0,0,1
48600,15.903,2.4444,3.2592,2.9403,3.2592,15.903,10.2,5.7036,42.652,36.002,35.918,35.304,35.375,36.399,35.575,36.118,159.03,24.444,32.592,29.403,32.592,159.03,102,57.036,6783,880.03,1170.6,1038,1152.9,5788.5,3628.4,2060,678.3,88.003,117.06,103.8,115.29,578.85,362.84,206,10200,16200,24200,16200,24200,20200,20200,20200,10000,5000,5000,15000,15000,10000,13000,7000,0,0,0,0,0,0,0,0,0,1,0,19200,0,13000,0,0,1
49200,15.903,2.4444,3.2592,2.9403,3.2592,15.903,10.2,5.7036,42.652,36.002,35.918,35.304,35.375,36.399,35.575,36.118,159.03,24.444,32.592,29.403,32.592,159.03,102,57.036,6783,880.03,1170.6,1038,1152.9,5788.5,3628.4,2060,678.3,88.003,117.06,103.8,115.29,578.85,362.84,206,10200,16200,24200,16200,24200,20200,20200,20200,10000,5000,5000,15000,15000,10000,13000,7000,0,0,0,0,0,0,0,0,0,1,0,19200,0,13000,0,0,1
49800,15.903,2.4444,3.2592,2.9403,3.2592,15.903,10.2,5.7036,42.652,36.002,35.918,35.304,35.375,36.399,35.575,36.118,159.03,24.444,32.592,29.403,32.592,159.03,102,57.036,6783,880.03,1170.6,1038,1152.9,5788.5,3628.4,2060,678.3,88.003,117.06,103.8,115.29,578.85,362.84,206,10200,16200,24200,16200,24200,20200,20200,20200,10000,5000,5000,15000,15000,10000,13000,7000,0,0,0,0,0,0,0,0,0,1,0,19200,0,13000,0,0,1
50400,15.25,2.25,3,3,3,15.25,10,5.25,41.005,34.879,34.807,34.147,34.254,35.22,34.425,34.979,152.5,22.5,30,30,30,152.5,100,52.5,6253.3,784.78,1044.2,1024.4,1027.6,5371,3442.5,1836.4,625.33,78.478,104.42,102.44,102.76,537.1,344.25,183.64,10200,16200,24200,16200,24200,20200,20200,20200,10000,5000,5000,15000,15000,10000,13000,7000,0,0,0,0,0,0,0,0,0,1,0,19200,0,13000,0,0,1
51000,15.25,2.25,3,3,3,15.25,10,5.25,41.005,34.879,34.807,34.147,34.254,35.22,34.425,34.979,152.5,22.5,30,30,30,152.5,100,52.5,6253.3,784.78,1044.2,1024.4,1027.6,5371,3442.5,1836.4,625.33,78.478,104.42,102.44,102.76,537.1,344.25,183.64,10200,16200,24200,16200,24200,20200,20200,20200,10000,5000,5000,15000,15000,10000,13000,7000,0,0,0,0,0,0,0,0,0,1,0,19200,0,13000,0,0,1
51600,15.25,2.25,3,3,3,15.25,10,5.25,41.005,34.879,34.807,34.147,34.254,35.22,34.425,34.979,152.5,22.5,30,30,30,152.5,100,52.5,6253.3,784.78,1044.2,1024.4,1027.6,5371,3442.5,1836.4,625.33,78.478,104.42,102.44,102.76,537.1,344.25,183.64,10200,16200,24200,16200,24200,20200,20200,20200,10000,5000,5000,15000,15000,10000,13000,7000,0,0,0,0,0,0,0,0,0,1,0,19200,0,13000,0,0,1
52200,15.25,2.25,3,3,3,15.25,10,5.25,41.005,34.879,34.807,34.147,34.254,35.22,34.425,34.979,152.5,22.5,30,30,30,152.5,100,52.5,6253.3,784.78,1044.2,1024.4,1027.6,5371,3442.5,1836.4,625.33,78.478,104.42,102.44,102.76,537.1,344.25,183.64,10200,16200,24200,16200,24200,20200,20200,20200,10000,5000,5000,15000,15000,10000,13000,7000,0,0,0,0,0,0,0,0,0,1,0,19200,0,13000,0,0,1
52800,15.25,2.25,3,3,3,15.25,10,5.25,41.005,34.879,34.807,34.147,34.254,35.22,34.425,34.979,152.5,22.5,30,30,30,152.5,100,52.5,6253.3,784.78,1044.2,1024.4,1027.6,5371,3442.5,1836.4,625.33,78.478,104.42,102.44,102.76,537.1,344.25,183.64,10200,16200,24200,16200,24200,20200,20200,20200,10000,5000,5000,15000,15000,10000,13000,7000,0,0,0,0,0,0,0,0,0,1,0,19200,0,13000,0,0,1
53400,15.25,2.25,3,3,3,15.25,10,5.25,41.005,34.879,34.807,34.147,34.254,35.22,34.425,34.979,152.5,22.5,30,30,30,152.5,100,52.5,6253.3,784.78,1044.2,1024.4,1027.6,5371,3442.5,1836.4,625.33,78.478,104.42,102.44,102.76,537.1,344.25,183.64,10200,16200,24200,16200,24200,20200,20200,20200,10000,5000,5000,15000,15000,10000,13000,7000,0,0,0,0,0,0,0,0,0,1,0,19200,0,13000,0,0,1
54000,15.756,2.5313,3.375,2.475,3.375,15.756,9.85,5.9063,39.396,32.826,32.737,32.26,32.264,33.25,32.477,32.95,157.56,25.313,33.75,24.75,33.75,157.56,98.5,59.063,6207.4,830.91,1104.9,798.43,1088.9,5238.9,3199,1946.1,620.74,83.091,110.49,79.843,108.89,523.89,319.9,194.61,10200,16200,24200,16200,24200,20200,20200,20200,10000,5000,5000,15000,15000,10000,13000,7000,0,0,0,0,0,0,0,0,0,1,0,19200,0,13000,0,0,1
54600,15.756,2.5313,3.375,2.475,3.375,15.756,9.85,5.9063,39.396,32.826,32.737,32.26,32.264,33.25,32.477,32.95,157.56,25.313,33.75,24.75,33.75,157.56,98.5,59.063,6207.4,830.91,1104.9,798.43,1088.9,5238.9,3199,1946.1,620.74,83.091,110.49,79.843,108.89,523.89,319.9,194.61,10200,16200,24200,16200,24200,20200,20200,20200,10000,5000,5000,15000,15000,10000,13000,7000,0,0,0,0,0,0,0,0,0,1,0,19200,0,13000,0,0,1
55200,15.756,2.5313,3.375,2.475,3.375,15.756,9.85,5.9063,39.396,32.826,32.737,32.26,32.264,33.25,32.477,32.95,157.56,25.313,33.75,24.75,33.75,157.56,98.5,59.063,6207.4,830.91,1104.9,798.43,1088.9,5238.9,3199,1946.1,620.74,83.091,110.49,79.843,108.89,523.89,319.9,194.61,10200,16200,24200,16200,24200,20200,20200,20200,10000,5000,5000,15000,15000,10000,13000,7000,0,0,0,0,0,0,0,0,0,1,0,19200,0,13000,0,0,1
55800,15.756,2.5313,3.375,2.475,3.375,15.756,9.85,5.9063,39.396,32.826,32.737,32.26,32.264,33.25,32.477,32.95,157.56,25.313,33.75,24.75,33.75,157.56,98.5,59.063,6207.4,830.91,1104.9,798.43,1088.9,5238.9,3199,1946.1,620.74,83.091,110.49,79.843,108.89,523.89,319.9,194.61,10200,16200,24200,16200,24200,20200,20200,20200,10000,5000,5000,15000,15000,10000,13000,7000,0,0,0,0,0,0,0,0,0,1,0,19200,0,13000,0,0,1
56400,15.756,2.5313,3.375,2.475,3.375,15.756,9.85,5.9063,39.396,32.826,32.737,32.26,32.264,33.25,32.477,32.95,157.56,25.313,33.75,24.75,33.75,157.56,98.5,59.063,6207.4,830.91,1104.9,798.43,1088.9,5238.9,3199,1946.1,620.74,83.091,110.49,79.843,108.89,523.89,319.9,194.61,10200,16200,24200,16200,24200,20200,20200,20200,10000,5000,5000,15000,15000,10000,13000,7000,0,0,0,0,0,0,0,0,0,1,0,19200,0,13000,0,0,1
57000,15.756,2.5313,3.375,2.475,3.375,15.756,9.85,5.9063,39.396,32.826,32.737,32.26,32.264,33.25,32.477,32.95,157.56,25.313,33.75,24.75,33.75,157.56,98.5,59.063,6207.4,830.91,1104.9,798.43,1088.9,5238.9,3199,1946.1,620.74,83.091,110.49,79.843,108.89,523.89,319.9,194.61,10200,16200,24200,16200,24200,20200,20200,20200,10000,5000,5000,15000,15000,10000,13000,7000,0,0,0,0,0,0,0,0,0,1,0,19200,0,13000,0,0,1
57600,17.5,3.15,4.2,1.95,4.2,17.5,10.15,7.35,41.338,33.238,33.104,32.891,32.736,33.873,33.056,33.423,175,31.5,42,19.5,42,175,101.5,73.5,7234.2,1047,1390.4,641.38,1374.9,5927.7,3355.2,2456.6,723.42,104.7,139.04,64.138,137.49,592.77,335.52,245.66,10200,16200,24200,16200,24200,20200,20200,20200,10000,5000,5000,15000,15000,10000,13000,7000,0,0,0,0,0,0,0,0,0,1,0,19200,0,13000,0,0,1
58200,17.5,3.15,4.2,1.95,4.2,17.5,10.15,7.35,41.338,33.238,33.104,32.891,32.736,33.873,33.056,33.423,175,31.5,42,19.5,42,175,101.5,73.5,7234.2,1047,1390.4,641.38,1374.9,5927.7,3355.2,2456.6,723.42,104.7,139.04,64.138,137.49,592.77,335.52,245.66,10200,16200,24200,16200,24200,20200,20200,20200,10000,5000,5000,15000,15000,10000,13000,7000,0,0,0,0,0,0,0,0,0,1,0,19200,0,13000,0,0,1
58800,17.5,3.15,4.2,1.95,4.2,17.5,10.15,7.35,41.338,33.238,33.104,32.891,32.736,33.873,33.056,33.423,175,31.5,42,19.5,42,175,101.5,73.5,7234.2,1047,1390.4,641.38,1374.9,5927.7,3355.2,2456.6,723.42,104.7,139.04,64.138,137.49,592.77,335.52,245.66,10200,16200,24200,16200,24200,20200,20200,20200,10000,5000,5000,15000,15000,10000,13000,7000,0,0,0,0,0,0,0,0,0,1,0,19200,0,13000,0,0,1
59400,17.5,3.15,4.2,1.95,4.2,17.5,10.15,7.35,41.338,33.238,33.104,32.891,32.736,33.873,33.056,33.423,175,31.5,42,19.5,42,175,101.5,73.5,7234.2,1047,1390.4,641.38,1374.9,5927.7,3355.2,2456.6,723.42,104.7,139.04,64.138,137.49,592.77,335.52,245.66,10200,16200,24200,16200,24200,20200,20200,20200,10000,5000,5000,15000,15000,10000,13000,7000,0,0,0,0,0,0,0,0,0,1,0,19200,0,13000,0,0,1
60000,17.5,3.15,4.2,1.95,4.2,17.5,10.15,7.35,41.338,33.238,33.104,32.891,32.736,33.873,33.056,33.423,175,31.5,42,19.5,42,175,101.5,73.5,7234.2,1047,1390.4,641.38,1374.9,5927.7,3355.2,2456.6,723.42,104.7,139.04,64.138,137.49,592.77,335.52,245.66,10200,16200,24200,16200,24200,20200,20200,20200,10000,5000,5000,15000,15000,10000,13000,7000,0,0,0,0,0,0,0,0,0,1,0,19200,0,13000,0,0,1
60600,17.5,3.15,4.2,1.95,4.2,17.5,10.15,7.35,41.338,33.238,33.104,32.891,32.736,33.873,33.056,33.423,175,31.5,42,19.5,42,175,101.5,73.5,7234.2,1047,1390.4,641.38,1374.9,5927.7,3355.2,2456.6,723.42,104.7,139.04,64.138,137.49,592.77,335.52,245.66,10200,16200,24200,16200,24200,20200,20200,20200,10000,5000,5000,15000,15000,10000,13000,7000,0,0,0,0,0,0,0,0,0,1,0,19200,0,13000,0,0,1
61200,20.294,3.7688,5.025,2.475,5.025,20.294,11.5,8.7937,45.253,34.546,34.359,34.185,33.956,35.431,34.402,34.805,202.94,37.688,50.25,24.75,50.25,202.94,115,87.937,9183.6,1302,1726.6,846.08,1706.3,7190.3,3956.2,3060.7,918.36,130.2,172.66,84.608,170.63,719.03,395.62,306.07,10200,16200,24200,16200,24200,20200,20200,20200,10000,5000,5000,15000,15000,10000,13000,7000,0,0,0,0,0,0,0,0,0,1,0,19200,0,13000,0,0,1
61800,20.294,3.7688,5.025,2.475,5.025,20.294,11.5,8.7937,45.253,34.546,34.359,34.185,33.956,35.431,34.402,34.805,202.94,37.688,50.25,24.75,50.25,202.94,115,87.937,9183.6,1302,1726.6,846.08,1706.3,7190.3,3956.2,3060.7,918.36,130.2,172.66,84.608,170.63,719.03,395.62,306.07,10200,16200,24200,16200,24200,20200,20200,20200,10000,5000,5000,15000,15000,10000,13000,7000,0,0,0,0,0,0,0,0,0,1,0,19200,0,13000,0,0,1
62400,20.294,3.7688,5.025,2.475,5.025,20.294,11.5,8.7937,45.253,34.546,34.359,34.185,33.956,35.431,34.402,34.805,202.94,37.688,50.25,24.75,50.25,202.94,115,87.937,9183.6,1302,1726.6,846.08,1706.3,7190.3,3956.2,3060.7,918.36,130.2,172.66,84.608,170.63,719.03,395.62,306.07,10200,16200,24200,16200,24200,20200,20200,20200,10000,5000,5000,15000,15000,10000,13000,7000,0,0,0,0,0,0,0,0,0,1,0,19200,0,13000,0,0,1
63000,20.294,3.7688,5.025,2.475,5.025,20.294,11.5,8.7937,45.253,34.546,34.359,34.185,33.956,35.431,34.402,34.805,202.94,37.688,50.25,24.75,50.25,202.94,115,87.937,9183.6,1302,1726.6,846.08,1706.3,7190.3,3956.2,3060.7,918.36,130.2,172.66,84.608,170.63,719.03,395.62,306.07,10200,16200,24200,16200,24200,20200,20200,20200,10000,5000,5000,15000,15000,10000,13000,7000,0,0,0,0,0,0,0,0,0,1,0,19200,0,13000,0,0,1
63600,20.294,3.7688,5.025,2.475,5.025,20.294,11.5,8.7937,45.253,34.546,34.359,34.185,33.956,35.431,34.402,34.805,202.94,37.688,50.25,24.75,50.25,202.94,115,87.937,9183.6,1302,1726.6,846.08,1706.3,7190.3,3956.2,3060.7,918.36,130.2,172.66,84.608,170.63,719.03,395.62,306.07,10200,16200,24200,16200,24200,20200,20200,20200,10000,5000,5000,15000,15000,10000,13000,7000,0,0,0,0,0,0,0,0,0,1,0,19200,0,13000,0,0,1
64200,20.294,3.7688,5.025,2.475,5.025,20.294,11.5,8.7937,45.253,34.546,34.359,34.185,33.956,35.431,34.402,34.805,202.94,37.688,50.25,24.75,50.25,202.94,115,87.937,9183.6,1302,1726.6,846.08,1706.3,7190.3,3956.2,3060.7,918.36,130.2,172.66,84.608,170.63,719.03,395.62,306.07,10200,16200,24200,16200,24200,20200,20200,20200,10000,5000,5000,15000,15000,10000,13000,7000,0,0,0,0,0,0,0,0,0,1,0,19200,0,13000,0,0,1
64800,21.85,4.05,5.4,3,5.4,21.85,12.4,9.45,48.667,36.393,36.18,35.943,35.712,37.404,36.221,36.689,218.5,40.5,54,30,54,218.5,124,94.5,10634,1473.9,1953.7,1078.3,1928.4,8172.8,4491.4,3467.1,1063.4,147.39,195.37,107.83,192.84,817.28,449.14,346.71,10200,16200,24200,16200,24200,20200,20200,20200,10000,5000,5000,15000,15000,10000,13000,7000,0,0,0,0,0,0,0,0,0,1,0,19200,0,13000,0,0,1
65400,21.85,4.05,5.4,3,5.4,21.85,12.4,9.45,48.667,36.393,36.18,35.943,35.712,37.404,36.221,36.689,218.5,40.5,54,30,54,218.5,124,94.5,10634,1473.9,1953.7,1078.3,1928.4,8172.8,4491.4,3467.1,1063.4,147.39,195.37,107.83,192.84,817.28,449.14,346.71,10200,16200,24200,16200,24200,20200,20200,20200,10000,5000,5000,15000,15000,10000,13000,7000,0,0,0,0,0,0,0,0,0,1,0,19200,0,13000,0,0,1
66000,21.85,4.05,5.4,3,5.4,21.85,12.4,9.45,48.667,36.393,36.18,35.943,35.712,37.404,36.221,36.689,218.5,40.5,54,30,54,218.5,124,94.5,10634,1473.9,1953.7,1078.3,1928.4,8172.8,4491.4,3467.1,1063.4,147.39,195.37,107.83,192.84,817.28,449.14,346.71,10200,16200,24200,16200,24200,20200,20200,20200,10000,5000,5000,15000,15000,10000,13000,7000,0,0,0,0,0,0,0,0,0,1,0,19200,0,13000,0,0,1
66600,21.85,4.05,5.4,3,5.4,21.85,12.4,9.45,48.667,36.393,36.18,35.943,35.712,37.404,36.221,36.689,218.5,40.5,54,30,54,218.5,124,94.5,10634,1473.9,1953.7,1078.3,1928.4,8172.8,4491.4,3467.1,1063.4,147.39,195.37,107.83,192.84,817.28,449.14,346.71,10200,16200,24200,16200,24200,20200,20200,20200,10000,5000,5000,15000,15000,10000,13000,7000,0,0,0,0,0,0,0,0,0,1,0,19200,0,13000,0,0,1
67200,21.85,4.05,5.4,3,5.4,21.85,12.4,9.45,48.667,36.393,36.18,35.943,35.712,37.404,36.221,36.689,218.5,40.5,54,30,54,218.5,124,94.5,10634,1473.9,1953.7,1078.3,1928.4,8172.8,4491.4,3467.1,1063.4,147.39,195.37,107.83,192.84,817.28,449.14,346.71,10200,16200,24200,16200,24200,20200,20200,20200,10000,5000,5000,15000,15000,10000,13000,7000,0,0,0,0,0,0,0,0,0,1,0,19200,0,13000,0,0,1
67800,21.85,4.05,5.4,3,5.4,21.85,12.4,9.45,48.667,36.393,36.18,35.943,35.712,37.404,36.221,36.689,218.5,40.5,54,30,54,218.5,124,94.5,10634,1473.9,1953.7,1078.3,1928.4,8172.8,4491.4,3467.1,1063.4,147.39,195.37,107.83,192.84,817.28,449.14,346.71,10200,16200,24200,16200,24200,20200,20200,20200,10000,5000,5000,15000,15000,10000,13000,7000,0,0,0,0,0,0,0,0,0,1,0,19200,0,13000,0,0,1
68400,16.864,2.6746,3.8212,2.8023,3.5662,16.864,10.369,6.4958,49.781,42.316,42.184,41.706,41.724,42.81,41.961,42.453,168.64,26.746,38.212,28.023,35.662,168.64,103.69,64.958,8395.3,1131.8,1611.9,1168.7,1488,7219.6,4350.7,2757.7,839.53,113.18,161.19,116.87,148.8,721.96,435.07,275.77,10200,16200,24200,16200,24200,20200,20200,20200,10000,5000,5000,15000,15000,10000,13000,7000,0,0,0,0,0,0,0,0,0,1,0,19200,0,13000,0,0,1
69000,16.864,2.6746,3.8212,2.8023,3.5662,16.864,10.369,6.4958,49.781,42.316,42.184,41.706,41.724,42.81,41.961,42.453,168.64,26.746,38.212,28.023,35.662,168.64,103.69,64.958,8395.3,1131.8,1611.9,1168.7,1488,7219.6,4350.7,2757.7,839.53,113.18,161.19,116.87,148.8,721.96,435.07,275.77,10200,16200,24200,16200,24200,20200,20200,20200,10000,5000,5000,15000,15000,10000,13000,7000,0,0,0,0,0,0,0,0,0,1,0,19200,0,13000,0,0,1
69600,16.864,2.6746,3.8212,2.8023,3.5662,16.864,10.369,6.4958,49.781,42.316,42.184,41.706,41.724,42.81,41.961,42.453,168.64,26.746,38.212,28.023,35.662,168.64,103.69,64.958,8395.3,1131.8,1611.9,1168.7,1488,7219.6,4350.7,2757.7,839.53,113.18,161.19,116.87,148.8,721.96,435.07,275.77,10200,16200,24200,16200,24200,20200,20200,20200,10000,5000,5000,15000,15000,10000,13000,7000,0,0,0,0,0,0,0,0,0,1,0,19200,0,13000,0,0,1
70200,16.864,2.6746,3.8212,2.8023,3.5662,16.864,10.369,6.4958,49.781,42.316,42.184,41.706,41.724,42.81,41.961,42.453,168.64,26.746,38.212,28.023,35.662,168.64,103.69,64.958,8395.3,1131.8,1611.9,1168.7,1488,7219.6,4350.7,2757.7,839.53,113.18,161.19,116.87,148.8,721.96,435.07,275.77,10200,16200,24200,16200,24200,20200,20200,20200,10000,5000,5000,15000,15000,10000,13000,7000,0,0,0,0,0,0,0,0,0,1,0,19200,0,13000,0,0,1
70800,16.864,2.6746,3.8212,2.8023,3.5662,16.864,10.369,6.4958,49.781,42.316,42.184,41.706,41.724,42.81,41.961,42.453,168.64,26.746,38.212,28.023,35.662,168.64,103.69,64.958,8395.3,1131.8,1611.9,1168.7,1488,7219.6,4350.7,2757.7,839.53,113.18,161.19,116.87,148.8,721.96,435.07,275.77,10200,16200,24200,16200,24200,20200,20200,20200,10000,5000,5000,15000,15000,10000,13000,7000,0,0,0,0,0,0,0,0,0,1,0,19200,0,13000,0,0,1
71400,16.864,2.6746,3.8212,2.8023,3.5662,16.864,10.369,6.4958,49.781,42.316,42.184,41.706,41.724,42.81,41.961,42.453,168.64,26.746,38.212,28.023,35.662,168.64,103.69,64.958,8395.3,1131.8,1611.9,1168.7,1488,7219.6,4350.7,2757.7,839.53,113.18,161.19,116.87,148.8,721.96,435.07,275.77,10200,16200,24200,16200,24200,20200,20200,20200,10000,5000,5000,15000,15000,10000,13000,7000,0,0,0,0,0,0,0,0,0,1,0,19200,0,13000,0,0,1
72000,11.2,1.2,2,2.4,1.6,11.2,8,3.2,49.973,46.579,46.53,45.972,46.128,46.707,46.181,46.61,112,12,20,24,16,112,80,32,5597,558.95,930.59,1103.3,738.04,5231.2,3694.5,1491.5,559.7,55.895,93.059,110.33,73.804,523.12,369.45,149.15,10200,16200,24200,16200,24200,20200,20200,20200,10000,5000,5000,15000,15000,10000,13000,7000,0,0,0,0,0,0,0,0,0,1,0,19200,0,13000,0,0,1
72600,11.2,1.2,2,2.4,1.6,11.2,8,3.2,49.973,46.579,46.53,45.972,46.128,46.707,46.181,46.61,112,12,20,24,16,112,80,32,5597,558.95,930.59,1103.3,738.04,5231.2,3694.5,1491.5,559.7,55.895,93.059,110.33,73.804,523.12,369.45,149.15,10200,16200,24200,16200,24200,20200,20200,20200,10000,5000,5000,15000,15000,10000,13000,7000,0,0,0,0,0,0,0,0,0,1,0,19200,0,13000,0,0,1
73200,11.2,1.2,2,2.4,1.6,11.2,8,3.2,49.973,46.579,46.53,45.972,46.128,46.707,46.181,46.61,112,12,20,24,16,112,80,32,5597,558.95,930.59,1103.3,738.04,5231.2,3694.5,1491.5,559.7,55.895,93.059,110.33,73.804,523.12,369.45,149.15,10200,16200,24200,16200,24200,20200,20200,20200,10000,5000,5000,15000,15000,10000,13000,7000,0,0,0,0,0,0,0,0,0,1,0,19200,0,13000,0,0,1
73800,11.2,1.2,2,2.4,1.6,11.2,8,3.2,49.973,46.579,46.53,45.972,46.128,46.707,46.181,46.61,112,12,20,24,16,112,80,32,5597,558.95,930.59,1103.3,738.04,5231.2,3694.5,1491.5,559.7,55.895,93.059,110.33,73.804,523.12,369.45,149.15,10200,16200,24200,16200,24200,20200,20200,20200,10000,5000,5000,15000,15000,10000,13000,7000,0,0,0,0,0,0,0,0,0,1,0,19200,0,13000,0,0,1
74400,11.2,1.2,2,2.4,1.6,11.2,8,3.2,49.973,46.579,46.53,45.972,46.128,46.707,46.181,46.61,112,12,20,24,16,112,80,32,5597,558.95,930.59,1103.3,738.04,5231.2,3694.5,1491.5,559.7,55.895,93.059,110.33,73.804,523.12,369.45,149.15,10200,16200,24200,16200,24200,20200,20200,20200,10000,5000,5000,15000,15000,10000,13000,7000,0,0,0,0,0,0,0,0,0,1,0,19200,0,13000,0,0,1
75000,11.2,1.2,2,2.4,1.6,11.2,8,3.2,49.973,46.579,46.53,45.972,46.128,46.707,46.181,46.61,112,12,20,24,16,112,80,32,5597,558.95,930.59,1103.3,738.04,5231.2,3694.5,1491.5,559.7,55.895,93.059,110.33,73.804,523.12,369.45,149.15,10200,16200,24200,16200,24200,20200,20200,20200,10000,5000,5000,15000,15000,10000,13000,7000,0,0,0,0,0,0,0,0,0,1,0,19200,0,13000,0,0,1
75600,9.8728,1.0341,1.5772,1.8826,1.3788,9.8728,7.2614,2.6113,51.162,48.487,48.458,47.978,48.096,48.576,48.137,48.51,98.728,10.341,15.772,18.826,13.788,98.728,72.614,26.113,5051.1,501.4,764.28,903.26,663.15,4795.8,3495.4,1266.7,505.11,50.14,76.428,90.326,66.315,479.58,349.54,126.67,10200,16200,24200,16200,24200,20200,20200,20200,10000,5000,5000,15000,15000,10000,13000,7000,0,0,0,0,0,0,0,0,0,1,0,19200,0,13000,0,0,1
76200,9.8728,1.0341,1.5772,1.8826,1.3788,9.8728,7.2614,2.6113,51.162,48.487,48.458,47.978,48.096,48.576,48.137,48.51,98.728,10.341,15.772,18.826,13.788,98.728,72.614,26.113,5051.1,501.4,764.28,903.26,663.15,4795.8,3495.4,1266.7,505.11,50.14,76.428,90.326,66.315,479.58,349.54,126.67,10200,16200,24200,16200,24200,20200,20200,20200,10000,5000,5000,15000,15000,10000,13000,7000,0,0,0,0,0,0,0,0,0,1,0,19200,0,13000,0,0,1
76800,9.8728,1.0341,1.5772,1.8826,1.3788,9.8728,7.2614,2.6113,51.162,48.487,48.458,47.978,48.096,48.576,48.137,48.51,98.728,10.341,15.772,18.826,13.788,98.728,72.614,26.113,5051.1,501.4,764.28,903.26,663.15,4795.8,3495.4,1266.7,505.11,50.14,76.428,90.326,66.315,479.58,349.54,126.67,10200,16200,24200,16200,24200,20200,20200,20200,10000,5000,5000,15000,15000,10000,13000,7000,0,0,0,0,0,0,0,0,0,1,0,19200,0,13000,0,0,1
77400,9.8728,1.0341,1.5772,1.8826,1.3788,9.8728,7.2614,2.6113,51.162,48.487,48.458,47.978,48.096,48.576,48.137,48.51,98.728,10.341,15.772,18.826,13.788,98.728,72.614,26.113,5051.1,501.4,764.28,903.26,663.15,4795.8,3495.4,1266.7,505.11,50.14,76.428,90.326,66.315,479.58,349.54,126.67,10200,16200,24200,16200,24200,20200,20200,20200,10000,5000,5000,15000,15000,10000,13000,7000,0,0,0,0,0,0,0,0,0,1,0,19200,0,13000,0,0,1
78000,9.8728,1.0341,1.5772,1.8826,1.3788,9.8728,7.2614,2.6113,51.162,48.487,48.458,47.978,48.096,48.576,48.137,48.51,98.728,10.341,15.772,18.826,13.788,98.728,72.614,26.113,5051.1,501.4,764.28,903.26,663.15,4795.8,3495.4,1266.7,505.11,50.14,76.428,90.326,66.315,479.58,349.54,126.67,10200,16200,24200,16200,24200,20200,20200,20200,10000,5000,5000,15000,15000,10000,13000,7000,0,0,0,0,0,0,0,0,0,1,0,19200,0,13000,0,0,1
78600,9.8728,1.0341,1.5772,1.8826,1.3788,9.8728,7.2614,2.6113,51.162,48.487,48.458,47.978,48.096,48.576,48.137,48.51,98.728,10.341,15.772,18.826,13.788,98.728,72.614,26.113,5051.1,501.4,764.28,903.26,663.15,4795.8,3495.4,1266.7,505.11,50.14,76.428,90.326,66.315,479.58,349.54,126.67,10200,16200,24200,16200,24200,20200,20200,20200,10000,5000,5000,15000,15000,10000,13000,7000,0,0,0,0,0,0,0,0,0,1,0,19200,0,13000,0,0,1
79200,8.6499,0.93375,1.2998,1.1714,1.245,8.6499,6.4163,2.2336,53.285,51.192,51.175,50.809,50.878,51.261,50.911,51.211,86.499,9.3375,12.998,11.714,12.45,86.499,64.163,22.336,4609.1,478,665.17,595.15,633.43,4434,3266.7,1143.8,460.91,47.8,66.517,59.515,63.343,443.4,326.67,114.38,10200,16200,24200,16200,24200,20200,20200,20200,10000,5000,5000,15000,15000,10000,13000,7000,0,0,0,0,0,0,0,0,0,1,0,19200,0,13000,0,0,1
79800,8.6499,0.93375,1.2998,1.1714,1.245,8.6499,6.4163,2.2336,53.285,51.192,51.175,50.809,50.878,51.261,50.911,51.211,86.499,9.3375,12.998,11.714,12.45,86.499,64.163,22.336,4609.1,478,665.17,595.15,633.43,4434,3266.7,1143.8,460.91,47.8,66.517,59.515,63.343,443.4,326.67,114.38,10200,16200,24200,16200,24200,20200,20200,20200,10000,5000,5000,15000,15000,10000,13000,7000,0,0,0,0,0,0,0,0,0,1,0,19200,0,13000,0,0,1
80400,8.6499,0.93375,1.2998,1.1714,1.245,8.6499,6.4163,2.2336,53.285,51.192,51.175,50.809,50.878,51.261,50.911,51.211,86.499,9.3375,12.998,11.714,12.45,86.499,64.163,22.336,4609.1,478,665.17,595.15,633.43,4434,3266.7,1143.8,460.91,47.8,66.517,59.515,63.343,443.4,326.67,114.38,10200,16200,24200,16200,24200,20200,20200,20200,10000,5000,5000,15000,15000,10000,13000,7000,0,0,0,0,0,0,0,0,0,1,0,19200,0,13000,0,0,1
81000,8.6499,0.93375,1.2998,1.1714,1.245,8.6499,6.4163,2.2336,53.285,51.192,51.175,50.809,50.878,51.261,50.911,51.211,86.499,9.3375,12.998,11.714,12.45,86.499,64.163,22.336,4609.1,478,665.17,595.15,633.43,4434,3266.7,1143.8,460.91,47.8,66.517,59.515,63.343,443.4,326.67,114.38,10200,16200,24200,16200,24200,20200,20200,20200,10000,5000,5000,15000,15000,10000,13000,7000,0,0,0,0,0,0,0,0,0,1,0,19200,0,13000,0,0,1
81600,8.6499,0.93375,1.2998,1.1714,1.245,8.6499,6.4163,2.2336,53.285,51.192,51.175,50.809,50.878,51.261,50.911,51.211,86.499,9.3375,12.998,11.714,12.45,86.499,64.163,22.336,4609.1,478,665.17,595.15,633.43,4434,3266.7,1143.8,460.91,47.8,66.517,59.515,63.343,443.4,326.67,114.38,10200,16200,24200,16200,24200,20200,20200,20200,10000,5000,5000,15000,15000,10000,13000,7000,0,0,0,0,0,0,0,0,0,1,0,19200,0,13000,0,0,1
82200,8.6499,0.93375,1.2998,1.1714,1.245,8.6499,6.4163,2.2336,53.285,51.192,51.175,50.809,50.878,51.261,50.911,51.211,86.499,9.3375,12.998,11.714,12.45,86.499,64.163,22.336,4609.1,478,665.17,595.15,633.43,4434,3266.7,1143.8,460.91,47.8,66.517,59.515,63.343,443.4,326.67,114.38,10200,16200,24200,16200,24200,20200,20200,20200,10000,5000,5000,15000,15000,10000,13000,7000,0,0,0,0,0,0,0,0,0,1,0,19200,0,13000,0,0,1
82800,7.6,0.9,1.2,0.3,1.2,7.6,5.5,2.1,56.179,54.524,54.511,54.266,54.293,54.586,54.324,54.542,76,9,12,3,12,76,55,21,4269.6,490.72,654.13,162.8,651.51,4148.6,2987.8,1145.4,426.96,49.072,65.413,16.28,65.151,414.86,298.78,114.54,10200,16200,24200,16200,24200,20200,20200,20200,10000,5000,5000,15000,15000,10000,13000,7000,0,0,0,0,0,0,0,0,0,1,0,19200,0,13000,0,0,1
83400,7.6,0.9,1.2,0.3,1.2,7.6,5.5,2.1,56.179,54.524,54.511,54.266,54.293,54.586,54.324,54.542,76,9,12,3,12,76,55,21,4269.6,490.72,654.13,162.8,651.51,4148.6,2987.8,1145.4,426.96,49.072,65.413,16.28,65.151,414.86,298.78,114.54,10200,16200,24200,16200,24200,20200,20200,20200,10000,5000,5000,15000,15000,10000,13000,7000,0,0,0,0,0,0,0,0,0,1,0,19200,0,13000,0,0,1
84000,7.6,0.9,1.2,0.3,1.2,7.6,5.5,2.1,56.179,54.524,54.511,54.266,54.293,54.586,54.324,54.542,76,9,12,3,12,76,55,21,4269.6,490.72,654.13,162.8,651.51,4148.6,2987.8,1145.4,426.96,49.072,65.413,16.28,65.151,414.86,298.78,114.54,10200,16200,24200,16200,24200,20200,20200,20200,10000,5000,5000,15000,15000,10000,13000,7000,0,0,0,0,0,0,0,0,0,1,0,19200,0,13000,0,0,1
84600,7.6,0.9,1.2,0.3,1.2,7.6,5.5,2.1,56.179,54.524,54.511,54.266,54.293,54.586,54.324,54.542,76,9,12,3,12,76,55,21,4269.6,490.72,654.13,162.8,651.51,4148.6,2987.8,1145.4,426.96,49.072,65.413,16.28,65.151,414.86,298.78,114.54,10200,16200,24200,16200,24200,20200,20200,20200,10000,5000,5000,15000,15000,10000,13000,7000,0,0,0,0,0,0,0,0,0,1,0,19200,0,13000,0,0,1
85200,7.6,0.9,1.2,0.3,1.2,7.6,5.5,2.1,56.179,54.524,54.511,54.266,54.293,54.586,54.324,54.542,76,9,12,3,12,76,55,21,4269.6,490.72,654.13,162.8,651.51,4148.6,2987.8,1145.4,426.96,49.072,65.413,16.28,65.151,414.86,298.78,114.54,10200,16200,24200,16200,24200,20200,20200,20200,10000,5000,5000,15000,15000,10000,13000,7000,0,0,0,0,0,0,0,0,0,1,0,19200,0,13000,0,0,1
85800,7.6,0.9,1.2,0.3,1.2,7.6,5.5,2.1,56.179,54.524,54.511,54.266,54.293,54.586,54.324,54.542,76,9,12,3,12,76,55,21,4269.6,490.72,654.13,162.8,651.51,4148.6,2987.8,1145.4,426.96,49.072,65.413,16.28,65.151,414.86,298.78,114.54,10200,16200,24200,16200,24200,20200,20200,20200,10000,5000,5000,15000,15000,10000,13000,7000,0,0,0,0,0,0,0,0,0,1,0,19200,0,13000,0,0,1
86400,3.05,0.75,1,0.3,1,3.05,1.3,1.75,46.673,46.335,46.325,46.359,46.339,46.379,46.361,46.348,30.5,7.5,10,3,10,30.5,13,17.5,1423.5,347.51,463.25,139.08,463.39,1414.6,602.69,811.08,142.35,34.751,46.325,13.908,46.339,141.46,60.269,81.108,10200,16200,24200,16200,24200,20200,20200,20200,10000,5000,5000,15000,15000,10000,13000,7000,0,0,0,0,0,0,0,0,0,1,0,19200,0,13000,0,0,1
