0,1.45,0.15,0.4,0.3,0.6,1.45,0.9,0.55,51.642,51.642,51.642,51.642,51.642,51.642,51.642,51.642,14.5,1.5,4,3,6,14.5,9,5.5,748.81,77.463,206.57,154.93,309.85,748.81,464.78,284.03,74.881,7.7463,20.657,15.493,30.985,74.881,46.478,28.403,120,126,134,126,134,130,130,130,100,95,95,105,105,100,103,97,0,0,0,0,0,0,0,0,0,0,0,0,0,0,0,0,1
600,1.45,0.15,0.4,0.3,0.6,1.45,0.9,0.55,51.642,51.642,51.642,51.642,51.642,51.642,51.642,51.642,14.5,1.5,4,3,6,14.5,9,5.5,748.81,77.463,206.57,154.93,309.85,748.81,464.78,284.03,74.881,7.7463,20.657,15.493,30.985,74.881,46.478,28.403,120,126,134,126,134,130,130,130,100,95,95,105,105,100,103,97,0,0,0,0,0,0,0,0,0,0,0,0,0,0,0,0,1
1200,1.45,0.15,0.4,0.3,0.6,1.45,0.9,0.55,51.642,51.642,51.642,51.642,51.642,51.642,51.642,51.642,14.5,1.5,4,3,6,14.5,9,5.5,748.81,77.463,206.57,154.93,309.85,748.81,464.78,284.03,74.881,7.7463,20.657,15.493,30.985,74.881,46.478,28.403,120,126,134,126,134,130,130,130,100,95,95,105,105,100,103,97,0,0,0,0,0,0,0,0,0,0,0,0,0,0,0,0,1
1800,1.45,0.15,0.4,0.3,0.6,1.45,0.9,0.55,51.642,51.642,51.642,51.642,51.642,51.642,51.642,51.642,14.5,1.5,4,3,6,14.5,9,5.5,748.81,77.463,206.57,154.93,309.85,748.81,464.78,284.03,74.881,7.7463,20.657,15.493,30.985,74.881,46.478,28.403,120,126,134,126,134,130,130,130,100,95,95,105,105,100,103,97,0,0,0,0,0,0,0,0,0,0,0,0,0,0,0,0,1
2400,1.45,0.15,0.4,0.3,0.6,1.45,0.9,0.55,51.642,51.642,51.642,51.642,51.642,51.642,51.642,51.642,14.5,1.5,4,3,6,14.5,9,5.5,748.81,77.463,206.57,154.93,309.85,748.81,464.78,284.03,74.881,7.7463,20.657,15.493,30.985,74.881,46.478,28.403,120,126,134,126,134,130,130,130,100,95,95,105,105,100,103,97,0,0,0,0,0,0,0,0,0,0,0,0,0,0,0,0,1
3000,1.45,0.15,0.4,0.3,0.6,1.45,0.9,0.55,51.642,51.642,51.642,51.642,51.642,51.642,51.642,51.642,14.5,1.5,4,3,6,14.5,9,5.5,748.81,77.463,206.57,154.93,309.85,748.81,464.78,284.03,74.881,7.7463,20.657,15.493,30.985,74.881,46.478,28.403,120,126,134,126,134,130,130,130,100,95,95,105,105,100,103,97,0,0,0,0,0,0,0,0,0,0,0,0,0,0,0,0,1
3600,1.5322,0.15,0.4,0.3,0.6822,1.5322,0.9822,0.55,51.601,51.601,51.601,51.601,51.601,51.601,51.601,51.601,15.322,1.5,4,3,6.822,15.322,9.822,5.5,790.63,77.401,206.4,154.8,352.02,790.62,506.82,283.8,79.063,7.7401,20.64,15.48,35.202,79.062,50.682,28.38,120,126,134,126,134,130,130,130,100,95,95,105,105,100,103,97,0,0,0,0,0,0,0,0,0,0,0,0,0,0,0,0,1
4200,1.5322,0.15,0.4,0.3,0.6822,1.5322,0.9822,0.55,51.601,51.601,51.601,51.601,51.601,51.601,51.601,51.601,15.322,1.5,4,3,6.822,15.322,9.822,5.5,790.63,77.401,206.4,154.8,352.02,790.62,506.82,283.8,79.063,7.7401,20.64,15.48,35.202,79.062,50.682,28.38,120,126,134,126,134,130,130,130,100,95,95,105,105,100,103,97,0,0,0,0,0,0,0,0,0,0,0,0,0,0,0,0,1
4800,1.5322,0.15,0.4,0.3,0.6822,1.5322,0.9822,0.55,51.601,51.601,51.601,51.601,51.601,51.601,51.601,51.601,15.322,1.5,4,3,6.822,15.322,9.822,5.5,790.63,77.401,206.4,154.8,352.02,790.62,506.82,283.8,79.063,7.7401,20.64,15.48,35.202,79.062,50.682,28.38,120,126,134,126,134,130,130,130,100,95,95,105,105,100,103,97,0,0,0,0,0,0,0,0,0,0,0,0,0,0,0,0,1
5400,1.5322,0.15,0.4,0.3,0.6822,1.5322,0.9822,0.55,51.601,51.601,51.601,51.601,51.601,51.601,51.601,51.601,15.322,1.5,4,3,6.822,15.322,9.822,5.5,790.63,77.401,206.4,154.8,352.02,790.62,506.82,283.8,79.063,7.7401,20.64,15.48,35.202,79.062,50.682,28.38,120,126,134,126,134,130,130,130,100,95,95,105,105,100,103,97,0,0,0,0,0,0,0,0,0,0,0,0,0,0,0,0,1
6000,1.5322,0.15,0.4,0.3,0.6822,1.5322,0.9822,0.55,51.601,51.601,51.601,51.601,51.601,51.601,51.601,51.601,15.322,1.5,4,3,6.822,15.322,9.822,5.5,790.63,77.401,206.4,154.8,352.02,790.62,506.82,283.8,79.063,7.7401,20.64,15.48,35.202,79.062,50.682,28.38,120,126,134,126,134,130,130,130,100,95,95,105,105,100,103,97,0,0,0,0,0,0,0,0,0,0,0,0,0,0,0,0,1
6600,1.5322,0.15,0.4,0.3,0.6822,1.5322,0.9822,0.55,51.601,51.601,51.601,51.601,51.601,51.601,51.601,51.601,15.322,1.5,4,3,6.822,15.322,9.822,5.5,790.63,77.401,206.4,154.8,352.02,790.62,506.82,283.8,79.063,7.7401,20.64,15.48,35.202,79.062,50.682,28.38,120,126,134,126,134,130,130,130,100,95,95,105,105,100,103,97,0,0,0,0,0,0,0,0,0,0,0,0,0,0,0,0,1
7200,1.4774,1.7887e-13,0.4,0.3,0.7774,1.4774,1.0774,0.40002,51.629,51.629,51.629,51.629,51.629,51.629,51.629,51.629,14.774,1.7887e-12,4,3,7.774,14.774,10.774,4.0002,762.77,9.2347e-11,206.51,154.89,401.36,762.77,556.25,206.52,76.277,9.2347e-12,20.651,15.489,40.136,76.277,55.625,20.652,120,126,134,126,134,130,130,130,100,95,95,105,105,100,103,97,0,0,0,0,0,0,0,0,0,0,0,0,0,0,0,0,1
7800,1.4773,5.8908e-21,0.4,0.3,0.7774,1.4773,1.0774,0.3999,51.629,51.629,51.629,51.629,51.629,51.629,51.629,51.629,14.773,5.8908e-20,4,3,7.774,14.773,10.774,3.999,762.71,3.0414e-18,206.51,154.89,401.36,762.71,556.25,206.47,76.271,3.0414e-19,20.651,15.489,40.136,76.271,55.625,20.647,120,126,134,126,134,130,130,130,100,95,95,105,105,100,103,97,0,0,0,0,0,0,0,0,0,0,0,0,0,0,0,0,1
8400,1.4782,0.00048288,0.4,0.3,0.7774,1.4782,1.0774,0.40078,51.628,51.628,51.628,51.628,51.628,51.628,51.628,51.628,14.782,0.0048288,4,3,7.774,14.782,10.774,4.0078,763.16,0.2493,206.51,154.88,401.36,763.16,556.24,206.92,76.316,0.02493,20.651,15.488,40.136,76.316,55.624,20.692,120,126,134,126,134,130,130,130,100,95,95,105,105,100,103,97,0,0,0,0,0,0,0,0,0,0,0,0,0,0,0,0,1
9000,1.4774,-1.0803e-08,0.4,0.3,0.7774,1.4774,1.0774,0.4,51.629,51.629,51.629,51.629,51.629,51.629,51.629,51.629,14.774,-1.0803e-07,4,3,7.774,14.774,10.774,4,762.76,-5.5774e-06,206.51,154.89,401.36,762.76,556.25,206.51,76.276,-5.5774e-07,20.651,15.489,40.136,76.276,55.625,20.651,120,126,134,126,134,130,130,130,100,95,95,105,105,100,103,97,0,0,0,0,0,0,0,0,0,0,0,0,0,0,0,0,1
9600,1.4775,0.00048097,0.4,0.3,0.7774,1.4775,1.0774,0.40014,51.629,51.629,51.629,51.629,51.629,51.629,51.629,51.629,14.775,0.0048097,4,3,7.774,14.775,10.774,4.0014,762.83,0.24832,206.51,154.89,401.36,762.83,556.25,206.58,76.283,0.024832,20.651,15.489,40.136,76.283,55.625,20.658,120,126,134,126,134,130,130,130,100,95,95,105,105,100,103,97,0,0,0,0,0,0,0,0,0,0,0,0,0,0,0,0,1
10200,1.4774,-3.0731e-08,0.4,0.3,0.7774,1.4774,1.0774,0.4,51.629,51.629,51.629,51.629,51.629,51.629,51.629,51.629,14.774,-3.0731e-07,4,3,7.774,14.774,10.774,4,762.76,-1.5866e-05,206.51,154.89,401.36,762.76,556.25,206.51,76.276,-1.5866e-06,20.651,15.489,40.136,76.276,55.625,20.651,120,126,134,126,134,130,130,130,100,95,95,105,105,100,103,97,0,0,0,0,0,0,0,0,0,0,0,0,0,0,0,0,1
10800,1.584,-3.7751e-08,0.4,0.3,0.884,1.584,1.184,0.4,51.573,51.573,51.573,51.573,51.573,51.573,51.573,51.573,15.84,-3.7751e-07,4,3,8.84,15.84,11.84,4,816.92,-1.9469e-05,206.29,154.72,455.91,816.92,610.63,206.29,81.692,-1.9469e-06,20.629,15.472,45.591,81.692,61.063,20.629,120,126,134,126,134,130,130,130,100,95,95,105,105,100,103,97,0,0,0,0,0,0,0,0,0,0,0,0,0,0,0,0,1
11400,1.5846,0.00044306,0.4,0.3,0.884,1.5846,1.184,0.40057,51.573,51.573,51.573,51.573,51.573,51.573,51.573,51.573,15.846,0.0044306,4,3,8.84,15.846,11.84,4.0057,817.21,0.2285,206.29,154.72,455.9,817.21,610.62,206.59,81.721,0.02285,20.629,15.472,45.59,81.721,61.062,20.659,120,126,134,126,134,130,130,130,100,95,95,105,105,100,103,97,0,0,0,0,0,0,0,0,0,0,0,0,0,0,0,0,1
12000,1.584,-1.9209e-07,0.4,0.3,0.884,1.584,1.184,0.4,51.573,51.573,51.573,51.573,51.573,51.573,51.573,51.573,15.84,-1.9209e-06,4,3,8.84,15.84,11.84,4,816.92,-9.9066e-05,206.29,154.72,455.91,816.92,610.63,206.29,81.692,-9.9066e-06,20.629,15.472,45.591,81.692,61.063,20.629,120,126,134,126,134,130,130,130,100,95,95,105,105,100,103,97,0,0,0,0,0,0,0,0,0,0,0,0,0,0,0,0,1
12600,1.5839,-8.8493e-08,0.4,0.3,0.884,1.5839,1.184,0.39994,51.573,51.573,51.573,51.573,51.573,51.573,51.573,51.573,15.839,-8.8493e-07,4,3,8.84,15.839,11.84,3.9994,816.89,-4.5639e-05,206.29,154.72,455.91,816.89,610.63,206.26,81.689,-4.5639e-06,20.629,15.472,45.591,81.689,61.063,20.626,120,126,134,126,134,130,130,130,100,95,95,105,105,100,103,97,0,0,0,0,0,0,0,0,0,0,0,0,0,0,0,0,1
13200,1.5841,-4.0762e-08,0.4,0.3,0.884,1.5841,1.184,0.40012,51.573,51.573,51.573,51.573,51.573,51.573,51.573,51.573,15.841,-4.0762e-07,4,3,8.84,15.841,11.84,4.0012,816.98,-2.1022e-05,206.29,154.72,455.91,816.98,610.62,206.36,81.698,-2.1022e-06,20.629,15.472,45.591,81.698,61.062,20.636,120,126,134,126,134,130,130,130,100,95,95,105,105,100,103,97,0,0,0,0,0,0,0,0,0,0,0,0,0,0,0,0,1
13800,1.5847,0.00041495,0.4,0.3,0.884,1.5847,1.184,0.40075,51.573,51.573,51.573,51.573,51.573,51.573,51.573,51.573,15.847,0.0041495,4,3,8.84,15.847,11.84,4.0075,817.3,0.214,206.29,154.72,455.9,817.3,610.62,206.68,81.73,0.0214,20.629,15.472,45.59,81.73,61.062,20.668,120,126,134,126,134,130,130,130,100,95,95,105,105,100,103,97,0,0,0,0,0,0,0,0,0,0,0,0,0,0,0,0,1
14400,2.45,0.75,0.4,0.3,1,2.45,1.3,1.15,50.979,50.979,50.979,50.979,50.979,50.979,50.979,50.979,24.5,7.5,4,3,10,24.5,13,11.5,1249,382.34,203.91,152.94,509.79,1249,662.72,586.25,124.9,38.234,20.391,15.294,50.979,124.9,66.272,58.625,120,126,134,126,134,130,130,130,100,95,95,105,105,100,103,97,0,0,0,0,0,0,0,0,0,0,0,0,0,0,0,0,1
15000,2.45,0.75,0.4,0.3,1,2.45,1.3,1.15,50.979,50.979,50.979,50.979,50.979,50.979,50.979,50.979,24.5,7.5,4,3,10,24.5,13,11.5,1249,382.34,203.91,152.94,509.79,1249,662.72,586.25,124.9,38.234,20.391,15.294,50.979,124.9,66.272,58.625,120,126,134,126,134,130,130,130,100,95,95,105,105,100,103,97,0,0,0,0,0,0,0,0,0,0,0,0,0,0,0,0,1
15600,2.45,0.75,0.4,0.3,1,2.45,1.3,1.15,50.979,50.979,50.979,50.979,50.979,50.979,50.979,50.979,24.5,7.5,4,3,10,24.5,13,11.5,1249,382.34,203.91,152.94,509.79,1249,662.72,586.25,124.9,38.234,20.391,15.294,50.979,124.9,66.272,58.625,120,126,134,126,134,130,130,130,100,95,95,105,105,100,103,97,0,0,0,0,0,0,0,0,0,0,0,0,0,0,0,0,1
16200,2.45,0.75,0.4,0.3,1,2.45,1.3,1.15,50.979,50.979,50.979,50.979,50.979,50.979,50.979,50.979,24.5,7.5,4,3,10,24.5,13,11.5,1249,382.34,203.91,152.94,509.79,1249,662.72,586.25,124.9,38.234,20.391,15.294,50.979,124.9,66.272,58.625,120,126,134,126,134,130,130,130,100,95,95,105,105,100,103,97,0,0,0,0,0,0,0,0,0,0,0,0,0,0,0,0,1
16800,2.45,0.75,0.4,0.3,1,2.45,1.3,1.15,50.979,50.979,50.979,50.979,50.979,50.979,50.979,50.979,24.5,7.5,4,3,10,24.5,13,11.5,1249,382.34,203.91,152.94,509.79,1249,662.72,586.25,124.9,38.234,20.391,15.294,50.979,124.9,66.272,58.625,120,126,134,126,134,130,130,130,100,95,95,105,105,100,103,97,0,0,0,0,0,0,0,0,0,0,0,0,0,0,0,0,1
17400,2.45,0.75,0.4,0.3,1,2.45,1.3,1.15,50.979,50.979,50.979,50.979,50.979,50.979,50.979,50.979,24.5,7.5,4,3,10,24.5,13,11.5,1249,382.34,203.91,152.94,509.79,1249,662.72,586.25,124.9,38.234,20.391,15.294,50.979,124.9,66.272,58.625,120,126,134,126,134,130,130,130,100,95,95,105,105,100,103,97,0,0,0,0,0,0,0,0,0,0,0,0,0,0,0,0,1
18000,4.064,1.5,1,0.45,1.114,4.064,1.564,2.5,49.19,49.19,49.19,49.19,49.19,49.19,49.19,49.19,40.64,15,10,4.5,11.14,40.64,15.64,25,1999.1,737.84,491.9,221.35,547.97,1999.1,769.33,1229.7,199.91,73.784,49.19,22.135,54.797,199.91,76.933,122.97,120,126,134,126,134,130,130,130,100,95,95,105,105,100,103,97,0,0,0,0,0,0,0,0,0,0,0,0,0,0,0,0,1
18600,4.064,1.5,1,0.45,1.114,4.064,1.564,2.5,49.19,49.19,49.19,49.19,49.19,49.19,49.19,49.19,40.64,15,10,4.5,11.14,40.64,15.64,25,1999.1,737.84,491.9,221.35,547.97,1999.1,769.33,1229.7,199.91,73.784,49.19,22.135,54.797,199.91,76.933,122.97,120,126,134,126,134,130,130,130,100,95,95,105,105,100,103,97,0,0,0,0,0,0,0,0,0,0,0,0,0,0,0,0,1
19200,4.064,1.5,1,0.45,1.114,4.064,1.564,2.5,49.19,49.19,49.19,49.19,49.19,49.19,49.19,49.19,40.64,15,10,4.5,11.14,40.64,15.64,25,1999.1,737.84,491.9,221.35,547.97,1999.1,769.33,1229.7,199.91,73.784,49.19,22.135,54.797,199.91,76.933,122.97,120,126,134,126,134,130,130,130,100,95,95,105,105,100,103,97,0,0,0,0,0,0,0,0,0,0,0,0,0,0,0,0,1
19800,4.064,1.5,1,0.45,1.114,4.064,1.564,2.5,49.19,49.19,49.19,49.19,49.19,49.19,49.19,49.19,40.64,15,10,4.5,11.14,40.64,15.64,25,1999.1,737.84,491.9,221.35,547.97,1999.1,769.33,1229.7,199.91,73.784,49.19,22.135,54.797,199.91,76.933,122.97,120,126,134,126,134,130,130,130,100,95,95,105,105,100,103,97,0,0,0,0,0,0,0,0,0,0,0,0,0,0,0,0,1
20400,4.064,1.5,1,0.45,1.114,4.064,1.564,2.5,49.19,49.19,49.19,49.19,49.19,49.19,49.19,49.19,40.64,15,10,4.5,11.14,40.64,15.64,25,1999.1,737.84,491.9,221.35,547.97,1999.1,769.33,1229.7,199.91,73.784,49.19,22.135,54.797,199.91,76.933,122.97,120,126,134,126,134,130,130,130,100,95,95,105,105,100,103,97,0,0,0,0,0,0,0,0,0,0,0,0,0,0,0,0,1
21000,4.064,1.5,1,0.45,1.114,4.064,1.564,2.5,49.19,49.19,49.19,49.19,49.19,49.19,49.19,49.19,40.64,15,10,4.5,11.14,40.64,15.64,25,1999.1,737.84,491.9,221.35,547.97,1999.1,769.33,1229.7,199.91,73.784,49.19,22.135,54.797,199.91,76.933,122.97,120,126,134,126,134,130,130,130,100,95,95,105,105,100,103,97,0,0,0,0,0,0,0,0,0,0,0,0,0,0,0,0,1
21600,5.2338,1.8,1.6,0.6,1.2338,5.2338,1.8338,3.4,47.34,47.339,47.339,47.339,47.339,47.339,47.339,47.339,52.338,18,16,6,12.338,52.338,18.338,34,2477.7,852.1,757.42,284.03,584.07,2477.6,868.11,1609.5,247.77,85.21,75.742,28.403,58.407,247.76,86.811,160.95,120,126,134,126,134,130,130,130,100,95,95,105,105,100,103,97,0,0,0,0,0,0,0,0,0,0,0,0,0,0,0,0,1
22200,5.2338,1.8,1.6,0.6,1.2338,5.2338,1.8338,3.4,47.34,47.339,47.339,47.339,47.339,47.339,47.339,47.339,52.338,18,16,6,12.338,52.338,18.338,34,2477.7,852.1,757.42,284.03,584.07,2477.6,868.11,1609.5,247.77,85.21,75.742,28.403,58.407,247.76,86.811,160.95,120,126,134,126,134,130,130,130,100,95,95,105,105,100,103,97,0,0,0,0,0,0,0,0,0,0,0,0,0,0,0,0,1
22800,5.2338,1.8,1.6,0.6,1.2338,5.2338,1.8338,3.4,47.34,47.339,47.339,47.339,47.339,47.339,47.339,47.339,52.338,18,16,6,12.338,52.338,18.338,34,2477.7,852.1,757.42,284.03,584.07,2477.6,868.11,1609.5,247.77,85.21,75.742,28.403,58.407,247.76,86.811,160.95,120,126,134,126,134,130,130,130,100,95,95,105,105,100,103,97,0,0,0,0,0,0,0,0,0,0,0,0,0,0,0,0,1
23400,5.2338,1.8,1.6,0.6,1.2338,5.2338,1.8338,3.4,47.34,47.339,47.339,47.339,47.339,47.339,47.339,47.339,52.338,18,16,6,12.338,52.338,18.338,34,2477.7,852.1,757.42,284.03,584.07,2477.6,868.11,1609.5,247.77,85.21,75.742,28.403,58.407,247.76,86.811,160.95,120,126,134,126,134,130,130,130,100,95,95,105,105,100,103,97,0,0,0,0,0,0,0,0,0,0,0,0,0,0,0,0,1
24000,5.2338,1.8,1.6,0.6,1.2338,5.2338,1.8338,3.4,47.34,47.339,47.339,47.339,47.339,47.339,47.339,47.339,52.338,18,16,6,12.338,52.338,18.338,34,2477.7,852.1,757.42,284.03,584.07,2477.6,868.11,1609.5,247.77,85.21,75.742,28.403,58.407,247.76,86.811,160.95,120,126,134,126,134,130,130,130,100,95,95,105,105,100,103,97,0,0,0,0,0,0,0,0,0,0,0,0,0,0,0,0,1
24600,5.2338,1.8,1.6,0.6,1.2338,5.2338,1.8338,3.4,47.34,47.339,47.339,47.339,47.339,47.339,47.339,47.339,52.338,18,16,6,12.338,52.338,18.338,34,2477.7,852.1,757.42,284.03,584.07,2477.6,868.11,1609.5,247.77,85.21,75.742,28.403,58.407,247.76,86.811,160.95,120,126,134,126,134,130,130,130,100,95,95,105,105,100,103,97,0,0,0,0,0,0,0,0,0,0,0,0,0,0,0,0,1
25200,6.4368,2.1,2.2,0.75,1.3868,6.4368,2.1368,4.3,44.952,44.95,44.95,44.95,44.95,44.95,44.95,44.95,64.368,21,22,7.5,13.868,64.368,21.368,43,2893.5,943.95,988.9,337.13,623.37,2893.4,960.5,1932.9,289.35,94.395,98.89,33.713,62.337,289.34,96.05,193.29,120,126,134,126,134,130,130,130,100,95,95,105,105,100,103,97,0,0,0,0,0,0,0,0,0,0,0,0,0,0,0,0,1
25800,6.4368,2.1,2.2,0.75,1.3868,6.4368,2.1368,4.3,44.952,44.95,44.95,44.95,44.95,44.95,44.95,44.95,64.368,21,22,7.5,13.868,64.368,21.368,43,2893.5,943.95,988.9,337.13,623.37,2893.4,960.5,1932.9,289.35,94.395,98.89,33.713,62.337,289.34,96.05,193.29,120,126,134,126,134,130,130,130,100,95,95,105,105,100,103,97,0,0,0,0,0,0,0,0,0,0,0,0,0,0,0,0,1
26400,6.4368,2.1,2.2,0.75,1.3868,6.4368,2.1368,4.3,44.952,44.95,44.95,44.95,44.95,44.95,44.95,44.95,64.368,21,22,7.5,13.868,64.368,21.368,43,2893.5,943.95,988.9,337.13,623.37,2893.4,960.5,1932.9,289.35,94.395,98.89,33.713,62.337,289.34,96.05,193.29,120,126,134,126,134,130,130,130,100,95,95,105,105,100,103,97,0,0,0,0,0,0,0,0,0,0,0,0,0,0,0,0,1
27000,6.4368,2.1,2.2,0.75,1.3868,6.4368,2.1368,4.3,44.952,44.95,44.95,44.95,44.95,44.95,44.95,44.95,64.368,21,22,7.5,13.868,64.368,21.368,43,2893.5,943.95,988.9,337.13,623.37,2893.4,960.5,1932.9,289.35,94.395,98.89,33.713,62.337,289.34,96.05,193.29,120,126,134,126,134,130,130,130,100,95,95,105,105,100,103,97,0,0,0,0,0,0,0,0,0,0,0,0,0,0,0,0,1
27600,6.4368,2.1,2.2,0.75,1.3868,6.4368,2.1368,4.3,44.952,44.95,44.95,44.95,44.95,44.95,44.95,44.95,64.368,21,22,7.5,13.868,64.368,21.368,43,2893.5,943.95,988.9,337.13,623.37,2893.4,960.5,1932.9,289.35,94.395,98.89,33.713,62.337,289.34,96.05,193.29,120,126,134,126,134,130,130,130,100,95,95,105,105,100,103,97,0,0,0,0,0,0,0,0,0,0,0,0,0,0,0,0,1
28200,6.4368,2.1,2.2,0.75,1.3868,6.4368,2.1368,4.3,44.952,44.95,44.95,44.95,44.95,44.95,44.95,44.95,64.368,21,22,7.5,13.868,64.368,21.368,43,2893.5,943.95,988.9,337.13,623.37,2893.4,960.5,1932.9,289.35,94.395,98.89,33.713,62.337,289.34,96.05,193.29,120,126,134,126,134,130,130,130,100,95,95,105,105,100,103,97,0,0,0,0,0,0,0,0,0,0,0,0,0,0,0,0,1
28800,7.8,2.7,2.6,0.9,1.6,7.8,2.5,5.3,41.651,41.648,41.648,41.648,41.648,41.648,41.648,41.648,78,27,26,9,16,78,25,53,3248.7,1124.5,1082.8,374.84,666.37,3248.6,1041.2,2207.4,324.87,112.45,108.28,37.484,66.637,324.86,104.12,220.74,120,126,134,126,134,130,130,130,100,95,95,105,105,100,103,97,0,0,0,0,0,0,0,0,0,0,0,0,0,0,0,0,1
29400,7.8,2.7,2.6,0.9,1.6,7.8,2.5,5.3,41.651,41.648,41.648,41.648,41.648,41.648,41.648,41.648,78,27,26,9,16,78,25,53,3248.7,1124.5,1082.8,374.84,666.37,3248.6,1041.2,2207.4,324.87,112.45,108.28,37.484,66.637,324.86,104.12,220.74,120,126,134,126,134,130,130,130,100,95,95,105,105,100,103,97,0,0,0,0,0,0,0,0,0,0,0,0,0,0,0,0,1
30000,7.8,2.7,2.6,0.9,1.6,7.8,2.5,5.3,41.651,41.648,41.648,41.648,41.648,41.648,41.648,41.648,78,27,26,9,16,78,25,53,3248.7,1124.5,1082.8,374.84,666.37,3248.6,1041.2,2207.4,324.87,112.45,108.28,37.484,66.637,324.86,104.12,220.74,120,126,134,126,134,130,130,130,100,95,95,105,105,100,103,97,0,0,0,0,0,0,0,0,0,0,0,0,0,0,0,0,1
30600,7.8,2.7,2.6,0.9,1.6,7.8,2.5,5.3,41.651,41.648,41.648,41.648,41.648,41.648,41.648,41.648,78,27,26,9,16,78,25,53,3248.7,1124.5,1082.8,374.84,666.37,3248.6,1041.2,2207.4,324.87,112.45,108.28,37.484,66.637,324.86,104.12,220.74,120,126,134,126,134,130,130,130,100,95,95,105,105,100,103,97,0,0,0,0,0,0,0,0,0,0,0,0,0,0,0,0,1
31200,7.8,2.7,2.6,0.9,1.6,7.8,2.5,5.3,41.651,41.648,41.648,41.648,41.648,41.648,41.648,41.648,78,27,26,9,16,78,25,53,3248.7,1124.5,1082.8,374.84,666.37,3248.6,1041.2,2207.4,324.87,112.45,108.28,37.484,66.637,324.86,104.12,220.74,120,126,134,126,134,130,130,130,100,95,95,105,105,100,103,97,0,0,0,0,0,0,0,0,0,0,0,0,0,0,0,0,1
31800,7.8,2.7,2.6,0.9,1.6,7.8,2.5,5.3,41.651,41.648,41.648,41.648,41.648,41.648,41.648,41.648,78,27,26,9,16,78,25,53,3248.7,1124.5,1082.8,374.84,666.37,3248.6,1041.2,2207.4,324.87,112.45,108.28,37.484,66.637,324.86,104.12,220.74,120,126,134,126,134,130,130,130,100,95,95,105,105,100,103,97,0,0,0,0,0,0,0,0,0,0,0,0,0,0,0,0,1
32400,7.7308,1.8,2.8,0.9,2.2308,7.7308,3.1308,4.6,41.833,41.831,41.831,41.831,41.831,41.831,41.831,41.831,77.308,18,28,9,22.308,77.308,31.308,46,3234.1,752.96,1171.3,376.48,933.17,3233.9,1309.7,1924.2,323.41,75.296,117.13,37.648,93.317,323.39,130.97,192.42,120,126,134,126,134,130,130,130,100,95,95,105,105,100,103,97,0,0,0,0,0,0,0,0,0,0,0,0,0,0,0,0,1
33000,7.7308,1.8,2.8,0.9,2.2308,7.7308,3.1308,4.6,41.833,41.831,41.831,41.831,41.831,41.831,41.831,41.831,77.308,18,28,9,22.308,77.308,31.308,46,3234.1,752.96,1171.3,376.48,933.17,3233.9,1309.7,1924.2,323.41,75.296,117.13,37.648,93.317,323.39,130.97,192.42,120,126,134,126,134,130,130,130,100,95,95,105,105,100,103,97,0,0,0,0,0,0,0,0,0,0,0,0,0,0,0,0,1
33600,7.7308,1.8,2.8,0.9,2.2308,7.7308,3.1308,4.6,41.833,41.831,41.831,41.831,41.831,41.831,41.831,41.831,77.308,18,28,9,22.308,77.308,31.308,46,3234.1,752.96,1171.3,376.48,933.17,3233.9,1309.7,1924.2,323.41,75.296,117.13,37.648,93.317,323.39,130.97,192.42,120,126,134,126,134,130,130,130,100,95,95,105,105,100,103,97,0,0,0,0,0,0,0,0,0,0,0,0,0,0,0,0,1
34200,7.7308,1.8,2.8,0.9,2.2308,7.7308,3.1308,4.6,41.833,41.831,41.831,41.831,41.831,41.831,41.831,41.831,77.308,18,28,9,22.308,77.308,31.308,46,3234.1,752.96,1171.3,376.48,933.17,3233.9,1309.7,1924.2,323.41,75.296,117.13,37.648,93.317,323.39,130.97,192.42,120,126,134,126,134,130,130,130,100,95,95,105,105,100,103,97,0,0,0,0,0,0,0,0,0,0,0,0,0,0,0,0,1
34800,7.7308,1.8,2.8,0.9,2.2308,7.7308,3.1308,4.6,41.833,41.831,41.831,41.831,41.831,41.831,41.831,41.831,77.308,18,28,9,22.308,77.308,31.308,46,3234.1,752.96,1171.3,376.48,933.17,3233.9,1309.7,1924.2,323.41,75.296,117.13,37.648,93.317,323.39,130.97,192.42,120,126,134,126,134,130,130,130,100,95,95,105,105,100,103,97,0,0,0,0,0,0,0,0,0,0,0,0,0,0,0,0,1
35400,7.7308,1.8,2.8,0.9,2.2308,7.7308,3.1308,4.6,41.833,41.831,41.831,41.831,41.831,41.831,41.831,41.831,77.308,18,28,9,22.308,77.308,31.308,46,3234.1,752.96,1171.3,376.48,933.17,3233.9,1309.7,1924.2,323.41,75.296,117.13,37.648,93.317,323.39,130.97,192.42,120,126,134,126,134,130,130,130,100,95,95,105,105,100,103,97,0,0,0,0,0,0,0,0,0,0,0,0,0,0,0,0,1
36000,8.6376,1.5,2.8,1.2,3.1376,8.6376,4.3376,4.3,39.309,39.306,39.306,39.306,39.306,39.306,39.306,39.306,86.376,15,28,12,31.376,86.376,43.376,43,3395.3,589.59,1100.6,471.67,1233.3,3395.1,1704.9,1690.1,339.53,58.959,110.06,47.167,123.33,339.51,170.49,169.01,120,126,134,126,134,130,130,130,100,95,95,105,105,100,103,97,0,0,0,0,0,0,0,0,0,0,0,0,0,0,0,0,1
36600,8.6376,1.5,2.8,1.2,3.1376,8.6376,4.3376,4.3,39.309,39.306,39.306,39.306,39.306,39.306,39.306,39.306,86.376,15,28,12,31.376,86.376,43.376,43,3395.3,589.59,1100.6,471.67,1233.3,3395.1,1704.9,1690.1,339.53,58.959,110.06,47.167,123.33,339.51,170.49,169.01,120,126,134,126,134,130,130,130,100,95,95,105,105,100,103,97,0,0,0,0,0,0,0,0,0,0,0,0,0,0,0,0,1
37200,8.6376,1.5,2.8,1.2,3.1376,8.6376,4.3376,4.3,39.309,39.306,39.306,39.306,39.306,39.306,39.306,39.306,86.376,15,28,12,31.376,86.376,43.376,43,3395.3,589.59,1100.6,471.67,1233.3,3395.1,1704.9,1690.1,339.53,58.959,110.06,47.167,123.33,339.51,170.49,169.01,120,126,134,126,134,130,130,130,100,95,95,105,105,100,103,97,0,0,0,0,0,0,0,0,0,0,0,0,0,0,0,0,1
37800,8.6376,1.5,2.8,1.2,3.1376,8.6376,4.3376,4.3,39.309,39.306,39.306,39.306,39.306,39.306,39.306,39.306,86.376,15,28,12,31.376,86.376,43.376,43,3395.3,589.59,1100.6,471.67,1233.3,3395.1,1704.9,1690.1,339.53,58.959,110.06,47.167,123.33,339.51,170.49,169.01,120,126,134,126,134,130,130,130,100,95,95,105,105,100,103,97,0,0,0,0,0,0,0,0,0,0,0,0,0,0,0,0,1
38400,8.6376,1.5,2.8,1.2,3.1376,8.6376,4.3376,4.3,39.309,39.306,39.306,39.306,39.306,39.306,39.306,39.306,86.376,15,28,12,31.376,86.376,43.376,43,3395.3,589.59,1100.6,471.67,1233.3,3395.1,1704.9,1690.1,339.53,58.959,110.06,47.167,123.33,339.51,170.49,169.01,120,126,134,126,134,130,130,130,100,95,95,105,105,100,103,97,0,0,0,0,0,0,0,0,0,0,0,0,0,0,0,0,1
39000,8.6376,1.5,2.8,1.2,3.1376,8.6376,4.3376,4.3,39.309,39.306,39.306,39.306,39.306,39.306,39.306,39.306,86.376,15,28,12,31.376,86.376,43.376,43,3395.3,589.59,1100.6,471.67,1233.3,3395.1,1704.9,1690.1,339.53,58.959,110.06,47.167,123.33,339.51,170.49,169.01,120,126,134,126,134,130,130,130,100,95,95,105,105,100,103,97,0,0,0,0,0,0,0,0,0,0,0,0,0,0,0,0,1
39600,10.2,1.5,3.6,1.5,3.6,10.2,5.1,5.1,34.302,34.298,34.298,34.298,34.298,34.299,34.298,34.298,102,15,36,15,36,102,51,51,3498.8,514.47,1234.7,514.47,1234.7,3498.5,1749.2,1749.2,349.88,51.447,123.47,51.447,123.47,349.85,174.92,174.92,120,126,134,126,134,130,130,130,100,95,95,105,105,100,103,97,0,0,0,0,0,0,0,0,0,0,0,0,0,0,0,0,1
40200,10.2,1.5,3.6,1.5,3.6,10.2,5.1,5.1,34.302,34.298,34.298,34.298,34.298,34.299,34.298,34.298,102,15,36,15,36,102,51,51,3498.8,514.47,1234.7,514.47,1234.7,3498.5,1749.2,1749.2,349.88,51.447,123.47,51.447,123.47,349.85,174.92,174.92,120,126,134,126,134,130,130,130,100,95,95,105,105,100,103,97,0,0,0,0,0,0,0,0,0,0,0,0,0,0,0,0,1
40800,10.2,1.5,3.6,1.5,3.6,10.2,5.1,5.1,34.302,34.298,34.298,34.298,34.298,34.299,34.298,34.298,102,15,36,15,36,102,51,51,3498.8,514.47,1234.7,514.47,1234.7,3498.5,1749.2,1749.2,349.88,51.447,123.47,51.447,123.47,349.85,174.92,174.92,120,126,134,126,134,130,130,130,100,95,95,105,105,100,103,97,0,0,0,0,0,0,0,0,0,0,0,0,0,0,0,0,1
41400,10.2,1.5,3.6,1.5,3.6,10.2,5.1,5.1,34.302,34.298,34.298,34.298,34.298,34.299,34.298,34.298,102,15,36,15,36,102,51,51,3498.8,514.47,1234.7,514.47,1234.7,3498.5,1749.2,1749.2,349.88,51.447,123.47,51.447,123.47,349.85,174.92,174.92,120,126,134,126,134,130,130,130,100,95,95,105,105,100,103,97,0,0,0,0,0,0,0,0,0,0,0,0,0,0,0,0,1
42000,10.2,1.5,3.6,1.5,3.6,10.2,5.1,5.1,34.302,34.298,34.298,34.298,34.298,34.299,34.298,34.298,102,15,36,15,36,102,51,51,3498.8,514.47,1234.7,514.47,1234.7,3498.5,1749.2,1749.2,349.88,51.447,123.47,51.447,123.47,349.85,174.92,174.92,120,126,134,126,134,130,130,130,100,95,95,105,105,100,103,97,0,0,0,0,0,0,0,0,0,0,0,0,0,0,0,0,1
42600,10.2,1.5,3.6,1.5,3.6,10.2,5.1,5.1,34.302,34.298,34.298,34.298,34.298,34.299,34.298,34.298,102,15,36,15,36,102,51,51,3498.8,514.47,1234.7,514.47,1234.7,3498.5,1749.2,1749.2,349.88,51.447,123.47,51.447,123.47,349.85,174.92,174.92,120,126,134,126,134,130,130,130,100,95,95,105,105,100,103,97,0,0,0,0,0,0,0,0,0,0,0,0,0,0,0,0,1
43200,15.225,2.25,4,1.5,3.4746,15.225,8.9746,6.25,12.572,12.564,12.564,12.564,12.564,12.565,12.564,12.564,152.25,22.5,40,15,34.746,152.25,89.746,62.5,1914,282.69,502.55,188.45,436.53,1912.9,1127.5,785.26,191.4,28.269,50.255,18.845,43.653,191.29,112.75,78.526,120,126,134,126,134,130,130,130,100,95,95,105,105,100,103,97,0,0,0,0,0,0,0,0,0,1,0,129,0,103,0,0,1
43800,15.225,2.25,4,1.5,3.4746,15.225,8.9746,6.25,12.572,12.564,12.564,12.564,12.564,12.565,12.564,12.564,152.25,22.5,40,15,34.746,152.25,89.746,62.5,1914,282.69,502.55,188.45,436.53,1912.9,1127.5,785.26,191.4,28.269,50.255,18.845,43.653,191.29,112.75,78.526,120,126,134,126,134,130,130,130,100,95,95,105,105,100,103,97,0,0,0,0,0,0,0,0,0,1,0,129,0,103,0,0,1
44400,15.225,2.25,4,1.5,3.4746,15.225,8.9746,6.25,12.572,12.564,12.564,12.564,12.564,12.565,12.564,12.564,152.25,22.5,40,15,34.746,152.25,89.746,62.5,1914,282.69,502.55,188.45,436.53,1912.9,1127.5,785.26,191.4,28.269,50.255,18.845,43.653,191.29,112.75,78.526,120,126,134,126,134,130,130,130,100,95,95,105,105,100,103,97,0,0,0,0,0,0,0,0,0,1,0,129,0,103,0,0,1
45000,15.225,2.25,4,1.5,3.4746,15.225,8.9746,6.25,12.572,12.564,12.564,12.564,12.564,12.565,12.564,12.564,152.25,22.5,40,15,34.746,152.25,89.746,62.5,1914,282.69,502.55,188.45,436.53,1912.9,1127.5,785.26,191.4,28.269,50.255,18.845,43.653,191.29,112.75,78.526,120,126,134,126,134,130,130,130,100,95,95,105,105,100,103,97,0,0,0,0,0,0,0,0,0,1,0,129,0,103,0,0,1
45600,15.225,2.25,4,1.5,3.4746,15.225,8.9746,6.25,12.572,12.564,12.564,12.564,12.564,12.565,12.564,12.564,152.25,22.5,40,15,34.746,152.25,89.746,62.5,1914,282.69,502.55,188.45,436.53,1912.9,1127.5,785.26,191.4,28.269,50.255,18.845,43.653,191.29,112.75,78.526,120,126,134,126,134,130,130,130,100,95,95,105,105,100,103,97,0,0,0,0,0,0,0,0,0,1,0,129,0,103,0,0,1
46200,15.225,2.25,4,1.5,3.4746,15.225,8.9746,6.25,12.572,12.564,12.564,12.564,12.564,12.565,12.564,12.564,152.25,22.5,40,15,34.746,152.25,89.746,62.5,1914,282.69,502.55,188.45,436.53,1912.9,1127.5,785.26,191.4,28.269,50.255,18.845,43.653,191.29,112.75,78.526,120,126,134,126,134,130,130,130,100,95,95,105,105,100,103,97,0,0,0,0,0,0,0,0,0,1,0,129,0,103,0,0,1
46800,14.816,2.7,3.4,1.5,3.2158,14.816,8.7158,6.1,14.661,14.653,14.653,14.653,14.653,14.654,14.653,14.653,148.16,27,34,15,32.158,148.16,87.158,61,2172.1,395.64,498.21,219.79,471.21,2171.1,1277.1,893.86,217.21,39.564,49.821,21.979,47.121,217.11,127.71,89.386,120,126,134,126,134,130,130,130,100,95,95,105,105,100,103,97,0,0,0,0,0,0,0,0,0,1,0,129,0,103,0,0,1
47400,14.816,2.7,3.4,1.5,3.2158,14.816,8.7158,6.1,14.661,14.653,14.653,14.653,14.653,14.654,14.653,14.653,148.16,27,34,15,32.158,148.16,87.158,61,2172.1,395.64,498.21,219.79,471.21,2171.1,1277.1,893.86,217.21,39.564,49.821,21.979,47.121,217.11,127.71,89.386,120,126,134,126,134,130,130,130,100,95,95,105,105,100,103,97,0,0,0,0,0,0,0,0,0,1,0,129,0,103,0,0,1
48000,14.816,2.7,3.4,1.5,3.2158,14.816,8.7158,6.1,14.661,14.653,14.653,14.653,14.653,14.654,14.653,14.653,148.16,27,34,15,32.158,148.16,87.158,61,2172.1,395.64,498.21,219.79,471.21,2171.1,1277.1,893.86,217.21,39.564,49.821,21.979,47.121,217.11,127.71,89.386,120,126,134,126,134,130,130,130,100,95,95,105,105,100,103,97,0,0,0,0,0,0,0,0,0,1,0,129,0,103,0,0,1
48600,14.816,2.7,3.4,1.5,3.2158,14.816,8.7158,6.1,14.661,14.653,14.653,14.653,14.653,14.654,14.653,14.653,148.16,27,34,15,32.158,148.16,87.158,61,2172.1,395.64,498.21,219.79,471.21,2171.1,1277.1,893.86,217.21,39.564,49.821,21.979,47.121,217.11,127.71,89.386,120,126,134,126,134,130,130,130,100,95,95,105,105,100,103,97,0,0,0,0,0,0,0,0,0,1,0,129,0,103,0,0,1
49200,14.816,2.7,3.4,1.5,3.2158,14.816,8.7158,6.1,14.661,14.653,14.653,14.653,14.653,14.654,14.653,14.653,148.16,27,34,15,32.158,148.16,87.158,61,2172.1,395.64,498.21,219.79,471.21,2171.1,1277.1,893.86,217.21,39.564,49.821,21.979,47.121,217.11,127.71,89.386,120,126,134,126,134,130,130,130,100,95,95,105,105,100,103,97,0,0,0,0,0,0,0,0,0,1,0,129,0,103,0,0,1
49800,14.816,2.7,3.4,1.5,3.2158,14.816,8.7158,6.1,14.661,14.653,14.653,14.653,14.653,14.654,14.653,14.653,148.16,27,34,15,32.158,148.16,87.158,61,2172.1,395.64,498.21,219.79,471.21,2171.1,1277.1,893.86,217.21,39.564,49.821,21.979,47.121,217.11,127.71,89.386,120,126,134,126,134,130,130,130,100,95,95,105,105,100,103,97,0,0,0,0,0,0,0,0,0,1,0,129,0,103,0,0,1
50400,14.35,3.15,3,1.2,3,14.35,8.2,6.15,16.972,16.965,16.965,16.964,16.964,16.965,16.964,16.965,143.5,31.5,30,12,30,143.5,82,61.5,2435.4,534.38,508.94,203.57,508.93,2434.5,1391.1,1043.3,243.54,53.438,50.894,20.357,50.893,243.45,139.11,104.33,120,126,134,126,134,130,130,130,100,95,95,105,105,100,103,97,0,0,0,0,0,0,0,0,0,1,0,129,0,103,0,0,1
51000,14.35,3.15,3,1.2,3,14.35,8.2,6.15,16.972,16.965,16.965,16.964,16.964,16.965,16.964,16.965,143.5,31.5,30,12,30,143.5,82,61.5,2435.4,534.38,508.94,203.57,508.93,2434.5,1391.1,1043.3,243.54,53.438,50.894,20.357,50.893,243.45,139.11,104.33,120,126,134,126,134,130,130,130,100,95,95,105,105,100,103,97,0,0,0,0,0,0,0,0,0,1,0,129,0,103,0,0,1
51600,14.35,3.15,3,1.2,3,14.35,8.2,6.15,16.972,16.965,16.965,16.964,16.964,16.965,16.964,16.965,143.5,31.5,30,12,30,143.5,82,61.5,2435.4,534.38,508.94,203.57,508.93,2434.5,1391.1,1043.3,243.54,53.438,50.894,20.357,50.893,243.45,139.11,104.33,120,126,134,126,134,130,130,130,100,95,95,105,105,100,103,97,0,0,0,0,0,0,0,0,0,1,0,129,0,103,0,0,1
52200,14.35,3.15,3,1.2,3,14.35,8.2,6.15,16.972,16.965,16.965,16.964,16.964,16.965,16.964,16.965,143.5,31.5,30,12,30,143.5,82,61.5,2435.4,534.38,508.94,203.57,508.93,2434.5,1391.1,1043.3,243.54,53.438,50.894,20.357,50.893,243.45,139.11,104.33,120,126,134,126,134,130,130,130,100,95,95,105,105,100,103,97,0,0,0,0,0,0,0,0,0,1,0,129,0,103,0,0,1
52800,14.35,3.15,3,1.2,3,14.35,8.2,6.15,16.972,16.965,16.965,16.964,16.964,16.965,16.964,16.965,143.5,31.5,30,12,30,143.5,82,61.5,2435.4,534.38,508.94,203.57,508.93,2434.5,1391.1,1043.3,243.54,53.438,50.894,20.357,50.893,243.45,139.11,104.33,120,126,134,126,134,130,130,130,100,95,95,105,105,100,103,97,0,0,0,0,0,0,0,0,0,1,0,129,0,103,0,0,1
53400,14.35,3.15,3,1.2,3,14.35,8.2,6.15,16.972,16.965,16.965,16.964,16.964,16.965,16.964,16.965,143.5,31.5,30,12,30,143.5,82,61.5,2435.4,534.38,508.94,203.57,508.93,2434.5,1391.1,1043.3,243.54,53.438,50.894,20.357,50.893,243.45,139.11,104.33,120,126,134,126,134,130,130,130,100,95,95,105,105,100,103,97,0,0,0,0,0,0,0,0,0,1,0,129,0,103,0,0,1
54000,14.495,3.75,2.8,1.05,2.895,14.495,7.945,6.55,16.26,16.253,16.253,16.253,16.253,16.254,16.253,16.253,144.95,37.5,28,10.5,28.95,144.95,79.45,65.5,2356.9,609.48,455.08,170.65,470.52,2356,1291.3,1064.6,235.69,60.948,45.508,17.065,47.052,235.6,129.13,106.46,120,126,134,126,134,130,130,130,100,95,95,105,105,100,103,97,0,0,0,0,0,0,0,0,0,1,0,129,0,103,0,0,1
54600,14.495,3.75,2.8,1.05,2.895,14.495,7.945,6.55,16.26,16.253,16.253,16.253,16.253,16.254,16.253,16.253,144.95,37.5,28,10.5,28.95,144.95,79.45,65.5,2356.9,609.48,455.08,170.65,470.52,2356,1291.3,1064.6,235.69,60.948,45.508,17.065,47.052,235.6,129.13,106.46,120,126,134,126,134,130,130,130,100,95,95,105,105,100,103,97,0,0,0,0,0,0,0,0,0,1,0,129,0,103,0,0,1
55200,14.495,3.75,2.8,1.05,2.895,14.495,7.945,6.55,16.26,16.253,16.253,16.253,16.253,16.254,16.253,16.253,144.95,37.5,28,10.5,28.95,144.95,79.45,65.5,2356.9,609.48,455.08,170.65,470.52,2356,1291.3,1064.6,235.69,60.948,45.508,17.065,47.052,235.6,129.13,106.46,120,126,134,126,134,130,130,130,100,95,95,105,105,100,103,97,0,0,0,0,0,0,0,0,0,1,0,129,0,103,0,0,1
55800,14.495,3.75,2.8,1.05,2.895,14.495,7.945,6.55,16.26,16.253,16.253,16.253,16.253,16.254,16.253,16.253,144.95,37.5,28,10.5,28.95,144.95,79.45,65.5,2356.9,609.48,455.08,170.65,470.52,2356,1291.3,1064.6,235.69,60.948,45.508,17.065,47.052,235.6,129.13,106.46,120,126,134,126,134,130,130,130,100,95,95,105,105,100,103,97,0,0,0,0,0,0,0,0,0,1,0,129,0,103,0,0,1
56400,14.495,3.75,2.8,1.05,2.895,14.495,7.945,6.55,16.26,16.253,16.253,16.253,16.253,16.254,16.253,16.253,144.95,37.5,28,10.5,28.95,144.95,79.45,65.5,2356.9,609.48,455.08,170.65,470.52,2356,1291.3,1064.6,235.69,60.948,45.508,17.065,47.052,235.6,129.13,106.46,120,126,134,126,134,130,130,130,100,95,95,105,105,100,103,97,0,0,0,0,0,0,0,0,0,1,0,129,0,103,0,0,1
57000,14.495,3.75,2.8,1.05,2.895,14.495,7.945,6.55,16.26,16.253,16.253,16.253,16.253,16.254,16.253,16.253,144.95,37.5,28,10.5,28.95,144.95,79.45,65.5,2356.9,609.48,455.08,170.65,470.52,2356,1291.3,1064.6,235.69,60.948,45.508,17.065,47.052,235.6,129.13,106.46,120,126,134,126,134,130,130,130,100,95,95,105,105,100,103,97,0,0,0,0,0,0,0,0,0,1,0,129,0,103,0,0,1
57600,14.472,4.2,2.4,1.05,2.8222,14.472,7.8722,6.6,16.373,16.365,16.365,16.365,16.365,16.366,16.365,16.366,144.72,42,24,10.5,28.222,144.72,78.722,66,2369.5,687.34,392.77,171.83,461.86,2368.5,1288.3,1080.1,236.95,68.734,39.277,17.183,46.186,236.85,128.83,108.01,120,126,134,126,134,130,130,130,100,95,95,105,105,100,103,97,0,0,0,0,0,0,0,0,0,1,0,129,0,103,0,0,1
58200,14.472,4.2,2.4,1.05,2.8222,14.472,7.8722,6.6,16.373,16.365,16.365,16.365,16.365,16.366,16.365,16.366,144.72,42,24,10.5,28.222,144.72,78.722,66,2369.5,687.34,392.77,171.83,461.86,2368.5,1288.3,1080.1,236.95,68.734,39.277,17.183,46.186,236.85,128.83,108.01,120,126,134,126,134,130,130,130,100,95,95,105,105,100,103,97,0,0,0,0,0,0,0,0,0,1,0,129,0,103,0,0,1
58800,14.472,4.2,2.4,1.05,2.8222,14.472,7.8722,6.6,16.373,16.365,16.365,16.365,16.365,16.366,16.365,16.366,144.72,42,24,10.5,28.222,144.72,78.722,66,2369.5,687.34,392.77,171.83,461.86,2368.5,1288.3,1080.1,236.95,68.734,39.277,17.183,46.186,236.85,128.83,108.01,120,126,134,126,134,130,130,130,100,95,95,105,105,100,103,97,0,0,0,0,0,0,0,0,0,1,0,129,0,103,0,0,1
59400,14.472,4.2,2.4,1.05,2.8222,14.472,7.8722,6.6,16.373,16.365,16.365,16.365,16.365,16.366,16.365,16.366,144.72,42,24,10.5,28.222,144.72,78.722,66,2369.5,687.34,392.77,171.83,461.86,2368.5,1288.3,1080.1,236.95,68.734,39.277,17.183,46.186,236.85,128.83,108.01,120,126,134,126,134,130,130,130,100,95,95,105,105,100,103,97,0,0,0,0,0,0,0,0,0,1,0,129,0,103,0,0,1
60000,14.472,4.2,2.4,1.05,2.8222,14.472,7.8722,6.6,16.373,16.365,16.365,16.365,16.365,16.366,16.365,16.366,144.72,42,24,10.5,28.222,144.72,78.722,66,2369.5,687.34,392.77,171.83,461.86,2368.5,1288.3,1080.1,236.95,68.734,39.277,17.183,46.186,236.85,128.83,108.01,120,126,134,126,134,130,130,130,100,95,95,105,105,100,103,97,0,0,0,0,0,0,0,0,0,1,0,129,0,103,0,0,1
60600,14.472,4.2,2.4,1.05,2.8222,14.472,7.8722,6.6,16.373,16.365,16.365,16.365,16.365,16.366,16.365,16.366,144.72,42,24,10.5,28.222,144.72,78.722,66,2369.5,687.34,392.77,171.83,461.86,2368.5,1288.3,1080.1,236.95,68.734,39.277,17.183,46.186,236.85,128.83,108.01,120,126,134,126,134,130,130,130,100,95,95,105,105,100,103,97,0,0,0,0,0,0,0,0,0,1,0,129,0,103,0,0,1
61200,14.888,4.5,2.6,1.05,2.7384,14.888,7.7884,7.1,14.294,14.286,14.286,14.286,14.286,14.287,14.286,14.286,148.88,45,26,10.5,27.384,148.88,77.884,71,2128.1,642.87,371.44,150.01,391.21,2127.1,1112.7,1014.3,212.81,64.287,37.144,15.001,39.121,212.71,111.27,101.43,120,126,134,126,134,130,130,130,100,95,95,105,105,100,103,97,0,0,0,0,0,0,0,0,0,1,0,129,0,103,0,0,1
61800,14.888,4.5,2.6,1.05,2.7384,14.888,7.7884,7.1,14.294,14.286,14.286,14.286,14.286,14.287,14.286,14.286,148.88,45,26,10.5,27.384,148.88,77.884,71,2128.1,642.87,371.44,150.01,391.21,2127.1,1112.7,1014.3,212.81,64.287,37.144,15.001,39.121,212.71,111.27,101.43,120,126,134,126,134,130,130,130,100,95,95,105,105,100,103,97,0,0,0,0,0,0,0,0,0,1,0,129,0,103,0,0,1
62400,14.888,4.5,2.6,1.05,2.7384,14.888,7.7884,7.1,14.294,14.286,14.286,14.286,14.286,14.287,14.286,14.286,148.88,45,26,10.5,27.384,148.88,77.884,71,2128.1,642.87,371.44,150.01,391.21,2127.1,1112.7,1014.3,212.81,64.287,37.144,15.001,39.121,212.71,111.27,101.43,120,126,134,126,134,130,130,130,100,95,95,105,105,100,103,97,0,0,0,0,0,0,0,0,0,1,0,129,0,103,0,0,1
63000,14.888,4.5,2.6,1.05,2.7384,14.888,7.7884,7.1,14.294,14.286,14.286,14.286,14.286,14.287,14.286,14.286,148.88,45,26,10.5,27.384,148.88,77.884,71,2128.1,642.87,371.44,150.01,391.21,2127.1,1112.7,1014.3,212.81,64.287,37.144,15.001,39.121,212.71,111.27,101.43,120,126,134,126,134,130,130,130,100,95,95,105,105,100,103,97,0,0,0,0,0,0,0,0,0,1,0,129,0,103,0,0,1
63600,14.888,4.5,2.6,1.05,2.7384,14.888,7.7884,7.1,14.294,14.286,14.286,14.286,14.286,14.287,14.286,14.286,148.88,45,26,10.5,27.384,148.88,77.884,71,2128.1,642.87,371.44,150.01,391.21,2127.1,1112.7,1014.3,212.81,64.287,37.144,15.001,39.121,212.71,111.27,101.43,120,126,134,126,134,130,130,130,100,95,95,105,105,100,103,97,0,0,0,0,0,0,0,0,0,1,0,129,0,103,0,0,1
64200,14.888,4.5,2.6,1.05,2.7384,14.888,7.7884,7.1,14.294,14.286,14.286,14.286,14.286,14.287,14.286,14.286,148.88,45,26,10.5,27.384,148.88,77.884,71,2128.1,642.87,371.44,150.01,391.21,2127.1,1112.7,1014.3,212.81,64.287,37.144,15.001,39.121,212.71,111.27,101.43,120,126,134,126,134,130,130,130,100,95,95,105,105,100,103,97,0,0,0,0,0,0,0,0,0,1,0,129,0,103,0,0,1
64800,14.95,4.2,2.8,1.35,2.6,14.95,7.95,7,13.981,13.973,13.974,13.974,13.973,13.974,13.974,13.974,149.5,42,28,13.5,26,149.5,79.5,70,2090.2,586.88,391.26,188.64,363.31,2089.2,1110.9,978.16,209.02,58.688,39.126,18.864,36.331,208.92,111.09,97.816,120,126,134,126,134,130,130,130,100,95,95,105,105,100,103,97,0,0,0,0,0,0,0,0,0,1,0,129,0,103,0,0,1
65400,14.95,4.2,2.8,1.35,2.6,14.95,7.95,7,13.981,13.973,13.974,13.974,13.973,13.974,13.974,13.974,149.5,42,28,13.5,26,149.5,79.5,70,2090.2,586.88,391.26,188.64,363.31,2089.2,1110.9,978.16,209.02,58.688,39.126,18.864,36.331,208.92,111.09,97.816,120,126,134,126,134,130,130,130,100,95,95,105,105,100,103,97,0,0,0,0,0,0,0,0,0,1,0,129,0,103,0,0,1
66000,14.95,4.2,2.8,1.35,2.6,14.95,7.95,7,13.981,13.973,13.974,13.974,13.973,13.974,13.974,13.974,149.5,42,28,13.5,26,149.5,79.5,70,2090.2,586.88,391.26,188.64,363.31,2089.2,1110.9,978.16,209.02,58.688,39.126,18.864,36.331,208.92,111.09,97.816,120,126,134,126,134,130,130,130,100,95,95,105,105,100,103,97,0,0,0,0,0,0,0,0,0,1,0,129,0,103,0,0,1
66600,14.95,4.2,2.8,1.35,2.6,14.95,7.95,7,13.981,13.973,13.974,13.974,13.973,13.974,13.974,13.974,149.5,42,28,13.5,26,149.5,79.5,70,2090.2,586.88,391.26,188.64,363.31,2089.2,1110.9,978.16,209.02,58.688,39.126,18.864,36.331,208.92,111.09,97.816,120,126,134,126,134,130,130,130,100,95,95,105,105,100,103,97,0,0,0,0,0,0,0,0,0,1,0,129,0,103,0,0,1
67200,14.95,4.2,2.8,1.35,2.6,14.95,7.95,7,13.981,13.973,13.974,13.974,13.973,13.974,13.974,13.974,149.5,42,28,13.5,26,149.5,79.5,70,2090.2,586.88,391.26,188.64,363.31,2089.2,1110.9,978.16,209.02,58.688,39.126,18.864,36.331,208.92,111.09,97.816,120,126,134,126,134,130,130,130,100,95,95,105,105,100,103,97,0,0,0,0,0,0,0,0,0,1,0,129,0,103,0,0,1
67800,14.95,4.2,2.8,1.35,2.6,14.95,7.95,7,13.981,13.973,13.974,13.974,13.973,13.974,13.974,13.974,149.5,42,28,13.5,26,149.5,79.5,70,2090.2,586.88,391.26,188.64,363.31,2089.2,1110.9,978.16,209.02,58.688,39.126,18.864,36.331,208.92,111.09,97.816,120,126,134,126,134,130,130,130,100,95,95,105,105,100,103,97,0,0,0,0,0,0,0,0,0,1,0,129,0,103,0,0,1
68400,14.76,3.9,3.4,1.35,2.1098,14.76,7.4598,7.3,14.943,14.935,14.935,14.935,14.935,14.936,14.935,14.935,147.6,39,34,13.5,21.098,147.6,74.598,73,2205.5,582.46,507.78,201.62,315.1,2204.5,1114.1,1090.3,220.55,58.246,50.778,20.162,31.51,220.45,111.41,109.03,120,126,134,126,134,130,130,130,100,95,95,105,105,100,103,97,0,0,0,0,0,0,0,0,0,1,0,129,0,103,0,0,1
69000,14.76,3.9,3.4,1.35,2.1098,14.76,7.4598,7.3,14.943,14.935,14.935,14.935,14.935,14.936,14.935,14.935,147.6,39,34,13.5,21.098,147.6,74.598,73,2205.5,582.46,507.78,201.62,315.1,2204.5,1114.1,1090.3,220.55,58.246,50.778,20.162,31.51,220.45,111.41,109.03,120,126,134,126,134,130,130,130,100,95,95,105,105,100,103,97,0,0,0,0,0,0,0,0,0,1,0,129,0,103,0,0,1
69600,14.76,3.9,3.4,1.35,2.1098,14.76,7.4598,7.3,14.943,14.935,14.935,14.935,14.935,14.936,14.935,14.935,147.6,39,34,13.5,21.098,147.6,74.598,73,2205.5,582.46,507.78,201.62,315.1,2204.5,1114.1,1090.3,220.55,58.246,50.778,20.162,31.51,220.45,111.41,109.03,120,126,134,126,134,130,130,130,100,95,95,105,105,100,103,97,0,0,0,0,0,0,0,0,0,1,0,129,0,103,0,0,1
70200,14.76,3.9,3.4,1.35,2.1098,14.76,7.4598,7.3,14.943,14.935,14.935,14.935,14.935,14.936,14.935,14.935,147.6,39,34,13.5,21.098,147.6,74.598,73,2205.5,582.46,507.78,201.62,315.1,2204.5,1114.1,1090.3,220.55,58.246,50.778,20.162,31.51,220.45,111.41,109.03,120,126,134,126,134,130,130,130,100,95,95,105,105,100,103,97,0,0,0,0,0,0,0,0,0,1,0,129,0,103,0,0,1
70800,14.76,3.9,3.4,1.35,2.1098,14.76,7.4598,7.3,14.943,14.935,14.935,14.935,14.935,14.936,14.935,14.935,147.6,39,34,13.5,21.098,147.6,74.598,73,2205.5,582.46,507.78,201.62,315.1,2204.5,1114.1,1090.3,220.55,58.246,50.778,20.162,31.51,220.45,111.41,109.03,120,126,134,126,134,130,130,130,100,95,95,105,105,100,103,97,0,0,0,0,0,0,0,0,0,1,0,129,0,103,0,0,1
71400,14.76,3.9,3.4,1.35,2.1098,14.76,7.4598,7.3,14.943,14.935,14.935,14.935,14.935,14.936,14.935,14.935,147.6,39,34,13.5,21.098,147.6,74.598,73,2205.5,582.46,507.78,201.62,315.1,2204.5,1114.1,1090.3,220.55,58.246,50.778,20.162,31.51,220.45,111.41,109.03,120,126,134,126,134,130,130,130,100,95,95,105,105,100,103,97,0,0,0,0,0,0,0,0,0,1,0,129,0,103,0,0,1
72000,12.45,3,2.8,1.05,1.6,12.45,6.65,5.8,25.633,25.628,25.628,25.628,25.628,25.628,25.628,25.628,124.5,30,28,10.5,16,124.5,66.5,58,3191.3,768.83,717.58,269.09,410.04,3190.7,1704.2,1486.4,319.13,76.883,71.758,26.909,41.004,319.07,170.42,148.64,120,126,134,126,134,130,130,130,100,95,95,105,105,100,103,97,0,0,0,0,0,0,0,0,0,1,0,129,0,103,0,0,1
72600,12.45,3,2.8,1.05,1.6,12.45,6.65,5.8,25.633,25.628,25.628,25.628,25.628,25.628,25.628,25.628,124.5,30,28,10.5,16,124.5,66.5,58,3191.3,768.83,717.58,269.09,410.04,3190.7,1704.2,1486.4,319.13,76.883,71.758,26.909,41.004,319.07,170.42,148.64,120,126,134,126,134,130,130,130,100,95,95,105,105,100,103,97,0,0,0,0,0,0,0,0,0,1,0,129,0,103,0,0,1
73200,12.45,3,2.8,1.05,1.6,12.45,6.65,5.8,25.633,25.628,25.628,25.628,25.628,25.628,25.628,25.628,124.5,30,28,10.5,16,124.5,66.5,58,3191.3,768.83,717.58,269.09,410.04,3190.7,1704.2,1486.4,319.13,76.883,71.758,26.909,41.004,319.07,170.42,148.64,120,126,134,126,134,130,130,130,100,95,95,105,105,100,103,97,0,0,0,0,0,0,0,0,0,1,0,129,0,103,0,0,1
73800,12.45,3,2.8,1.05,1.6,12.45,6.65,5.8,25.633,25.628,25.628,25.628,25.628,25.628,25.628,25.628,124.5,30,28,10.5,16,124.5,66.5,58,3191.3,768.83,717.58,269.09,410.04,3190.7,1704.2,1486.4,319.13,76.883,71.758,26.909,41.004,319.07,170.42,148.64,120,126,134,126,134,130,130,130,100,95,95,105,105,100,103,97,0,0,0,0,0,0,0,0,0,1,0,129,0,103,0,0,1
74400,12.45,3,2.8,1.05,1.6,12.45,6.65,5.8,25.633,25.628,25.628,25.628,25.628,25.628,25.628,25.628,124.5,30,28,10.5,16,124.5,66.5,58,3191.3,768.83,717.58,269.09,410.04,3190.7,1704.2,1486.4,319.13,76.883,71.758,26.909,41.004,319.07,170.42,148.64,120,126,134,126,134,130,130,130,100,95,95,105,105,100,103,97,0,0,0,0,0,0,0,0,0,1,0,129,0,103,0,0,1
75000,12.45,3,2.8,1.05,1.6,12.45,6.65,5.8,25.633,25.628,25.628,25.628,25.628,25.628,25.628,25.628,124.5,30,28,10.5,16,124.5,66.5,58,3191.3,768.83,717.58,269.09,410.04,3190.7,1704.2,1486.4,319.13,76.883,71.758,26.909,41.004,319.07,170.42,148.64,120,126,134,126,134,130,130,130,100,95,95,105,105,100,103,97,0,0,0,0,0,0,0,0,0,1,0,129,0,103,0,0,1
75600,8.649,1.5,1,0.75,1.399,8.649,6.149,2.5,39.275,39.272,39.272,39.272,39.272,39.272,39.272,39.272,86.49,15,10,7.5,13.99,86.49,61.49,25,3396.9,589.09,392.72,294.54,549.42,3396.7,2414.8,981.81,339.69,58.909,39.272,29.454,54.942,339.67,241.48,98.181,120,126,134,126,134,130,130,130,100,95,95,105,105,100,103,97,0,0,0,0,0,0,0,0,0,1,0,129,0,103,0,0,1
76200,8.649,1.5,1,0.75,1.399,8.649,6.149,2.5,39.275,39.272,39.272,39.272,39.272,39.272,39.272,39.272,86.49,15,10,7.5,13.99,86.49,61.49,25,3396.9,589.09,392.72,294.54,549.42,3396.7,2414.8,981.81,339.69,58.909,39.272,29.454,54.942,339.67,241.48,98.181,120,126,134,126,134,130,130,130,100,95,95,105,105,100,103,97,0,0,0,0,0,0,0,0,0,1,0,129,0,103,0,0,1
76800,8.649,1.5,1,0.75,1.399,8.649,6.149,2.5,39.275,39.272,39.272,39.272,39.272,39.272,39.272,39.272,86.49,15,10,7.5,13.99,86.49,61.49,25,3396.9,589.09,392.72,294.54,549.42,3396.7,2414.8,981.81,339.69,58.909,39.272,29.454,54.942,339.67,241.48,98.181,120,126,134,126,134,130,130,130,100,95,95,105,105,100,103,97,0,0,0,0,0,0,0,0,0,1,0,129,0,103,0,0,1
77400,8.649,1.5,1,0.75,1.399,8.649,6.149,2.5,39.275,39.272,39.272,39.272,39.272,39.272,39.272,39.272,86.49,15,10,7.5,13.99,86.49,61.49,25,3396.9,589.09,392.72,294.54,549.42,3396.7,2414.8,981.81,339.69,58.909,39.272,29.454,54.942,339.67,241.48,98.181,120,126,134,126,134,130,130,130,100,95,95,105,105,100,103,97,0,0,0,0,0,0,0,0,0,1,0,129,0,103,0,0,1
78000,8.649,1.5,1,0.75,1.399,8.649,6.149,2.5,39.275,39.272,39.272,39.272,39.272,39.272,39.272,39.272,86.49,15,10,7.5,13.99,86.49,61.49,25,3396.9,589.09,392.72,294.54,549.42,3396.7,2414.8,981.81,339.69,58.909,39.272,29.454,54.942,339.67,241.48,98.181,120,126,134,126,134,130,130,130,100,95,95,105,105,100,103,97,0,0,0,0,0,0,0,0,0,1,0,129,0,103,0,0,1
78600,8.649,1.5,1,0.75,1.399,8.649,6.149,2.5,39.275,39.272,39.272,39.272,39.272,39.272,39.272,39.272,86.49,15,10,7.5,13.99,86.49,61.49,25,3396.9,589.09,392.72,294.54,549.42,3396.7,2414.8,981.81,339.69,58.909,39.272,29.454,54.942,339.67,241.48,98.181,120,126,134,126,134,130,130,130,100,95,95,105,105,100,103,97,0,0,0,0,0,0,0,0,0,1,0,129,0,103,0,0,1
79200,7.055,0.75,0.6,0.45,1.255,7.055,5.705,1.35,43.533,43.531,43.531,43.531,43.531,43.531,43.531,43.531,70.55,7.5,6,4.5,12.55,70.55,57.05,13.5,3071.3,326.49,261.19,195.89,546.31,3071.1,2483.4,587.67,307.13,32.649,26.119,19.589,54.631,307.11,248.34,58.767,120,126,134,126,134,130,130,130,100,95,95,105,105,100,103,97,0,0,0,0,0,0,0,0,0,1,0,129,0,103,0,0,1
79800,7.055,0.75,0.6,0.45,1.255,7.055,5.705,1.35,43.533,43.531,43.531,43.531,43.531,43.531,43.531,43.531,70.55,7.5,6,4.5,12.55,70.55,57.05,13.5,3071.3,326.49,261.19,195.89,546.31,3071.1,2483.4,587.67,307.13,32.649,26.119,19.589,54.631,307.11,248.34,58.767,120,126,134,126,134,130,130,130,100,95,95,105,105,100,103,97,0,0,0,0,0,0,0,0,0,1,0,129,0,103,0,0,1
80400,7.055,0.75,0.6,0.45,1.255,7.055,5.705,1.35,43.533,43.531,43.531,43.531,43.531,43.531,43.531,43.531,70.55,7.5,6,4.5,12.55,70.55,57.05,13.5,3071.3,326.49,261.19,195.89,546.31,3071.1,2483.4,587.67,307.13,32.649,26.119,19.589,54.631,307.11,248.34,58.767,120,126,134,126,134,130,130,130,100,95,95,105,105,100,103,97,0,0,0,0,0,0,0,0,0,1,0,129,0,103,0,0,1
81000,7.055,0.75,0.6,0.45,1.255,7.055,5.705,1.35,43.533,43.531,43.531,43.531,43.531,43.531,43.531,43.531,70.55,7.5,6,4.5,12.55,70.55,57.05,13.5,3071.3,326.49,261.19,195.89,546.31,3071.1,2483.4,587.67,307.13,32.649,26.119,19.589,54.631,307.11,248.34,58.767,120,126,134,126,134,130,130,130,100,95,95,105,105,100,103,97,0,0,0,0,0,0,0,0,0,1,0,129,0,103,0,0,1
81600,7.055,0.75,0.6,0.45,1.255,7.055,5.705,1.35,43.533,43.531,43.531,43.531,43.531,43.531,43.531,43.531,70.55,7.5,6,4.5,12.55,70.55,57.05,13.5,3071.3,326.49,261.19,195.89,546.31,3071.1,2483.4,587.67,307.13,32.649,26.119,19.589,54.631,307.11,248.34,58.767,120,126,134,126,134,130,130,130,100,95,95,105,105,100,103,97,0,0,0,0,0,0,0,0,0,1,0,129,0,103,0,0,1
82200,7.055,0.75,0.6,0.45,1.255,7.055,5.705,1.35,43.533,43.531,43.531,43.531,43.531,43.531,43.531,43.531,70.55,7.5,6,4.5,12.55,70.55,57.05,13.5,3071.3,326.49,261.19,195.89,546.31,3071.1,2483.4,587.67,307.13,32.649,26.119,19.589,54.631,307.11,248.34,58.767,120,126,134,126,134,130,130,130,100,95,95,105,105,100,103,97,0,0,0,0,0,0,0,0,0,1,0,129,0,103,0,0,1
82800,6.5,0.45,0.4,0.45,1.2,6.5,5.65,0.85,44.813,44.811,44.811,44.811,44.811,44.811,44.811,44.811,65,4.5,4,4.5,12,65,56.5,8.5,2912.8,201.65,179.25,201.65,537.73,2912.7,2531.8,380.9,291.28,20.165,17.925,20.165,53.773,291.27,253.18,38.09,120,126,134,126,134,130,130,130,100,95,95,105,105,100,103,97,0,0,0,0,0,0,0,0,0,1,0,129,0,103,0,0,1
83400,6.5,0.45,0.4,0.45,1.2,6.5,5.65,0.85,44.813,44.811,44.811,44.811,44.811,44.811,44.811,44.811,65,4.5,4,4.5,12,65,56.5,8.5,2912.8,201.65,179.25,201.65,537.73,2912.7,2531.8,380.9,291.28,20.165,17.925,20.165,53.773,291.27,253.18,38.09,120,126,134,126,134,130,130,130,100,95,95,105,105,100,103,97,0,0,0,0,0,0,0,0,0,1,0,129,0,103,0,0,1
84000,6.5,0.45,0.4,0.45,1.2,6.5,5.65,0.85,44.813,44.811,44.811,44.811,44.811,44.811,44.811,44.811,65,4.5,4,4.5,12,65,56.5,8.5,2912.8,201.65,179.25,201.65,537.73,2912.7,2531.8,380.9,291.28,20.165,17.925,20.165,53.773,291.27,253.18,38.09,120,126,134,126,134,130,130,130,100,95,95,105,105,100,103,97,0,0,0,0,0,0,0,0,0,1,0,129,0,103,0,0,1
84600,6.5,0.45,0.4,0.45,1.2,6.5,5.65,0.85,44.813,44.811,44.811,44.811,44.811,44.811,44.811,44.811,65,4.5,4,4.5,12,65,56.5,8.5,2912.8,201.65,179.25,201.65,537.73,2912.7,2531.8,380.9,291.28,20.165,17.925,20.165,53.773,291.27,253.18,38.09,120,126,134,126,134,130,130,130,100,95,95,105,105,100,103,97,0,0,0,0,0,0,0,0,0,1,0,129,0,103,0,0,1
85200,6.5,0.45,0.4,0.45,1.2,6.5,5.65,0.85,44.813,44.811,44.811,44.811,44.811,44.811,44.811,44.811,65,4.5,4,4.5,12,65,56.5,8.5,2912.8,201.65,179.25,201.65,537.73,2912.7,2531.8,380.9,291.28,20.165,17.925,20.165,53.773,291.27,253.18,38.09,120,126,134,126,134,130,130,130,100,95,95,105,105,100,103,97,0,0,0,0,0,0,0,0,0,1,0,129,0,103,0,0,1
85800,6.5,0.45,0.4,0.45,1.2,6.5,5.65,0.85,44.813,44.811,44.811,44.811,44.811,44.811,44.811,44.811,65,4.5,4,4.5,12,65,56.5,8.5,2912.8,201.65,179.25,201.65,537.73,2912.7,2531.8,380.9,291.28,20.165,17.925,20.165,53.773,291.27,253.18,38.09,120,126,134,126,134,130,130,130,100,95,95,105,105,100,103,97,0,0,0,0,0,0,0,0,0,1,0,129,0,103,0,0,1
86400,1.45,0.15,0.4,0.3,0.6,1.45,0.9,0.55,51.642,51.642,51.642,51.642,51.642,51.642,51.642,51.642,14.5,1.5,4,3,6,14.5,9,5.5,748.81,77.463,206.57,154.93,309.85,748.81,464.78,284.03,74.881,7.7463,20.657,15.493,30.985,74.881,46.478,28.403,120,126,134,126,134,130,130,130,100,95,95,105,105,100,103,97,0,0,0,0,0,0,0,0,0,1,0,129,0,103,0,0,1
