0,2.65,0.6,0.6,0.45,1,2.65,1.45,1.2,50.805,50.805,50.805,50.805,50.805,50.805,50.805,50.805,26.5,6,6,4.5,10,26.5,14.5,12,1346.3,304.83,304.83,228.62,508.05,1346.3,736.67,609.66,134.63,30.483,30.483,22.862,50.805,134.63,73.667,60.966,120,126,134,126,134,130,130,130,100,95,95,105,105,100,103,97,0,0,0,0,0,0,0,0,0,0,0,0,0,0,0,0,1
600,2.65,0.6,0.6,0.45,1,2.65,1.45,1.2,50.805,50.805,50.805,50.805,50.805,50.805,50.805,50.805,26.5,6,6,4.5,10,26.5,14.5,12,1346.3,304.83,304.83,228.62,508.05,1346.3,736.67,609.66,134.63,30.483,30.483,22.862,50.805,134.63,73.667,60.966,120,126,134,126,134,130,130,130,100,95,95,105,105,100,103,97,0,0,0,0,0,0,0,0,0,0,0,0,0,0,0,0,1
1200,2.65,0.6,0.6,0.45,1,2.65,1.45,1.2,50.805,50.805,50.805,50.805,50.805,50.805,50.805,50.805,26.5,6,6,4.5,10,26.5,14.5,12,1346.3,304.83,304.83,228.62,508.05,1346.3,736.67,609.66,134.63,30.483,30.483,22.862,50.805,134.63,73.667,60.966,120,126,134,126,134,130,130,130,100,95,95,105,105,100,103,97,0,0,0,0,0,0,0,0,0,0,0,0,0,0,0,0,1
1800,2.65,0.6,0.6,0.45,1,2.65,1.45,1.2,50.805,50.805,50.805,50.805,50.805,50.805,50.805,50.805,26.5,6,6,4.5,10,26.5,14.5,12,1346.3,304.83,304.83,228.62,508.05,1346.3,736.67,609.66,134.63,30.483,30.483,22.862,50.805,134.63,73.667,60.966,120,126,134,126,134,130,130,130,100,95,95,105,105,100,103,97,0,0,0,0,0,0,0,0,0,0,0,0,0,0,0,0,1
2400,2.65,0.6,0.6,0.45,1,2.65,1.45,1.2,50.805,50.805,50.805,50.805,50.805,50.805,50.805,50.805,26.5,6,6,4.5,10,26.5,14.5,12,1346.3,304.83,304.83,228.62,508.05,1346.3,736.67,609.66,134.63,30.483,30.483,22.862,50.805,134.63,73.667,60.966,120,126,134,126,134,130,130,130,100,95,95,105,105,100,103,97,0,0,0,0,0,0,0,0,0,0,0,0,0,0,0,0,1
3000,2.65,0.6,0.6,0.45,1,2.65,1.45,1.2,50.805,50.805,50.805,50.805,50.805,50.805,50.805,50.805,26.5,6,6,4.5,10,26.5,14.5,12,1346.3,304.83,304.83,228.62,508.05,1346.3,736.67,609.66,134.63,30.483,30.483,22.862,50.805,134.63,73.667,60.966,120,126,134,126,134,130,130,130,100,95,95,105,105,100,103,97,0,0,0,0,0,0,0,0,0,0,0,0,0,0,0,0,1
3600,2.413,0.366,0.6822,0.51165,0.8532,2.413,1.3649,1.0482,51.009,51.009,51.009,51.009,51.009,51.009,51.009,51.009,24.13,3.66,6.822,5.1165,8.532,24.13,13.649,10.482,1230.9,186.69,347.98,260.99,435.21,1230.9,696.2,534.68,123.09,18.669,34.798,26.099,43.521,123.09,69.62,53.468,120,126,134,126,134,130,130,130,100,95,95,105,105,100,103,97,0,0,0,0,0,0,0,0,0,0,0,0,0,0,0,0,1
4200,2.413,0.366,0.6822,0.51165,0.8532,2.413,1.3649,1.0482,51.009,51.009,51.009,51.009,51.009,51.009,51.009,51.009,24.13,3.66,6.822,5.1165,8.532,24.13,13.649,10.482,1230.9,186.69,347.98,260.99,435.21,1230.9,696.2,534.68,123.09,18.669,34.798,26.099,43.521,123.09,69.62,53.468,120,126,134,126,134,130,130,130,100,95,95,105,105,100,103,97,0,0,0,0,0,0,0,0,0,0,0,0,0,0,0,0,1
4800,2.413,0.366,0.6822,0.51165,0.8532,2.413,1.3649,1.0482,51.009,51.009,51.009,51.009,51.009,51.009,51.009,51.009,24.13,3.66,6.822,5.1165,8.532,24.13,13.649,10.482,1230.9,186.69,347.98,260.99,435.21,1230.9,696.2,534.68,123.09,18.669,34.798,26.099,43.521,123.09,69.62,53.468,120,126,134,126,134,130,130,130,100,95,95,105,105,100,103,97,0,0,0,0,0,0,0,0,0,0,0,0,0,0,0,0,1
5400,2.413,0.366,0.6822,0.51165,0.8532,2.413,1.3649,1.0482,51.009,51.009,51.009,51.009,51.009,51.009,51.009,51.009,24.13,3.66,6.822,5.1165,8.532,24.13,13.649,10.482,1230.9,186.69,347.98,260.99,435.21,1230.9,696.2,534.68,123.09,18.669,34.798,26.099,43.521,123.09,69.62,53.468,120,126,134,126,134,130,130,130,100,95,95,105,105,100,103,97,0,0,0,0,0,0,0,0,0,0,0,0,0,0,0,0,1
6000,2.413,0.366,0.6822,0.51165,0.8532,2.413,1.3649,1.0482,51.009,51.009,51.009,51.009,51.009,51.009,51.009,51.009,24.13,3.66,6.822,5.1165,8.532,24.13,13.649,10.482,1230.9,186.69,347.98,260.99,435.21,1230.9,696.2,534.68,123.09,18.669,34.798,26.099,43.521,123.09,69.62,53.468,120,126,134,126,134,130,130,130,100,95,95,105,105,100,103,97,0,0,0,0,0,0,0,0,0,0,0,0,0,0,0,0,1
6600,2.413,0.366,0.6822,0.51165,0.8532,2.413,1.3649,1.0482,51.009,51.009,51.009,51.009,51.009,51.009,51.009,51.009,24.13,3.66,6.822,5.1165,8.532,24.13,13.649,10.482,1230.9,186.69,347.98,260.99,435.21,1230.9,696.2,534.68,123.09,18.669,34.798,26.099,43.521,123.09,69.62,53.468,120,126,134,126,134,130,130,130,100,95,95,105,105,100,103,97,0,0,0,0,0,0,0,0,0,0,0,0,0,0,0,0,1
7200,2.3149,0.2295,0.7774,0.58305,0.725,2.3149,1.3081,1.0069,51.088,51.088,51.088,51.088,51.088,51.088,51.088,51.088,23.149,2.295,7.774,5.8305,7.25,23.149,13.081,10.069,1182.7,117.25,397.16,297.87,370.39,1182.7,668.26,514.41,118.27,11.725,39.716,29.787,37.039,118.27,66.826,51.441,120,126,134,126,134,130,130,130,100,95,95,105,105,100,103,97,0,0,0,0,0,0,0,0,0,0,0,0,0,0,0,0,1
7800,2.3149,0.2295,0.7774,0.58305,0.725,2.3149,1.3081,1.0069,51.088,51.088,51.088,51.088,51.088,51.088,51.088,51.088,23.149,2.295,7.774,5.8305,7.25,23.149,13.081,10.069,1182.7,117.25,397.16,297.87,370.39,1182.7,668.26,514.41,118.27,11.725,39.716,29.787,37.039,118.27,66.826,51.441,120,126,134,126,134,130,130,130,100,95,95,105,105,100,103,97,0,0,0,0,0,0,0,0,0,0,0,0,0,0,0,0,1
8400,2.3149,0.2295,0.7774,0.58305,0.725,2.3149,1.3081,1.0069,51.088,51.088,51.088,51.088,51.088,51.088,51.088,51.088,23.149,2.295,7.774,5.8305,7.25,23.149,13.081,10.069,1182.7,117.25,397.16,297.87,370.39,1182.7,668.26,514.41,118.27,11.725,39.716,29.787,37.039,118.27,66.826,51.441,120,126,134,126,134,130,130,130,100,95,95,105,105,100,103,97,0,0,0,0,0,0,0,0,0,0,0,0,0,0,0,0,1
9000,2.3149,0.2295,0.7774,0.58305,0.725,2.3149,1.3081,1.0069,51.088,51.088,51.088,51.088,51.088,51.088,51.088,51.088,23.149,2.295,7.774,5.8305,7.25,23.149,13.081,10.069,1182.7,117.25,397.16,297.87,370.39,1182.7,668.26,514.41,118.27,11.725,39.716,29.787,37.039,118.27,66.826,51.441,120,126,134,126,134,130,130,130,100,95,95,105,105,100,103,97,0,0,0,0,0,0,0,0,0,0,0,0,0,0,0,0,1
9600,2.3149,0.2295,0.7774,0.58305,0.725,2.3149,1.3081,1.0069,51.088,51.088,51.088,51.088,51.088,51.088,51.088,51.088,23.149,2.295,7.774,5.8305,7.25,23.149,13.081,10.069,1182.7,117.25,397.16,297.87,370.39,1182.7,668.26,514.41,118.27,11.725,39.716,29.787,37.039,118.27,66.826,51.441,120,126,134,126,134,130,130,130,100,95,95,105,105,100,103,97,0,0,0,0,0,0,0,0,0,0,0,0,0,0,0,0,1
10200,2.3149,0.2295,0.7774,0.58305,0.725,2.3149,1.3081,1.0069,51.088,51.088,51.088,51.088,51.088,51.088,51.088,51.088,23.149,2.295,7.774,5.8305,7.25,23.149,13.081,10.069,1182.7,117.25,397.16,297.87,370.39,1182.7,668.26,514.41,118.27,11.725,39.716,29.787,37.039,118.27,66.826,51.441,120,126,134,126,134,130,130,130,100,95,95,105,105,100,103,97,0,0,0,0,0,0,0,0,0,0,0,0,0,0,0,0,1
10800,2.3472,0.16575,0.884,0.663,0.6344,2.3472,1.2974,1.0497,51.063,51.063,51.063,51.063,51.063,51.063,51.063,51.063,23.472,1.6575,8.84,6.63,6.344,23.472,12.974,10.497,1198.5,84.636,451.39,338.54,323.94,1198.5,662.49,536.03,119.85,8.4636,45.139,33.854,32.394,119.85,66.249,53.603,120,126,134,126,134,130,130,130,100,95,95,105,105,100,103,97,0,0,0,0,0,0,0,0,0,0,0,0,0,0,0,0,1
11400,2.3472,0.16575,0.884,0.663,0.6344,2.3472,1.2974,1.0497,51.063,51.063,51.063,51.063,51.063,51.063,51.063,51.063,23.472,1.6575,8.84,6.63,6.344,23.472,12.974,10.497,1198.5,84.636,451.39,338.54,323.94,1198.5,662.49,536.03,119.85,8.4636,45.139,33.854,32.394,119.85,66.249,53.603,120,126,134,126,134,130,130,130,100,95,95,105,105,100,103,97,0,0,0,0,0,0,0,0,0,0,0,0,0,0,0,0,1
12000,2.3472,0.16575,0.884,0.663,0.6344,2.3472,1.2974,1.0497,51.063,51.063,51.063,51.063,51.063,51.063,51.063,51.063,23.472,1.6575,8.84,6.63,6.344,23.472,12.974,10.497,1198.5,84.636,451.39,338.54,323.94,1198.5,662.49,536.03,119.85,8.4636,45.139,33.854,32.394,119.85,66.249,53.603,120,126,134,126,134,130,130,130,100,95,95,105,105,100,103,97,0,0,0,0,0,0,0,0,0,0,0,0,0,0,0,0,1
12600,2.3472,0.16575,0.884,0.663,0.6344,2.3472,1.2974,1.0497,51.063,51.063,51.063,51.063,51.063,51.063,51.063,51.063,23.472,1.6575,8.84,6.63,6.344,23.472,12.974,10.497,1198.5,84.636,451.39,338.54,323.94,1198.5,662.49,536.03,119.85,8.4636,45.139,33.854,32.394,119.85,66.249,53.603,120,126,134,126,134,130,130,130,100,95,95,105,105,100,103,97,0,0,0,0,0,0,0,0,0,0,0,0,0,0,0,0,1
13200,2.3472,0.16575,0.884,0.663,0.6344,2.3472,1.2974,1.0497,51.063,51.063,51.063,51.063,51.063,51.063,51.063,51.063,23.472,1.6575,8.84,6.63,6.344,23.472,12.974,10.497,1198.5,84.636,451.39,338.54,323.94,1198.5,662.49,536.03,119.85,8.4636,45.139,33.854,32.394,119.85,66.249,53.603,120,126,134,126,134,130,130,130,100,95,95,105,105,100,103,97,0,0,0,0,0,0,0,0,0,0,0,0,0,0,0,0,1
13800,2.3472,0.16575,0.884,0.663,0.6344,2.3472,1.2974,1.0497,51.063,51.063,51.063,51.063,51.063,51.063,51.063,51.063,23.472,1.6575,8.84,6.63,6.344,23.472,12.974,10.497,1198.5,84.636,451.39,338.54,323.94,1198.5,662.49,536.03,119.85,8.4636,45.139,33.854,32.394,119.85,66.249,53.603,120,126,134,126,134,130,130,130,100,95,95,105,105,100,103,97,0,0,0,0,0,0,0,0,0,0,0,0,0,0,0,0,1
14400,2.5,0.15,1,0.75,0.6,2.5,1.35,1.15,50.937,50.937,50.937,50.937,50.937,50.937,50.937,50.937,25,1.5,10,7.5,6,25,13.5,11.5,1273.4,76.405,509.37,382.02,305.62,1273.4,687.64,585.77,127.34,7.6405,50.937,38.202,30.562,127.34,68.764,58.577,120,126,134,126,134,130,130,130,100,95,95,105,105,100,103,97,0,0,0,0,0,0,0,0,0,0,0,0,0,0,0,0,1
15000,2.5,0.15,1,0.75,0.6,2.5,1.35,1.15,50.937,50.937,50.937,50.937,50.937,50.937,50.937,50.937,25,1.5,10,7.5,6,25,13.5,11.5,1273.4,76.405,509.37,382.02,305.62,1273.4,687.64,585.77,127.34,7.6405,50.937,38.202,30.562,127.34,68.764,58.577,120,126,134,126,134,130,130,130,100,95,95,105,105,100,103,97,0,0,0,0,0,0,0,0,0,0,0,0,0,0,0,0,1
15600,2.5,0.15,1,0.75,0.6,2.5,1.35,1.15,50.937,50.937,50.937,50.937,50.937,50.937,50.937,50.937,25,1.5,10,7.5,6,25,13.5,11.5,1273.4,76.405,509.37,382.02,305.62,1273.4,687.64,585.77,127.34,7.6405,50.937,38.202,30.562,127.34,68.764,58.577,120,126,134,126,134,130,130,130,100,95,95,105,105,100,103,97,0,0,0,0,0,0,0,0,0,0,0,0,0,0,0,0,1
16200,2.5,0.15,1,0.75,0.6,2.5,1.35,1.15,50.937,50.937,50.937,50.937,50.937,50.937,50.937,50.937,25,1.5,10,7.5,6,25,13.5,11.5,1273.4,76.405,509.37,382.02,305.62,1273.4,687.64,585.77,127.34,7.6405,50.937,38.202,30.562,127.34,68.764,58.577,120,126,134,126,134,130,130,130,100,95,95,105,105,100,103,97,0,0,0,0,0,0,0,0,0,0,0,0,0,0,0,0,1
16800,2.5,0.15,1,0.75,0.6,2.5,1.35,1.15,50.937,50.937,50.937,50.937,50.937,50.937,50.937,50.937,25,1.5,10,7.5,6,25,13.5,11.5,1273.4,76.405,509.37,382.02,305.62,1273.4,687.64,585.77,127.34,7.6405,50.937,38.202,30.562,127.34,68.764,58.577,120,126,134,126,134,130,130,130,100,95,95,105,105,100,103,97,0,0,0,0,0,0,0,0,0,0,0,0,0,0,0,0,1
17400,2.5,0.15,1,0.75,0.6,2.5,1.35,1.15,50.937,50.937,50.937,50.937,50.937,50.937,50.937,50.937,25,1.5,10,7.5,6,25,13.5,11.5,1273.4,76.405,509.37,382.02,305.62,1273.4,687.64,585.77,127.34,7.6405,50.937,38.202,30.562,127.34,68.764,58.577,120,126,134,126,134,130,130,130,100,95,95,105,105,100,103,97,0,0,0,0,0,0,0,0,0,0,0,0,0,0,0,0,1
18000,2.8023,0.25275,1.114,0.8355,0.6,2.8023,1.4355,1.3668,50.664,50.664,50.664,50.664,50.664,50.664,50.664,50.664,28.023,2.5275,11.14,8.355,6,28.023,14.355,13.668,1419.7,128.05,564.39,423.3,303.98,1419.7,727.28,692.45,141.97,12.805,56.439,42.33,30.398,141.97,72.728,69.245,120,126,134,126,134,130,130,130,100,95,95,105,105,100,103,97,0,0,0,0,0,0,0,0,0,0,0,0,0,0,0,0,1
18600,2.8023,0.25275,1.114,0.8355,0.6,2.8023,1.4355,1.3668,50.664,50.664,50.664,50.664,50.664,50.664,50.664,50.664,28.023,2.5275,11.14,8.355,6,28.023,14.355,13.668,1419.7,128.05,564.39,423.3,303.98,1419.7,727.28,692.45,141.97,12.805,56.439,42.33,30.398,141.97,72.728,69.245,120,126,134,126,134,130,130,130,100,95,95,105,105,100,103,97,0,0,0,0,0,0,0,0,0,0,0,0,0,0,0,0,1
19200,2.8023,0.25275,1.114,0.8355,0.6,2.8023,1.4355,1.3668,50.664,50.664,50.664,50.664,50.664,50.664,50.664,50.664,28.023,2.5275,11.14,8.355,6,28.023,14.355,13.668,1419.7,128.05,564.39,423.3,303.98,1419.7,727.28,692.45,141.97,12.805,56.439,42.33,30.398,141.97,72.728,69.245,120,126,134,126,134,130,130,130,100,95,95,105,105,100,103,97,0,0,0,0,0,0,0,0,0,0,0,0,0,0,0,0,1
19800,2.8023,0.25275,1.114,0.8355,0.6,2.8023,1.4355,1.3668,50.664,50.664,50.664,50.664,50.664,50.664,50.664,50.664,28.023,2.5275,11.14,8.355,6,28.023,14.355,13.668,1419.7,128.05,564.39,423.3,303.98,1419.7,727.28,692.45,141.97,12.805,56.439,42.33,30.398,141.97,72.728,69.245,120,126,134,126,134,130,130,130,100,95,95,105,105,100,103,97,0,0,0,0,0,0,0,0,0,0,0,0,0,0,0,0,1
20400,2.8023,0.25275,1.114,0.8355,0.6,2.8023,1.4355,1.3668,50.664,50.664,50.664,50.664,50.664,50.664,50.664,50.664,28.023,2.5275,11.14,8.355,6,28.023,14.355,13.668,1419.7,128.05,564.39,423.3,303.98,1419.7,727.28,692.45,141.97,12.805,56.439,42.33,30.398,141.97,72.728,69.245,120,126,134,126,134,130,130,130,100,95,95,105,105,100,103,97,0,0,0,0,0,0,0,0,0,0,0,0,0,0,0,0,1
21000,2.8023,0.25275,1.114,0.8355,0.6,2.8023,1.4355,1.3668,50.664,50.664,50.664,50.664,50.664,50.664,50.664,50.664,28.023,2.5275,11.14,8.355,6,28.023,14.355,13.668,1419.7,128.05,564.39,423.3,303.98,1419.7,727.28,692.45,141.97,12.805,56.439,42.33,30.398,141.97,72.728,69.245,120,126,134,126,134,130,130,130,100,95,95,105,105,100,103,97,0,0,0,0,0,0,0,0,0,0,0,0,0,0,0,0,1
21600,3.248,0.48885,1.2338,0.92535,0.6,3.248,1.5253,1.7226,50.205,50.205,50.205,50.205,50.205,50.205,50.205,50.205,32.48,4.8885,12.338,9.2535,6,32.48,15.253,17.226,1630.7,245.43,619.43,464.57,301.23,1630.7,765.8,864.86,163.07,24.543,61.943,46.457,30.123,163.07,76.58,86.486,120,126,134,126,134,130,130,130,100,95,95,105,105,100,103,97,0,0,0,0,0,0,0,0,0,0,0,0,0,0,0,0,1
22200,3.248,0.48885,1.2338,0.92535,0.6,3.248,1.5253,1.7226,50.205,50.205,50.205,50.205,50.205,50.205,50.205,50.205,32.48,4.8885,12.338,9.2535,6,32.48,15.253,17.226,1630.7,245.43,619.43,464.57,301.23,1630.7,765.8,864.86,163.07,24.543,61.943,46.457,30.123,163.07,76.58,86.486,120,126,134,126,134,130,130,130,100,95,95,105,105,100,103,97,0,0,0,0,0,0,0,0,0,0,0,0,0,0,0,0,1
22800,3.248,0.48885,1.2338,0.92535,0.6,3.248,1.5253,1.7226,50.205,50.205,50.205,50.205,50.205,50.205,50.205,50.205,32.48,4.8885,12.338,9.2535,6,32.48,15.253,17.226,1630.7,245.43,619.43,464.57,301.23,1630.7,765.8,864.86,163.07,24.543,61.943,46.457,30.123,163.07,76.58,86.486,120,126,134,126,134,130,130,130,100,95,95,105,105,100,103,97,0,0,0,0,0,0,0,0,0,0,0,0,0,0,0,0,1
23400,3.248,0.48885,1.2338,0.92535,0.6,3.248,1.5253,1.7226,50.205,50.205,50.205,50.205,50.205,50.205,50.205,50.205,32.48,4.8885,12.338,9.2535,6,32.48,15.253,17.226,1630.7,245.43,619.43,464.57,301.23,1630.7,765.8,864.86,163.07,24.543,61.943,46.457,30.123,163.07,76.58,86.486,120,126,134,126,134,130,130,130,100,95,95,105,105,100,103,97,0,0,0,0,0,0,0,0,0,0,0,0,0,0,0,0,1
24000,3.248,0.48885,1.2338,0.92535,0.6,3.248,1.5253,1.7226,50.205,50.205,50.205,50.205,50.205,50.205,50.205,50.205,32.48,4.8885,12.338,9.2535,6,32.48,15.253,17.226,1630.7,245.43,619.43,464.57,301.23,1630.7,765.8,864.86,163.07,24.543,61.943,46.457,30.123,163.07,76.58,86.486,120,126,134,126,134,130,130,130,100,95,95,105,105,100,103,97,0,0,0,0,0,0,0,0,0,0,0,0,0,0,0,0,1
24600,3.248,0.48885,1.2338,0.92535,0.6,3.248,1.5253,1.7226,50.205,50.205,50.205,50.205,50.205,50.205,50.205,50.205,32.48,4.8885,12.338,9.2535,6,32.48,15.253,17.226,1630.7,245.43,619.43,464.57,301.23,1630.7,765.8,864.86,163.07,24.543,61.943,46.457,30.123,163.07,76.58,86.486,120,126,134,126,134,130,130,130,100,95,95,105,105,100,103,97,0,0,0,0,0,0,0,0,0,0,0,0,0,0,0,0,1
25200,3.7769,0.75,1.3868,1.0401,0.6,3.7769,1.6401,2.1368,49.573,49.573,49.573,49.573,49.573,49.573,49.573,49.573,37.769,7.5,13.868,10.401,6,37.769,16.401,21.368,1872.3,371.8,687.47,515.61,297.44,1872.3,813.04,1059.3,187.23,37.18,68.747,51.561,29.744,187.23,81.304,105.93,120,126,134,126,134,130,130,130,100,95,95,105,105,100,103,97,0,0,0,0,0,0,0,0,0,0,0,0,0,0,0,0,1
25800,3.7769,0.75,1.3868,1.0401,0.6,3.7769,1.6401,2.1368,49.573,49.573,49.573,49.573,49.573,49.573,49.573,49.573,37.769,7.5,13.868,10.401,6,37.769,16.401,21.368,1872.3,371.8,687.47,515.61,297.44,1872.3,813.04,1059.3,187.23,37.18,68.747,51.561,29.744,187.23,81.304,105.93,120,126,134,126,134,130,130,130,100,95,95,105,105,100,103,97,0,0,0,0,0,0,0,0,0,0,0,0,0,0,0,0,1
26400,3.7769,0.75,1.3868,1.0401,0.6,3.7769,1.6401,2.1368,49.573,49.573,49.573,49.573,49.573,49.573,49.573,49.573,37.769,7.5,13.868,10.401,6,37.769,16.401,21.368,1872.3,371.8,687.47,515.61,297.44,1872.3,813.04,1059.3,187.23,37.18,68.747,51.561,29.744,187.23,81.304,105.93,120,126,134,126,134,130,130,130,100,95,95,105,105,100,103,97,0,0,0,0,0,0,0,0,0,0,0,0,0,0,0,0,1
27000,3.7769,0.75,1.3868,1.0401,0.6,3.7769,1.6401,2.1368,49.573,49.573,49.573,49.573,49.573,49.573,49.573,49.573,37.769,7.5,13.868,10.401,6,37.769,16.401,21.368,1872.3,371.8,687.47,515.61,297.44,1872.3,813.04,1059.3,187.23,37.18,68.747,51.561,29.744,187.23,81.304,105.93,120,126,134,126,134,130,130,130,100,95,95,105,105,100,103,97,0,0,0,0,0,0,0,0,0,0,0,0,0,0,0,0,1
27600,3.7769,0.75,1.3868,1.0401,0.6,3.7769,1.6401,2.1368,49.573,49.573,49.573,49.573,49.573,49.573,49.573,49.573,37.769,7.5,13.868,10.401,6,37.769,16.401,21.368,1872.3,371.8,687.47,515.61,297.44,1872.3,813.04,1059.3,187.23,37.18,68.747,51.561,29.744,187.23,81.304,105.93,120,126,134,126,134,130,130,130,100,95,95,105,105,100,103,97,0,0,0,0,0,0,0,0,0,0,0,0,0,0,0,0,1
28200,3.7769,0.75,1.3868,1.0401,0.6,3.7769,1.6401,2.1368,49.573,49.573,49.573,49.573,49.573,49.573,49.573,49.573,37.769,7.5,13.868,10.401,6,37.769,16.401,21.368,1872.3,371.8,687.47,515.61,297.44,1872.3,813.04,1059.3,187.23,37.18,68.747,51.561,29.744,187.23,81.304,105.93,120,126,134,126,134,130,130,130,100,95,95,105,105,100,103,97,0,0,0,0,0,0,0,0,0,0,0,0,0,0,0,0,1
28800,4.4104,1.0104,1.6,1.2,0.6,4.4104,1.8,2.6104,48.691,48.69,48.69,48.69,48.69,48.69,48.69,48.69,44.104,10.104,16,12,6,44.104,18,26.104,2147.5,491.97,779.04,584.28,292.14,2147.4,876.42,1271,214.75,49.197,77.904,58.428,29.214,214.74,87.642,127.1,120,126,134,126,134,130,130,130,100,95,95,105,105,100,103,97,0,0,0,0,0,0,0,0,0,0,0,0,0,0,0,0,1
29400,4.4104,1.0104,1.6,1.2,0.6,4.4104,1.8,2.6104,48.691,48.69,48.69,48.69,48.69,48.69,48.69,48.69,44.104,10.104,16,12,6,44.104,18,26.104,2147.5,491.97,779.04,584.28,292.14,2147.4,876.42,1271,214.75,49.197,77.904,58.428,29.214,214.74,87.642,127.1,120,126,134,126,134,130,130,130,100,95,95,105,105,100,103,97,0,0,0,0,0,0,0,0,0,0,0,0,0,0,0,0,1
30000,4.4104,1.0104,1.6,1.2,0.6,4.4104,1.8,2.6104,48.691,48.69,48.69,48.69,48.69,48.69,48.69,48.69,44.104,10.104,16,12,6,44.104,18,26.104,2147.5,491.97,779.04,584.28,292.14,2147.4,876.42,1271,214.75,49.197,77.904,58.428,29.214,214.74,87.642,127.1,120,126,134,126,134,130,130,130,100,95,95,105,105,100,103,97,0,0,0,0,0,0,0,0,0,0,0,0,0,0,0,0,1
30600,4.4104,1.0104,1.6,1.2,0.6,4.4104,1.8,2.6104,48.691,48.69,48.69,48.69,48.69,48.69,48.69,48.69,44.104,10.104,16,12,6,44.104,18,26.104,2147.5,491.97,779.04,584.28,292.14,2147.4,876.42,1271,214.75,49.197,77.904,58.428,29.214,214.74,87.642,127.1,120,126,134,126,134,130,130,130,100,95,95,105,105,100,103,97,0,0,0,0,0,0,0,0,0,0,0,0,0,0,0,0,1
31200,4.4104,1.0104,1.6,1.2,0.6,4.4104,1.8,2.6104,48.691,48.69,48.69,48.69,48.69,48.69,48.69,48.69,44.104,10.104,16,12,6,44.104,18,26.104,2147.5,491.97,779.04,584.28,292.14,2147.4,876.42,1271,214.75,49.197,77.904,58.428,29.214,214.74,87.642,127.1,120,126,134,126,134,130,130,130,100,95,95,105,105,100,103,97,0,0,0,0,0,0,0,0,0,0,0,0,0,0,0,0,1
31800,4.4104,1.0104,1.6,1.2,0.6,4.4104,1.8,2.6104,48.691,48.69,48.69,48.69,48.69,48.69,48.69,48.69,44.104,10.104,16,12,6,44.104,18,26.104,2147.5,491.97,779.04,584.28,292.14,2147.4,876.42,1271,214.75,49.197,77.904,58.428,29.214,214.74,87.642,127.1,120,126,134,126,134,130,130,130,100,95,95,105,105,100,103,97,0,0,0,0,0,0,0,0,0,0,0,0,0,0,0,0,1
32400,6.6921,1.3068,2.2308,1.6731,1.4814,6.6921,3.1545,3.5376,44.382,44.38,44.38,44.38,44.38,44.38,44.38,44.38,66.921,13.068,22.308,16.731,14.814,66.921,31.545,35.376,2970.1,579.96,990.03,742.52,657.45,2970,1400,1570,297.01,57.996,99.003,74.252,65.745,297,140,157,120,126,134,126,134,130,130,130,100,95,95,105,105,100,103,97,0,0,0,0,0,0,0,0,0,0,0,0,0,0,0,0,1
33000,6.6921,1.3068,2.2308,1.6731,1.4814,6.6921,3.1545,3.5376,44.382,44.38,44.38,44.38,44.38,44.38,44.38,44.38,66.921,13.068,22.308,16.731,14.814,66.921,31.545,35.376,2970.1,579.96,990.03,742.52,657.45,2970,1400,1570,297.01,57.996,99.003,74.252,65.745,297,140,157,120,126,134,126,134,130,130,130,100,95,95,105,105,100,103,97,0,0,0,0,0,0,0,0,0,0,0,0,0,0,0,0,1
33600,6.6921,1.3068,2.2308,1.6731,1.4814,6.6921,3.1545,3.5376,44.382,44.38,44.38,44.38,44.38,44.38,44.38,44.38,66.921,13.068,22.308,16.731,14.814,66.921,31.545,35.376,2970.1,579.96,990.03,742.52,657.45,2970,1400,1570,297.01,57.996,99.003,74.252,65.745,297,140,157,120,126,134,126,134,130,130,130,100,95,95,105,105,100,103,97,0,0,0,0,0,0,0,0,0,0,0,0,0,0,0,0,1
34200,6.6921,1.3068,2.2308,1.6731,1.4814,6.6921,3.1545,3.5376,44.382,44.38,44.38,44.38,44.38,44.38,44.38,44.38,66.921,13.068,22.308,16.731,14.814,66.921,31.545,35.376,2970.1,579.96,990.03,742.52,657.45,2970,1400,1570,297.01,57.996,99.003,74.252,65.745,297,140,157,120,126,134,126,134,130,130,130,100,95,95,105,105,100,103,97,0,0,0,0,0,0,0,0,0,0,0,0,0,0,0,0,1
34800,6.6921,1.3068,2.2308,1.6731,1.4814,6.6921,3.1545,3.5376,44.382,44.38,44.38,44.38,44.38,44.38,44.38,44.38,66.921,13.068,22.308,16.731,14.814,66.921,31.545,35.376,2970.1,579.96,990.03,742.52,657.45,2970,1400,1570,297.01,57.996,99.003,74.252,65.745,297,140,157,120,126,134,126,134,130,130,130,100,95,95,105,105,100,103,97,0,0,0,0,0,0,0,0,0,0,0,0,0,0,0,0,1
35400,6.6921,1.3068,2.2308,1.6731,1.4814,6.6921,3.1545,3.5376,44.382,44.38,44.38,44.38,44.38,44.38,44.38,44.38,66.921,13.068,22.308,16.731,14.814,66.921,31.545,35.376,2970.1,579.96,990.03,742.52,657.45,2970,1400,1570,297.01,57.996,99.003,74.252,65.745,297,140,157,120,126,134,126,134,130,130,130,100,95,95,105,105,100,103,97,0,0,0,0,0,0,0,0,0,0,0,0,0,0,0,0,1
36000,10.234,1.6247,3.1376,2.3532,3.1186,10.234,5.4718,4.7623,34.184,34.18,34.18,34.18,34.18,34.18,34.18,34.18,102.34,16.247,31.376,23.532,31.186,102.34,54.718,47.623,3498.4,555.3,1072.4,804.32,1065.9,3498,1870.3,1627.7,349.84,55.53,107.24,80.432,106.59,349.8,187.03,162.77,120,126,134,126,134,130,130,130,100,95,95,105,105,100,103,97,0,0,0,0,0,0,0,0,0,0,0,0,0,0,0,0,1
36600,10.234,1.6247,3.1376,2.3532,3.1186,10.234,5.4718,4.7623,34.184,34.18,34.18,34.18,34.18,34.18,34.18,34.18,102.34,16.247,31.376,23.532,31.186,102.34,54.718,47.623,3498.4,555.3,1072.4,804.32,1065.9,3498,1870.3,1627.7,349.84,55.53,107.24,80.432,106.59,349.8,187.03,162.77,120,126,134,126,134,130,130,130,100,95,95,105,105,100,103,97,0,0,0,0,0,0,0,0,0,0,0,0,0,0,0,0,1
37200,10.234,1.6247,3.1376,2.3532,3.1186,10.234,5.4718,4.7623,34.184,34.18,34.18,34.18,34.18,34.18,34.18,34.18,102.34,16.247,31.376,23.532,31.186,102.34,54.718,47.623,3498.4,555.3,1072.4,804.32,1065.9,3498,1870.3,1627.7,349.84,55.53,107.24,80.432,106.59,349.8,187.03,162.77,120,126,134,126,134,130,130,130,100,95,95,105,105,100,103,97,0,0,0,0,0,0,0,0,0,0,0,0,0,0,0,0,1
37800,10.234,1.6247,3.1376,2.3532,3.1186,10.234,5.4718,4.7623,34.184,34.18,34.18,34.18,34.18,34.18,34.18,34.18,102.34,16.247,31.376,23.532,31.186,102.34,54.718,47.623,3498.4,555.3,1072.4,804.32,1065.9,3498,1870.3,1627.7,349.84,55.53,107.24,80.432,106.59,349.8,187.03,162.77,120,126,134,126,134,130,130,130,100,95,95,105,105,100,103,97,0,0,0,0,0,0,0,0,0,0,0,0,0,0,0,0,1
38400,10.234,1.6247,3.1376,2.3532,3.1186,10.234,5.4718,4.7623,34.184,34.18,34.18,34.18,34.18,34.18,34.18,34.18,102.34,16.247,31.376,23.532,31.186,102.34,54.718,47.623,3498.4,555.3,1072.4,804.32,1065.9,3498,1870.3,1627.7,349.84,55.53,107.24,80.432,106.59,349.8,187.03,162.77,120,126,134,126,134,130,130,130,100,95,95,105,105,100,103,97,0,0,0,0,0,0,0,0,0,0,0,0,0,0,0,0,1
39000,10.234,1.6247,3.1376,2.3532,3.1186,10.234,5.4718,4.7623,34.184,34.18,34.18,34.18,34.18,34.18,34.18,34.18,102.34,16.247,31.376,23.532,31.186,102.34,54.718,47.623,3498.4,555.3,1072.4,804.32,1065.9,3498,1870.3,1627.7,349.84,55.53,107.24,80.432,106.59,349.8,187.03,162.77,120,126,134,126,134,130,130,130,100,95,95,105,105,100,103,97,0,0,0,0,0,0,0,0,0,0,0,0,0,0,0,0,1
39600,12.25,1.95,3.6,2.7,4,12.25,6.7,5.55,26.474,26.468,26.468,26.468,26.468,26.469,26.468,26.468,122.5,19.5,36,27,40,122.5,67,55.5,3243,516.13,952.85,714.64,1058.7,3242.4,1773.4,1469,324.3,51.613,95.285,71.464,105.87,324.24,177.34,146.9,120,126,134,126,134,130,130,130,100,95,95,105,105,100,103,97,0,0,0,0,0,0,0,0,0,0,0,0,0,0,0,0,1
40200,12.25,1.95,3.6,2.7,4,12.25,6.7,5.55,26.474,26.468,26.468,26.468,26.468,26.469,26.468,26.468,122.5,19.5,36,27,40,122.5,67,55.5,3243,516.13,952.85,714.64,1058.7,3242.4,1773.4,1469,324.3,51.613,95.285,71.464,105.87,324.24,177.34,146.9,120,126,134,126,134,130,130,130,100,95,95,105,105,100,103,97,0,0,0,0,0,0,0,0,0,0,0,0,0,0,0,0,1
40800,12.25,1.95,3.6,2.7,4,12.25,6.7,5.55,26.474,26.468,26.468,26.468,26.468,26.469,26.468,26.468,122.5,19.5,36,27,40,122.5,67,55.5,3243,516.13,952.85,714.64,1058.7,3242.4,1773.4,1469,324.3,51.613,95.285,71.464,105.87,324.24,177.34,146.9,120,126,134,126,134,130,130,130,100,95,95,105,105,100,103,97,0,0,0,0,0,0,0,0,0,0,0,0,0,0,0,0,1
41400,12.25,1.95,3.6,2.7,4,12.25,6.7,5.55,26.474,26.468,26.468,26.468,26.468,26.469,26.468,26.468,122.5,19.5,36,27,40,122.5,67,55.5,3243,516.13,952.85,714.64,1058.7,3242.4,1773.4,1469,324.3,51.613,95.285,71.464,105.87,324.24,177.34,146.9,120,126,134,126,134,130,130,130,100,95,95,105,105,100,103,97,0,0,0,0,0,0,0,0,0,0,0,0,0,0,0,0,1
42000,12.25,1.95,3.6,2.7,4,12.25,6.7,5.55,26.474,26.468,26.468,26.468,26.468,26.469,26.468,26.468,122.5,19.5,36,27,40,122.5,67,55.5,3243,516.13,952.85,714.64,1058.7,3242.4,1773.4,1469,324.3,51.613,95.285,71.464,105.87,324.24,177.34,146.9,120,126,134,126,134,130,130,130,100,95,95,105,105,100,103,97,0,0,0,0,0,0,0,0,0,0,0,0,0,0,0,0,1
42600,12.25,1.95,3.6,2.7,4,12.25,6.7,5.55,26.474,26.468,26.468,26.468,26.468,26.469,26.468,26.468,122.5,19.5,36,27,40,122.5,67,55.5,3243,516.13,952.85,714.64,1058.7,3242.4,1773.4,1469,324.3,51.613,95.285,71.464,105.87,324.24,177.34,146.9,120,126,134,126,134,130,130,130,100,95,95,105,105,100,103,97,0,0,0,0,0,0,0,0,0,0,0,0,0,0,0,0,1
43200,12.188,2.3664,3.4746,2.606,3.7408,12.188,6.3468,5.841,26.732,26.727,26.727,26.727,26.727,26.727,26.727,26.727,121.88,23.664,34.746,26.06,37.408,121.88,63.468,58.41,3258.1,632.47,928.65,696.49,999.79,3257.5,1696.3,1561.1,325.81,63.247,92.865,69.649,99.979,325.75,169.63,156.11,120,126,134,126,134,130,130,130,100,95,95,105,105,100,103,97,0,0,0,0,0,0,0,0,0,0,0,0,0,0,0,0,1
43800,12.188,2.3664,3.4746,2.606,3.7408,12.188,6.3468,5.841,26.732,26.727,26.727,26.727,26.727,26.727,26.727,26.727,121.88,23.664,34.746,26.06,37.408,121.88,63.468,58.41,3258.1,632.47,928.65,696.49,999.79,3257.5,1696.3,1561.1,325.81,63.247,92.865,69.649,99.979,325.75,169.63,156.11,120,126,134,126,134,130,130,130,100,95,95,105,105,100,103,97,0,0,0,0,0,0,0,0,0,0,0,0,0,0,0,0,1
44400,12.188,2.3664,3.4746,2.606,3.7408,12.188,6.3468,5.841,26.732,26.727,26.727,26.727,26.727,26.727,26.727,26.727,121.88,23.664,34.746,26.06,37.408,121.88,63.468,58.41,3258.1,632.47,928.65,696.49,999.79,3257.5,1696.3,1561.1,325.81,63.247,92.865,69.649,99.979,325.75,169.63,156.11,120,126,134,126,134,130,130,130,100,95,95,105,105,100,103,97,0,0,0,0,0,0,0,0,0,0,0,0,0,0,0,0,1
45000,12.188,2.3664,3.4746,2.606,3.7408,12.188,6.3468,5.841,26.732,26.727,26.727,26.727,26.727,26.727,26.727,26.727,121.88,23.664,34.746,26.06,37.408,121.88,63.468,58.41,3258.1,632.47,928.65,696.49,999.79,3257.5,1696.3,1561.1,325.81,63.247,92.865,69.649,99.979,325.75,169.63,156.11,120,126,134,126,134,130,130,130,100,95,95,105,105,100,103,97,0,0,0,0,0,0,0,0,0,0,0,0,0,0,0,0,1
45600,12.188,2.3664,3.4746,2.606,3.7408,12.188,6.3468,5.841,26.732,26.727,26.727,26.727,26.727,26.727,26.727,26.727,121.88,23.664,34.746,26.06,37.408,121.88,63.468,58.41,3258.1,632.47,928.65,696.49,999.79,3257.5,1696.3,1561.1,325.81,63.247,92.865,69.649,99.979,325.75,169.63,156.11,120,126,134,126,134,130,130,130,100,95,95,105,105,100,103,97,0,0,0,0,0,0,0,0,0,0,0,0,0,0,0,0,1
46200,12.188,2.3664,3.4746,2.606,3.7408,12.188,6.3468,5.841,26.732,26.727,26.727,26.727,26.727,26.727,26.727,26.727,121.88,23.664,34.746,26.06,37.408,121.88,63.468,58.41,3258.1,632.47,928.65,696.49,999.79,3257.5,1696.3,1561.1,325.81,63.247,92.865,69.649,99.979,325.75,169.63,156.11,120,126,134,126,134,130,130,130,100,95,95,105,105,100,103,97,0,0,0,0,0,0,0,0,0,0,0,0,0,0,0,0,1
46800,11.687,2.7999,3.2158,2.4118,3.2592,11.687,5.6711,6.0157,28.767,28.762,28.762,28.762,28.762,28.762,28.762,28.762,116.87,27.999,32.158,24.118,32.592,116.87,56.711,60.157,3361.9,805.3,924.92,693.7,937.41,3361.4,1631.1,1730.2,336.19,80.53,92.492,69.37,93.741,336.14,163.11,173.02,120,126,134,126,134,130,130,130,100,95,95,105,105,100,103,97,0,0,0,0,0,0,0,0,0,0,0,0,0,0,0,0,1
47400,11.687,2.7999,3.2158,2.4118,3.2592,11.687,5.6711,6.0157,28.767,28.762,28.762,28.762,28.762,28.762,28.762,28.762,116.87,27.999,32.158,24.118,32.592,116.87,56.711,60.157,3361.9,805.3,924.92,693.7,937.41,3361.4,1631.1,1730.2,336.19,80.53,92.492,69.37,93.741,336.14,163.11,173.02,120,126,134,126,134,130,130,130,100,95,95,105,105,100,103,97,0,0,0,0,0,0,0,0,0,0,0,0,0,0,0,0,1
48000,11.687,2.7999,3.2158,2.4118,3.2592,11.687,5.6711,6.0157,28.767,28.762,28.762,28.762,28.762,28.762,28.762,28.762,116.87,27.999,32.158,24.118,32.592,116.87,56.711,60.157,3361.9,805.3,924.92,693.7,937.41,3361.4,1631.1,1730.2,336.19,80.53,92.492,69.37,93.741,336.14,163.11,173.02,120,126,134,126,134,130,130,130,100,95,95,105,105,100,103,97,0,0,0,0,0,0,0,0,0,0,0,0,0,0,0,0,1
48600,11.687,2.7999,3.2158,2.4118,3.2592,11.687,5.6711,6.0157,28.767,28.762,28.762,28.762,28.762,28.762,28.762,28.762,116.87,27.999,32.158,24.118,32.592,116.87,56.711,60.157,3361.9,805.3,924.92,693.7,937.41,3361.4,1631.1,1730.2,336.19,80.53,92.492,69.37,93.741,336.14,163.11,173.02,120,126,134,126,134,130,130,130,100,95,95,105,105,100,103,97,0,0,0,0,0,0,0,0,0,0,0,0,0,0,0,0,1
49200,11.687,2.7999,3.2158,2.4118,3.2592,11.687,5.6711,6.0157,28.767,28.762,28.762,28.762,28.762,28.762,28.762,28.762,116.87,27.999,32.158,24.118,32.592,116.87,56.711,60.157,3361.9,805.3,924.92,693.7,937.41,3361.4,1631.1,1730.2,336.19,80.53,92.492,69.37,93.741,336.14,163.11,173.02,120,126,134,126,134,130,130,130,100,95,95,105,105,100,103,97,0,0,0,0,0,0,0,0,0,0,0,0,0,0,0,0,1
49800,11.687,2.7999,3.2158,2.4118,3.2592,11.687,5.6711,6.0157,28.767,28.762,28.762,28.762,28.762,28.762,28.762,28.762,116.87,27.999,32.158,24.118,32.592,116.87,56.711,60.157,3361.9,805.3,924.92,693.7,937.41,3361.4,1631.1,1730.2,336.19,80.53,92.492,69.37,93.741,336.14,163.11,173.02,120,126,134,126,134,130,130,130,100,95,95,105,105,100,103,97,0,0,0,0,0,0,0,0,0,0,0,0,0,0,0,0,1
50400,11.25,3,3,2.25,3,11.25,5.25,6,30.471,30.466,30.466,30.466,30.466,30.467,30.466,30.466,112.5,30,30,22.5,30,112.5,52.5,60,3428,913.99,913.99,685.49,913.99,3427.5,1599.5,1828,342.8,91.399,91.399,68.549,91.399,342.75,159.95,182.8,120,126,134,126,134,130,130,130,100,95,95,105,105,100,103,97,0,0,0,0,0,0,0,0,0,0,0,0,0,0,0,0,1
51000,11.25,3,3,2.25,3,11.25,5.25,6,30.471,30.466,30.466,30.466,30.466,30.467,30.466,30.466,112.5,30,30,22.5,30,112.5,52.5,60,3428,913.99,913.99,685.49,913.99,3427.5,1599.5,1828,342.8,91.399,91.399,68.549,91.399,342.75,159.95,182.8,120,126,134,126,134,130,130,130,100,95,95,105,105,100,103,97,0,0,0,0,0,0,0,0,0,0,0,0,0,0,0,0,1
51600,11.25,3,3,2.25,3,11.25,5.25,6,30.471,30.466,30.466,30.466,30.466,30.467,30.466,30.466,112.5,30,30,22.5,30,112.5,52.5,60,3428,913.99,913.99,685.49,913.99,3427.5,1599.5,1828,342.8,91.399,91.399,68.549,91.399,342.75,159.95,182.8,120,126,134,126,134,130,130,130,100,95,95,105,105,100,103,97,0,0,0,0,0,0,0,0,0,0,0,0,0,0,0,0,1
52200,11.25,3,3,2.25,3,11.25,5.25,6,30.471,30.466,30.466,30.466,30.466,30.467,30.466,30.466,112.5,30,30,22.5,30,112.5,52.5,60,3428,913.99,913.99,685.49,913.99,3427.5,1599.5,1828,342.8,91.399,91.399,68.549,91.399,342.75,159.95,182.8,120,126,134,126,134,130,130,130,100,95,95,105,105,100,103,97,0,0,0,0,0,0,0,0,0,0,0,0,0,0,0,0,1
52800,11.25,3,3,2.25,3,11.25,5.25,6,30.471,30.466,30.466,30.466,30.466,30.467,30.466,30.466,112.5,30,30,22.5,30,112.5,52.5,60,3428,913.99,913.99,685.49,913.99,3427.5,1599.5,1828,342.8,91.399,91.399,68.549,91.399,342.75,159.95,182.8,120,126,134,126,134,130,130,130,100,95,95,105,105,100,103,97,0,0,0,0,0,0,0,0,0,0,0,0,0,0,0,0,1
53400,11.25,3,3,2.25,3,11.25,5.25,6,30.471,30.466,30.466,30.466,30.466,30.467,30.466,30.466,112.5,30,30,22.5,30,112.5,52.5,60,3428,913.99,913.99,685.49,913.99,3427.5,1599.5,1828,342.8,91.399,91.399,68.549,91.399,342.75,159.95,182.8,120,126,134,126,134,130,130,130,100,95,95,105,105,100,103,97,0,0,0,0,0,0,0,0,0,0,0,0,0,0,0,0,1
54000,11.073,2.6313,2.895,2.1712,3.375,11.073,5.5462,5.5263,31.145,31.14,31.14,31.14,31.14,31.141,31.14,31.14,110.73,26.313,28.95,21.712,33.75,110.73,55.462,55.263,3448.5,819.39,901.51,676.13,1051,3448.1,1727.1,1720.9,344.85,81.939,90.151,67.613,105.1,344.81,172.71,172.09,120,126,134,126,134,130,130,130,100,95,95,105,105,100,103,97,0,0,0,0,0,0,0,0,0,0,0,0,0,0,0,0,1
54600,11.073,2.6313,2.895,2.1712,3.375,11.073,5.5462,5.5263,31.145,31.14,31.14,31.14,31.14,31.141,31.14,31.14,110.73,26.313,28.95,21.712,33.75,110.73,55.462,55.263,3448.5,819.39,901.51,676.13,1051,3448.1,1727.1,1720.9,344.85,81.939,90.151,67.613,105.1,344.81,172.71,172.09,120,126,134,126,134,130,130,130,100,95,95,105,105,100,103,97,0,0,0,0,0,0,0,0,0,0,0,0,0,0,0,0,1
55200,11.073,2.6313,2.895,2.1712,3.375,11.073,5.5462,5.5263,31.145,31.14,31.14,31.14,31.14,31.141,31.14,31.14,110.73,26.313,28.95,21.712,33.75,110.73,55.462,55.263,3448.5,819.39,901.51,676.13,1051,3448.1,1727.1,1720.9,344.85,81.939,90.151,67.613,105.1,344.81,172.71,172.09,120,126,134,126,134,130,130,130,100,95,95,105,105,100,103,97,0,0,0,0,0,0,0,0,0,0,0,0,0,0,0,0,1
55800,11.073,2.6313,2.895,2.1712,3.375,11.073,5.5462,5.5263,31.145,31.14,31.14,31.14,31.14,31.141,31.14,31.14,110.73,26.313,28.95,21.712,33.75,110.73,55.462,55.263,3448.5,819.39,901.51,676.13,1051,3448.1,1727.1,1720.9,344.85,81.939,90.151,67.613,105.1,344.81,172.71,172.09,120,126,134,126,134,130,130,130,100,95,95,105,105,100,103,97,0,0,0,0,0,0,0,0,0,0,0,0,0,0,0,0,1
56400,11.073,2.6313,2.895,2.1712,3.375,11.073,5.5462,5.5263,31.145,31.14,31.14,31.14,31.14,31.141,31.14,31.14,110.73,26.313,28.95,21.712,33.75,110.73,55.462,55.263,3448.5,819.39,901.51,676.13,1051,3448.1,1727.1,1720.9,344.85,81.939,90.151,67.613,105.1,344.81,172.71,172.09,120,126,134,126,134,130,130,130,100,95,95,105,105,100,103,97,0,0,0,0,0,0,0,0,0,0,0,0,0,0,0,0,1
57000,11.073,2.6313,2.895,2.1712,3.375,11.073,5.5462,5.5263,31.145,31.14,31.14,31.14,31.14,31.141,31.14,31.14,110.73,26.313,28.95,21.712,33.75,110.73,55.462,55.263,3448.5,819.39,901.51,676.13,1051,3448.1,1727.1,1720.9,344.85,81.939,90.151,67.613,105.1,344.81,172.71,172.09,120,126,134,126,134,130,130,130,100,95,95,105,105,100,103,97,0,0,0,0,0,0,0,0,0,0,0,0,0,0,0,0,1
57600,11.068,1.9293,2.8222,2.1167,4.2,11.068,6.3166,4.7515,31.161,31.157,31.157,31.157,31.156,31.157,31.157,31.157,110.68,19.293,28.222,21.167,42,110.68,63.166,47.515,3449,601.11,879.31,659.48,1308.6,3448.5,1968.1,1480.4,344.9,60.111,87.931,65.948,130.86,344.85,196.81,148.04,120,126,134,126,134,130,130,130,100,95,95,105,105,100,103,97,0,0,0,0,0,0,0,0,0,0,0,0,0,0,0,0,1
58200,11.068,1.9293,2.8222,2.1167,4.2,11.068,6.3166,4.7515,31.161,31.157,31.157,31.157,31.156,31.157,31.157,31.157,110.68,19.293,28.222,21.167,42,110.68,63.166,47.515,3449,601.11,879.31,659.48,1308.6,3448.5,1968.1,1480.4,344.9,60.111,87.931,65.948,130.86,344.85,196.81,148.04,120,126,134,126,134,130,130,130,100,95,95,105,105,100,103,97,0,0,0,0,0,0,0,0,0,0,0,0,0,0,0,0,1
58800,11.068,1.9293,2.8222,2.1167,4.2,11.068,6.3166,4.7515,31.161,31.157,31.157,31.157,31.156,31.157,31.157,31.157,110.68,19.293,28.222,21.167,42,110.68,63.166,47.515,3449,601.11,879.31,659.48,1308.6,3448.5,1968.1,1480.4,344.9,60.111,87.931,65.948,130.86,344.85,196.81,148.04,120,126,134,126,134,130,130,130,100,95,95,105,105,100,103,97,0,0,0,0,0,0,0,0,0,0,0,0,0,0,0,0,1
59400,11.068,1.9293,2.8222,2.1167,4.2,11.068,6.3166,4.7515,31.161,31.157,31.157,31.157,31.156,31.157,31.157,31.157,110.68,19.293,28.222,21.167,42,110.68,63.166,47.515,3449,601.11,879.31,659.48,1308.6,3448.5,1968.1,1480.4,344.9,60.111,87.931,65.948,130.86,344.85,196.81,148.04,120,126,134,126,134,130,130,130,100,95,95,105,105,100,103,97,0,0,0,0,0,0,0,0,0,0,0,0,0,0,0,0,1
60000,11.068,1.9293,2.8222,2.1167,4.2,11.068,6.3166,4.7515,31.161,31.157,31.157,31.157,31.156,31.157,31.157,31.157,110.68,19.293,28.222,21.167,42,110.68,63.166,47.515,3449,601.11,879.31,659.48,1308.6,3448.5,1968.1,1480.4,344.9,60.111,87.931,65.948,130.86,344.85,196.81,148.04,120,126,134,126,134,130,130,130,100,95,95,105,105,100,103,97,0,0,0,0,0,0,0,0,0,0,0,0,0,0,0,0,1
60600,11.068,1.9293,2.8222,2.1167,4.2,11.068,6.3166,4.7515,31.161,31.157,31.157,31.157,31.156,31.157,31.157,31.157,110.68,19.293,28.222,21.167,42,110.68,63.166,47.515,3449,601.11,879.31,659.48,1308.6,3448.5,1968.1,1480.4,344.9,60.111,87.931,65.948,130.86,344.85,196.81,148.04,120,126,134,126,134,130,130,130,100,95,95,105,105,100,103,97,0,0,0,0,0,0,0,0,0,0,0,0,0,0,0,0,1
61200,11.317,1.5,2.7384,2.0538,5.025,11.317,7.0788,4.2384,30.213,30.209,30.208,30.208,30.208,30.209,30.208,30.209,113.17,15,27.384,20.538,50.25,113.17,70.788,42.384,3419.3,453.13,827.23,620.41,1517.9,3418.8,2138.4,1280.4,341.93,45.313,82.723,62.041,151.79,341.88,213.84,128.04,120,126,134,126,134,130,130,130,100,95,95,105,105,100,103,97,0,0,0,0,0,0,0,0,0,0,0,0,0,0,0,0,1
61800,11.317,1.5,2.7384,2.0538,5.025,11.317,7.0788,4.2384,30.213,30.209,30.208,30.208,30.208,30.209,30.208,30.209,113.17,15,27.384,20.538,50.25,113.17,70.788,42.384,3419.3,453.13,827.23,620.41,1517.9,3418.8,2138.4,1280.4,341.93,45.313,82.723,62.041,151.79,341.88,213.84,128.04,120,126,134,126,134,130,130,130,100,95,95,105,105,100,103,97,0,0,0,0,0,0,0,0,0,0,0,0,0,0,0,0,1
62400,11.317,1.5,2.7384,2.0538,5.025,11.317,7.0788,4.2384,30.213,30.209,30.208,30.208,30.208,30.209,30.208,30.209,113.17,15,27.384,20.538,50.25,113.17,70.788,42.384,3419.3,453.13,827.23,620.41,1517.9,3418.8,2138.4,1280.4,341.93,45.313,82.723,62.041,151.79,341.88,213.84,128.04,120,126,134,126,134,130,130,130,100,95,95,105,105,100,103,97,0,0,0,0,0,0,0,0,0,0,0,0,0,0,0,0,1
63000,11.317,1.5,2.7384,2.0538,5.025,11.317,7.0788,4.2384,30.213,30.209,30.208,30.208,30.208,30.209,30.208,30.209,113.17,15,27.384,20.538,50.25,113.17,70.788,42.384,3419.3,453.13,827.23,620.41,1517.9,3418.8,2138.4,1280.4,341.93,45.313,82.723,62.041,151.79,341.88,213.84,128.04,120,126,134,126,134,130,130,130,100,95,95,105,105,100,103,97,0,0,0,0,0,0,0,0,0,0,0,0,0,0,0,0,1
63600,11.317,1.5,2.7384,2.0538,5.025,11.317,7.0788,4.2384,30.213,30.209,30.208,30.208,30.208,30.209,30.208,30.209,113.17,15,27.384,20.538,50.25,113.17,70.788,42.384,3419.3,453.13,827.23,620.41,1517.9,3418.8,2138.4,1280.4,341.93,45.313,82.723,62.041,151.79,341.88,213.84,128.04,120,126,134,126,134,130,130,130,100,95,95,105,105,100,103,97,0,0,0,0,0,0,0,0,0,0,0,0,0,0,0,0,1
64200,11.317,1.5,2.7384,2.0538,5.025,11.317,7.0788,4.2384,30.213,30.209,30.208,30.208,30.208,30.209,30.208,30.209,113.17,15,27.384,20.538,50.25,113.17,70.788,42.384,3419.3,453.13,827.23,620.41,1517.9,3418.8,2138.4,1280.4,341.93,45.313,82.723,62.041,151.79,341.88,213.84,128.04,120,126,134,126,134,130,130,130,100,95,95,105,105,100,103,97,0,0,0,0,0,0,0,0,0,0,0,0,0,0,0,0,1
64800,11.39,1.4397,2.6,1.95,5.4,11.39,7.35,4.0397,29.933,29.928,29.928,29.928,29.928,29.929,29.928,29.929,113.9,14.397,26,19.5,54,113.9,73.5,40.397,3409.3,430.88,778.14,583.6,1616.1,3408.8,2199.7,1209,340.93,43.088,77.814,58.36,161.61,340.88,219.97,120.9,120,126,134,126,134,130,130,130,100,95,95,105,105,100,103,97,0,0,0,0,0,0,0,0,0,0,0,0,0,0,0,0,1
65400,11.39,1.4397,2.6,1.95,5.4,11.39,7.35,4.0397,29.933,29.928,29.928,29.928,29.928,29.929,29.928,29.929,113.9,14.397,26,19.5,54,113.9,73.5,40.397,3409.3,430.88,778.14,583.6,1616.1,3408.8,2199.7,1209,340.93,43.088,77.814,58.36,161.61,340.88,219.97,120.9,120,126,134,126,134,130,130,130,100,95,95,105,105,100,103,97,0,0,0,0,0,0,0,0,0,0,0,0,0,0,0,0,1
66000,11.39,1.4397,2.6,1.95,5.4,11.39,7.35,4.0397,29.933,29.928,29.928,29.928,29.928,29.929,29.928,29.929,113.9,14.397,26,19.5,54,113.9,73.5,40.397,3409.3,430.88,778.14,583.6,1616.1,3408.8,2199.7,1209,340.93,43.088,77.814,58.36,161.61,340.88,219.97,120.9,120,126,134,126,134,130,130,130,100,95,95,105,105,100,103,97,0,0,0,0,0,0,0,0,0,0,0,0,0,0,0,0,1
66600,11.39,1.4397,2.6,1.95,5.4,11.39,7.35,4.0397,29.933,29.928,29.928,29.928,29.928,29.929,29.928,29.929,113.9,14.397,26,19.5,54,113.9,73.5,40.397,3409.3,430.88,778.14,583.6,1616.1,3408.8,2199.7,1209,340.93,43.088,77.814,58.36,161.61,340.88,219.97,120.9,120,126,134,126,134,130,130,130,100,95,95,105,105,100,103,97,0,0,0,0,0,0,0,0,0,0,0,0,0,0,0,0,1
67200,11.39,1.4397,2.6,1.95,5.4,11.39,7.35,4.0397,29.933,29.928,29.928,29.928,29.928,29.929,29.928,29.929,113.9,14.397,26,19.5,54,113.9,73.5,40.397,3409.3,430.88,778.14,583.6,1616.1,3408.8,2199.7,1209,340.93,43.088,77.814,58.36,161.61,340.88,219.97,120.9,120,126,134,126,134,130,130,130,100,95,95,105,105,100,103,97,0,0,0,0,0,0,0,0,0,0,0,0,0,0,0,0,1
67800,11.39,1.4397,2.6,1.95,5.4,11.39,7.35,4.0397,29.933,29.928,29.928,29.928,29.928,29.929,29.928,29.929,113.9,14.397,26,19.5,54,113.9,73.5,40.397,3409.3,430.88,778.14,583.6,1616.1,3408.8,2199.7,1209,340.93,43.088,77.814,58.36,161.61,340.88,219.97,120.9,120,126,134,126,134,130,130,130,100,95,95,105,105,100,103,97,0,0,0,0,0,0,0,0,0,0,0,0,0,0,0,0,1
68400,8.9202,1.4068,2.1098,1.5824,3.8212,8.9202,5.4035,3.5166,38.464,38.462,38.462,38.461,38.461,38.462,38.462,38.462,89.202,14.068,21.098,15.824,38.212,89.202,54.035,35.166,3431.1,541.1,811.46,608.59,1469.7,3430.9,2078.3,1352.6,343.11,54.11,81.146,60.859,146.97,343.09,207.83,135.26,120,126,134,126,134,130,130,130,100,95,95,105,105,100,103,97,0,0,0,0,0,0,0,0,0,0,0,0,0,0,0,0,1
69000,8.9202,1.4068,2.1098,1.5824,3.8212,8.9202,5.4035,3.5166,38.464,38.462,38.462,38.461,38.461,38.462,38.462,38.462,89.202,14.068,21.098,15.824,38.212,89.202,54.035,35.166,3431.1,541.1,811.46,608.59,1469.7,3430.9,2078.3,1352.6,343.11,54.11,81.146,60.859,146.97,343.09,207.83,135.26,120,126,134,126,134,130,130,130,100,95,95,105,105,100,103,97,0,0,0,0,0,0,0,0,0,0,0,0,0,0,0,0,1
69600,8.9202,1.4068,2.1098,1.5824,3.8212,8.9202,5.4035,3.5166,38.464,38.462,38.462,38.461,38.461,38.462,38.462,38.462,89.202,14.068,21.098,15.824,38.212,89.202,54.035,35.166,3431.1,541.1,811.46,608.59,1469.7,3430.9,2078.3,1352.6,343.11,54.11,81.146,60.859,146.97,343.09,207.83,135.26,120,126,134,126,134,130,130,130,100,95,95,105,105,100,103,97,0,0,0,0,0,0,0,0,0,0,0,0,0,0,0,0,1
70200,8.9202,1.4068,2.1098,1.5824,3.8212,8.9202,5.4035,3.5166,38.464,38.462,38.462,38.461,38.461,38.462,38.462,38.462,89.202,14.068,21.098,15.824,38.212,89.202,54.035,35.166,3431.1,541.1,811.46,608.59,1469.7,3430.9,2078.3,1352.6,343.11,54.11,81.146,60.859,146.97,343.09,207.83,135.26,120,126,134,126,134,130,130,130,100,95,95,105,105,100,103,97,0,0,0,0,0,0,0,0,0,0,0,0,0,0,0,0,1
70800,8.9202,1.4068,2.1098,1.5824,3.8212,8.9202,5.4035,3.5166,38.464,38.462,38.462,38.461,38.461,38.462,38.462,38.462,89.202,14.068,21.098,15.824,38.212,89.202,54.035,35.166,3431.1,541.1,811.46,608.59,1469.7,3430.9,2078.3,1352.6,343.11,54.11,81.146,60.859,146.97,343.09,207.83,135.26,120,126,134,126,134,130,130,130,100,95,95,105,105,100,103,97,0,0,0,0,0,0,0,0,0,0,0,0,0,0,0,0,1
71400,8.9202,1.4068,2.1098,1.5824,3.8212,8.9202,5.4035,3.5166,38.464,38.462,38.462,38.461,38.461,38.462,38.462,38.462,89.202,14.068,21.098,15.824,38.212,89.202,54.035,35.166,3431.1,541.1,811.46,608.59,1469.7,3430.9,2078.3,1352.6,343.11,54.11,81.146,60.859,146.97,343.09,207.83,135.26,120,126,134,126,134,130,130,130,100,95,95,105,105,100,103,97,0,0,0,0,0,0,0,0,0,0,0,0,0,0,0,0,1
72000,6.15,1.35,1.6,1.2,2,6.15,3.2,2.95,45.566,45.564,45.564,45.564,45.564,45.565,45.565,45.565,61.5,13.5,16,12,20,61.5,32,29.5,2802.3,615.12,729.03,546.77,911.29,2802.2,1458.1,1344.2,280.23,61.512,72.903,54.677,91.129,280.22,145.81,134.42,120,126,134,126,134,130,130,130,100,95,95,105,105,100,103,97,0,0,0,0,0,0,0,0,0,0,0,0,0,0,0,0,1
72600,6.15,1.35,1.6,1.2,2,6.15,3.2,2.95,45.566,45.564,45.564,45.564,45.564,45.565,45.565,45.565,61.5,13.5,16,12,20,61.5,32,29.5,2802.3,615.12,729.03,546.77,911.29,2802.2,1458.1,1344.2,280.23,61.512,72.903,54.677,91.129,280.22,145.81,134.42,120,126,134,126,134,130,130,130,100,95,95,105,105,100,103,97,0,0,0,0,0,0,0,0,0,0,0,0,0,0,0,0,1
73200,6.15,1.35,1.6,1.2,2,6.15,3.2,2.95,45.566,45.564,45.564,45.564,45.564,45.565,45.565,45.565,61.5,13.5,16,12,20,61.5,32,29.5,2802.3,615.12,729.03,546.77,911.29,2802.2,1458.1,1344.2,280.23,61.512,72.903,54.677,91.129,280.22,145.81,134.42,120,126,134,126,134,130,130,130,100,95,95,105,105,100,103,97,0,0,0,0,0,0,0,0,0,0,0,0,0,0,0,0,1
73800,6.15,1.35,1.6,1.2,2,6.15,3.2,2.95,45.566,45.564,45.564,45.564,45.564,45.565,45.565,45.565,61.5,13.5,16,12,20,61.5,32,29.5,2802.3,615.12,729.03,546.77,911.29,2802.2,1458.1,1344.2,280.23,61.512,72.903,54.677,91.129,280.22,145.81,134.42,120,126,134,126,134,130,130,130,100,95,95,105,105,100,103,97,0,0,0,0,0,0,0,0,0,0,0,0,0,0,0,0,1
74400,6.15,1.35,1.6,1.2,2,6.15,3.2,2.95,45.566,45.564,45.564,45.564,45.564,45.565,45.565,45.565,61.5,13.5,16,12,20,61.5,32,29.5,2802.3,615.12,729.03,546.77,911.29,2802.2,1458.1,1344.2,280.23,61.512,72.903,54.677,91.129,280.22,145.81,134.42,120,126,134,126,134,130,130,130,100,95,95,105,105,100,103,97,0,0,0,0,0,0,0,0,0,0,0,0,0,0,0,0,1
75000,6.15,1.35,1.6,1.2,2,6.15,3.2,2.95,45.566,45.564,45.564,45.564,45.564,45.565,45.565,45.565,61.5,13.5,16,12,20,61.5,32,29.5,2802.3,615.12,729.03,546.77,911.29,2802.2,1458.1,1344.2,280.23,61.512,72.903,54.677,91.129,280.22,145.81,134.42,120,126,134,126,134,130,130,130,100,95,95,105,105,100,103,97,0,0,0,0,0,0,0,0,0,0,0,0,0,0,0,0,1
75600,5.1985,1.173,1.399,1.0493,1.5772,5.1985,2.6264,2.572,47.403,47.402,47.402,47.402,47.402,47.402,47.402,47.402,51.985,11.73,13.99,10.493,15.772,51.985,26.264,25.72,2464.2,556.02,663.15,497.36,747.62,2464.2,1245,1219.2,246.42,55.602,66.315,49.736,74.762,246.42,124.5,121.92,120,126,134,126,134,130,130,130,100,95,95,105,105,100,103,97,0,0,0,0,0,0,0,0,0,0,0,0,0,0,0,0,1
76200,5.1985,1.173,1.399,1.0493,1.5772,5.1985,2.6264,2.572,47.403,47.402,47.402,47.402,47.402,47.402,47.402,47.402,51.985,11.73,13.99,10.493,15.772,51.985,26.264,25.72,2464.2,556.02,663.15,497.36,747.62,2464.2,1245,1219.2,246.42,55.602,66.315,49.736,74.762,246.42,124.5,121.92,120,126,134,126,134,130,130,130,100,95,95,105,105,100,103,97,0,0,0,0,0,0,0,0,0,0,0,0,0,0,0,0,1
76800,5.1985,1.173,1.399,1.0493,1.5772,5.1985,2.6264,2.572,47.403,47.402,47.402,47.402,47.402,47.402,47.402,47.402,51.985,11.73,13.99,10.493,15.772,51.985,26.264,25.72,2464.2,556.02,663.15,497.36,747.62,2464.2,1245,1219.2,246.42,55.602,66.315,49.736,74.762,246.42,124.5,121.92,120,126,134,126,134,130,130,130,100,95,95,105,105,100,103,97,0,0,0,0,0,0,0,0,0,0,0,0,0,0,0,0,1
77400,5.1985,1.173,1.399,1.0493,1.5772,5.1985,2.6264,2.572,47.403,47.402,47.402,47.402,47.402,47.402,47.402,47.402,51.985,11.73,13.99,10.493,15.772,51.985,26.264,25.72,2464.2,556.02,663.15,497.36,747.62,2464.2,1245,1219.2,246.42,55.602,66.315,49.736,74.762,246.42,124.5,121.92,120,126,134,126,134,130,130,130,100,95,95,105,105,100,103,97,0,0,0,0,0,0,0,0,0,0,0,0,0,0,0,0,1
78000,5.1985,1.173,1.399,1.0493,1.5772,5.1985,2.6264,2.572,47.403,47.402,47.402,47.402,47.402,47.402,47.402,47.402,51.985,11.73,13.99,10.493,15.772,51.985,26.264,25.72,2464.2,556.02,663.15,497.36,747.62,2464.2,1245,1219.2,246.42,55.602,66.315,49.736,74.762,246.42,124.5,121.92,120,126,134,126,134,130,130,130,100,95,95,105,105,100,103,97,0,0,0,0,0,0,0,0,0,0,0,0,0,0,0,0,1
78600,5.1985,1.173,1.399,1.0493,1.5772,5.1985,2.6264,2.572,47.403,47.402,47.402,47.402,47.402,47.402,47.402,47.402,51.985,11.73,13.99,10.493,15.772,51.985,26.264,25.72,2464.2,556.02,663.15,497.36,747.62,2464.2,1245,1219.2,246.42,55.602,66.315,49.736,74.762,246.42,124.5,121.92,120,126,134,126,134,130,130,130,100,95,95,105,105,100,103,97,0,0,0,0,0,0,0,0,0,0,0,0,0,0,0,0,1
79200,4.3492,0.8532,1.255,0.94125,1.2998,4.3492,2.2411,2.1082,48.782,48.781,48.781,48.781,48.781,48.781,48.781,48.781,43.492,8.532,12.55,9.4125,12.998,43.492,22.411,21.082,2121.7,416.2,612.21,459.15,634.06,2121.6,1093.2,1028.4,212.17,41.62,61.221,45.915,63.406,212.16,109.32,102.84,120,126,134,126,134,130,130,130,100,95,95,105,105,100,103,97,0,0,0,0,0,0,0,0,0,0,0,0,0,0,0,0,1
79800,4.3492,0.8532,1.255,0.94125,1.2998,4.3492,2.2411,2.1082,48.782,48.781,48.781,48.781,48.781,48.781,48.781,48.781,43.492,8.532,12.55,9.4125,12.998,43.492,22.411,21.082,2121.7,416.2,612.21,459.15,634.06,2121.6,1093.2,1028.4,212.17,41.62,61.221,45.915,63.406,212.16,109.32,102.84,120,126,134,126,134,130,130,130,100,95,95,105,105,100,103,97,0,0,0,0,0,0,0,0,0,0,0,0,0,0,0,0,1
80400,4.3492,0.8532,1.255,0.94125,1.2998,4.3492,2.2411,2.1082,48.782,48.781,48.781,48.781,48.781,48.781,48.781,48.781,43.492,8.532,12.55,9.4125,12.998,43.492,22.411,21.082,2121.7,416.2,612.21,459.15,634.06,2121.6,1093.2,1028.4,212.17,41.62,61.221,45.915,63.406,212.16,109.32,102.84,120,126,134,126,134,130,130,130,100,95,95,105,105,100,103,97,0,0,0,0,0,0,0,0,0,0,0,0,0,0,0,0,1
81000,4.3492,0.8532,1.255,0.94125,1.2998,4.3492,2.2411,2.1082,48.782,48.781,48.781,48.781,48.781,48.781,48.781,48.781,43.492,8.532,12.55,9.4125,12.998,43.492,22.411,21.082,2121.7,416.2,612.21,459.15,634.06,2121.6,1093.2,1028.4,212.17,41.62,61.221,45.915,63.406,212.16,109.32,102.84,120,126,134,126,134,130,130,130,100,95,95,105,105,100,103,97,0,0,0,0,0,0,0,0,0,0,0,0,0,0,0,0,1
81600,4.3492,0.8532,1.255,0.94125,1.2998,4.3492,2.2411,2.1082,48.782,48.781,48.781,48.781,48.781,48.781,48.781,48.781,43.492,8.532,12.55,9.4125,12.998,43.492,22.411,21.082,2121.7,416.2,612.21,459.15,634.06,2121.6,1093.2,1028.4,212.17,41.62,61.221,45.915,63.406,212.16,109.32,102.84,120,126,134,126,134,130,130,130,100,95,95,105,105,100,103,97,0,0,0,0,0,0,0,0,0,0,0,0,0,0,0,0,1
82200,4.3492,0.8532,1.255,0.94125,1.2998,4.3492,2.2411,2.1082,48.782,48.781,48.781,48.781,48.781,48.781,48.781,48.781,43.492,8.532,12.55,9.4125,12.998,43.492,22.411,21.082,2121.7,416.2,612.21,459.15,634.06,2121.6,1093.2,1028.4,212.17,41.62,61.221,45.915,63.406,212.16,109.32,102.84,120,126,134,126,134,130,130,130,100,95,95,105,105,100,103,97,0,0,0,0,0,0,0,0,0,0,0,0,0,0,0,0,1
82800,3.75,0.45,1.2,0.9,1.2,3.75,2.1,1.65,49.608,49.607,49.607,49.607,49.607,49.607,49.607,49.607,37.5,4.5,12,9,12,37.5,21,16.5,1860.3,223.23,595.29,446.46,595.29,1860.3,1041.8,818.52,186.03,22.323,59.529,44.646,59.529,186.03,104.18,81.852,120,126,134,126,134,130,130,130,100,95,95,105,105,100,103,97,0,0,0,0,0,0,0,0,0,0,0,0,0,0,0,0,1
83400,3.75,0.45,1.2,0.9,1.2,3.75,2.1,1.65,49.608,49.607,49.607,49.607,49.607,49.607,49.607,49.607,37.5,4.5,12,9,12,37.5,21,16.5,1860.3,223.23,595.29,446.46,595.29,1860.3,1041.8,818.52,186.03,22.323,59.529,44.646,59.529,186.03,104.18,81.852,120,126,134,126,134,130,130,130,100,95,95,105,105,100,103,97,0,0,0,0,0,0,0,0,0,0,0,0,0,0,0,0,1
84000,3.75,0.45,1.2,0.9,1.2,3.75,2.1,1.65,49.608,49.607,49.607,49.607,49.607,49.607,49.607,49.607,37.5,4.5,12,9,12,37.5,21,16.5,1860.3,223.23,595.29,446.46,595.29,1860.3,1041.8,818.52,186.03,22.323,59.529,44.646,59.529,186.03,104.18,81.852,120,126,134,126,134,130,130,130,100,95,95,105,105,100,103,97,0,0,0,0,0,0,0,0,0,0,0,0,0,0,0,0,1
84600,3.75,0.45,1.2,0.9,1.2,3.75,2.1,1.65,49.608,49.607,49.607,49.607,49.607,49.607,49.607,49.607,37.5,4.5,12,9,12,37.5,21,16.5,1860.3,223.23,595.29,446.46,595.29,1860.3,1041.8,818.52,186.03,22.323,59.529,44.646,59.529,186.03,104.18,81.852,120,126,134,126,134,130,130,130,100,95,95,105,105,100,103,97,0,0,0,0,0,0,0,0,0,0,0,0,0,0,0,0,1
85200,3.75,0.45,1.2,0.9,1.2,3.75,2.1,1.65,49.608,49.607,49.607,49.607,49.607,49.607,49.607,49.607,37.5,4.5,12,9,12,37.5,21,16.5,1860.3,223.23,595.29,446.46,595.29,1860.3,1041.8,818.52,186.03,22.323,59.529,44.646,59.529,186.03,104.18,81.852,120,126,134,126,134,130,130,130,100,95,95,105,105,100,103,97,0,0,0,0,0,0,0,0,0,0,0,0,0,0,0,0,1
85800,3.75,0.45,1.2,0.9,1.2,3.75,2.1,1.65,49.608,49.607,49.607,49.607,49.607,49.607,49.607,49.607,37.5,4.5,12,9,12,37.5,21,16.5,1860.3,223.23,595.29,446.46,595.29,1860.3,1041.8,818.52,186.03,22.323,59.529,44.646,59.529,186.03,104.18,81.852,120,126,134,126,134,130,130,130,100,95,95,105,105,100,103,97,0,0,0,0,0,0,0,0,0,0,0,0,0,0,0,0,1
86400,2.65,0.6,0.6,0.45,1,2.65,1.45,1.2,50.805,50.805,50.805,50.805,50.805,50.805,50.805,50.805,26.5,6,6,4.5,10,26.5,14.5,12,1346.3,304.83,304.83,228.62,508.05,1346.3,736.67,609.66,134.63,30.483,30.483,22.862,50.805,134.63,73.667,60.966,120,126,134,126,134,130,130,130,100,95,95,105,105,100,103,97,0,0,0,0,0,0,0,0,0,0,0,0,0,0,0,0,1
