0,5.8,0.3,0.8,0.3,0.4,5.8,4.7,1.1,34.627,33.646,33.633,33.408,33.461,33.661,33.465,33.648,58,3,8,3,4,58,47,11,2008.4,100.94,269.07,100.22,133.84,1952.4,1572.9,370.13,200.84,10.094,26.907,10.022,13.384,195.24,157.29,37.013,10200,16200,24200,16200,24200,20200,20200,20200,10000,5000,5000,15000,15000,10000,13000,7000,0,0,0,0,0,0,0,0,0,1,0,19200,0,13000,0,0,1
600,5.8,0.3,0.8,0.3,0.4,5.8,4.7,1.1,34.627,33.646,33.633,33.408,33.461,33.661,33.465,33.648,58,3,8,3,4,58,47,11,2008.4,100.94,269.07,100.22,133.84,1952.4,1572.9,370.13,200.84,10.094,26.907,10.022,13.384,195.24,157.29,37.013,10200,16200,24200,16200,24200,20200,20200,20200,10000,5000,5000,15000,15000,10000,13000,7000,0,0,0,0,0,0,0,0,0,1,0,19200,0,13000,0,0,1
1200,5.8,0.3,0.8,0.3,0.4,5.8,4.7,1.1,34.627,33.646,33.633,33.408,33.461,33.661,33.465,33.648,58,3,8,3,4,58,47,11,2008.4,100.94,269.07,100.22,133.84,1952.4,1572.9,370.13,200.84,10.094,26.907,10.022,13.384,195.24,157.29,37.013,10200,16200,24200,16200,24200,20200,20200,20200,10000,5000,5000,15000,15000,10000,13000,7000,0,0,0,0,0,0,0,0,0,1,0,19200,0,13000,0,0,1
1800,5.8,0.3,0.8,0.3,0.4,5.8,4.7,1.1,34.627,33.646,33.633,33.408,33.461,33.661,33.465,33.648,58,3,8,3,4,58,47,11,2008.4,100.94,269.07,100.22,133.84,1952.4,1572.9,370.13,200.84,10.094,26.907,10.022,13.384,195.24,157.29,37.013,10200,16200,24200,16200,24200,20200,20200,20200,10000,5000,5000,15000,15000,10000,13000,7000,0,0,0,0,0,0,0,0,0,1,0,19200,0,13000,0,0,1
2400,5.8,0.3,0.8,0.3,0.4,5.8,4.7,1.1,34.627,33.646,33.633,33.408,33.461,33.661,33.465,33.648,58,3,8,3,4,58,47,11,2008.4,100.94,269.07,100.22,133.84,1952.4,1572.9,370.13,200.84,10.094,26.907,10.022,13.384,195.24,157.29,37.013,10200,16200,24200,16200,24200,20200,20200,20200,10000,5000,5000,15000,15000,10000,13000,7000,0,0,0,0,0,0,0,0,0,1,0,19200,0,13000,0,0,1
3000,5.8,0.3,0.8,0.3,0.4,5.8,4.7,1.1,34.627,33.646,33.633,33.408,33.461,33.661,33.465,33.648,58,3,8,3,4,58,47,11,2008.4,100.94,269.07,100.22,133.84,1952.4,1572.9,370.13,200.84,10.094,26.907,10.022,13.384,195.24,157.29,37.013,10200,16200,24200,16200,24200,20200,20200,20200,10000,5000,5000,15000,15000,10000,13000,7000,0,0,0,0,0,0,0,0,0,1,0,19200,0,13000,0,0,1
3600,5.713,0.3,0.488,0.525,0.4,5.713,4.925,0.788,45.483,44.535,44.531,44.264,44.326,44.544,44.33,44.537,57.13,3,4.88,5.25,4,57.13,49.25,7.88,2598.4,133.6,217.31,232.38,177.3,2544.8,2183.3,350.95,259.84,13.36,21.731,23.238,17.73,254.48,218.33,35.095,10200,16200,24200,16200,24200,20200,20200,20200,10000,5000,5000,15000,15000,10000,13000,7000,0,0,0,0,0,0,0,0,0,1,0,19200,0,13000,0,0,1
4200,5.713,0.3,0.488,0.525,0.4,5.713,4.925,0.788,45.483,44.535,44.531,44.264,44.326,44.544,44.33,44.537,57.13,3,4.88,5.25,4,57.13,49.25,7.88,2598.4,133.6,217.31,232.38,177.3,2544.8,2183.3,350.95,259.84,13.36,21.731,23.238,17.73,254.48,218.33,35.095,10200,16200,24200,16200,24200,20200,20200,20200,10000,5000,5000,15000,15000,10000,13000,7000,0,0,0,0,0,0,0,0,0,1,0,19200,0,13000,0,0,1
4800,5.713,0.3,0.488,0.525,0.4,5.713,4.925,0.788,45.483,44.535,44.531,44.264,44.326,44.544,44.33,44.537,57.13,3,4.88,5.25,4,57.13,49.25,7.88,2598.4,133.6,217.31,232.38,177.3,2544.8,2183.3,350.95,259.84,13.36,21.731,23.238,17.73,254.48,218.33,35.095,10200,16200,24200,16200,24200,20200,20200,20200,10000,5000,5000,15000,15000,10000,13000,7000,0,0,0,0,0,0,0,0,0,1,0,19200,0,13000,0,0,1
5400,5.713,0.3,0.488,0.525,0.4,5.713,4.925,0.788,45.483,44.535,44.531,44.264,44.326,44.544,44.33,44.537,57.13,3,4.88,5.25,4,57.13,49.25,7.88,2598.4,133.6,217.31,232.38,177.3,2544.8,2183.3,350.95,259.84,13.36,21.731,23.238,17.73,254.48,218.33,35.095,10200,16200,24200,16200,24200,20200,20200,20200,10000,5000,5000,15000,15000,10000,13000,7000,0,0,0,0,0,0,0,0,0,1,0,19200,0,13000,0,0,1
6000,5.713,0.3,0.488,0.525,0.4,5.713,4.925,0.788,45.483,44.535,44.531,44.264,44.326,44.544,44.33,44.537,57.13,3,4.88,5.25,4,57.13,49.25,7.88,2598.4,133.6,217.31,232.38,177.3,2544.8,2183.3,350.95,259.84,13.36,21.731,23.238,17.73,254.48,218.33,35.095,10200,16200,24200,16200,24200,20200,20200,20200,10000,5000,5000,15000,15000,10000,13000,7000,0,0,0,0,0,0,0,0,0,1,0,19200,0,13000,0,0,1
6600,5.713,0.3,0.488,0.525,0.4,5.713,4.925,0.788,45.483,44.535,44.531,44.264,44.326,44.544,44.33,44.537,57.13,3,4.88,5.25,4,57.13,49.25,7.88,2598.4,133.6,217.31,232.38,177.3,2544.8,2183.3,350.95,259.84,13.36,21.731,23.238,17.73,254.48,218.33,35.095,10200,16200,24200,16200,24200,20200,20200,20200,10000,5000,5000,15000,15000,10000,13000,7000,0,0,0,0,0,0,0,0,0,1,0,19200,0,13000,0,0,1
7200,5.756,0.3,0.306,0.75,0.4,5.756,5.15,0.606,51.096,50.138,50.137,49.834,49.908,50.144,49.912,50.14,57.56,3,3.06,7.5,4,57.56,51.5,6.06,2941.1,150.41,153.42,373.76,199.63,2886.3,2570.5,303.85,294.11,15.041,15.342,37.376,19.963,288.63,257.05,30.385,10200,16200,24200,16200,24200,20200,20200,20200,10000,5000,5000,15000,15000,10000,13000,7000,0,0,0,0,0,0,0,0,0,1,0,19200,0,13000,0,0,1
7800,5.756,0.3,0.306,0.75,0.4,5.756,5.15,0.606,51.096,50.138,50.137,49.834,49.908,50.144,49.912,50.14,57.56,3,3.06,7.5,4,57.56,51.5,6.06,2941.1,150.41,153.42,373.76,199.63,2886.3,2570.5,303.85,294.11,15.041,15.342,37.376,19.963,288.63,257.05,30.385,10200,16200,24200,16200,24200,20200,20200,20200,10000,5000,5000,15000,15000,10000,13000,7000,0,0,0,0,0,0,0,0,0,1,0,19200,0,13000,0,0,1
8400,5.756,0.3,0.306,0.75,0.4,5.756,5.15,0.606,51.096,50.138,50.137,49.834,49.908,50.144,49.912,50.14,57.56,3,3.06,7.5,4,57.56,51.5,6.06,2941.1,150.41,153.42,373.76,199.63,2886.3,2570.5,303.85,294.11,15.041,15.342,37.376,19.963,288.63,257.05,30.385,10200,16200,24200,16200,24200,20200,20200,20200,10000,5000,5000,15000,15000,10000,13000,7000,0,0,0,0,0,0,0,0,0,1,0,19200,0,13000,0,0,1
9000,5.756,0.3,0.306,0.75,0.4,5.756,5.15,0.606,51.096,50.138,50.137,49.834,49.908,50.144,49.912,50.14,57.56,3,3.06,7.5,4,57.56,51.5,6.06,2941.1,150.41,153.42,373.76,199.63,2886.3,2570.5,303.85,294.11,15.041,15.342,37.376,19.963,288.63,257.05,30.385,10200,16200,24200,16200,24200,20200,20200,20200,10000,5000,5000,15000,15000,10000,13000,7000,0,0,0,0,0,0,0,0,0,1,0,19200,0,13000,0,0,1
9600,5.756,0.3,0.306,0.75,0.4,5.756,5.15,0.606,51.096,50.138,50.137,49.834,49.908,50.144,49.912,50.14,57.56,3,3.06,7.5,4,57.56,51.5,6.06,2941.1,150.41,153.42,373.76,199.63,2886.3,2570.5,303.85,294.11,15.041,15.342,37.376,19.963,288.63,257.05,30.385,10200,16200,24200,16200,24200,20200,20200,20200,10000,5000,5000,15000,15000,10000,13000,7000,0,0,0,0,0,0,0,0,0,1,0,19200,0,13000,0,0,1
10200,5.756,0.3,0.306,0.75,0.4,5.756,5.15,0.606,51.096,50.138,50.137,49.834,49.908,50.144,49.912,50.14,57.56,3,3.06,7.5,4,57.56,51.5,6.06,2941.1,150.41,153.42,373.76,199.63,2886.3,2570.5,303.85,294.11,15.041,15.342,37.376,19.963,288.63,257.05,30.385,10200,16200,24200,16200,24200,20200,20200,20200,10000,5000,5000,15000,15000,10000,13000,7000,0,0,0,0,0,0,0,0,0,1,0,19200,0,13000,0,0,1
10800,5.8729,0.3,0.221,0.9519,0.4,5.8729,5.3519,0.521,53.279,52.285,52.286,51.953,52.037,52.291,52.042,52.288,58.729,3,2.21,9.519,4,58.729,53.519,5.21,3129,156.86,115.55,494.54,208.15,3071,2785.2,272.42,312.9,15.686,11.555,49.454,20.815,307.1,278.52,27.242,10200,16200,24200,16200,24200,20200,20200,20200,10000,5000,5000,15000,15000,10000,13000,7000,0,0,0,0,0,0,0,0,0,1,0,19200,0,13000,0,0,1
11400,5.8729,0.3,0.221,0.9519,0.4,5.8729,5.3519,0.521,53.279,52.285,52.286,51.953,52.037,52.291,52.042,52.288,58.729,3,2.21,9.519,4,58.729,53.519,5.21,3129,156.86,115.55,494.54,208.15,3071,2785.2,272.42,312.9,15.686,11.555,49.454,20.815,307.1,278.52,27.242,10200,16200,24200,16200,24200,20200,20200,20200,10000,5000,5000,15000,15000,10000,13000,7000,0,0,0,0,0,0,0,0,0,1,0,19200,0,13000,0,0,1
12000,5.8729,0.3,0.221,0.9519,0.4,5.8729,5.3519,0.521,53.279,52.285,52.286,51.953,52.037,52.291,52.042,52.288,58.729,3,2.21,9.519,4,58.729,53.519,5.21,3129,156.86,115.55,494.54,208.15,3071,2785.2,272.42,312.9,15.686,11.555,49.454,20.815,307.1,278.52,27.242,10200,16200,24200,16200,24200,20200,20200,20200,10000,5000,5000,15000,15000,10000,13000,7000,0,0,0,0,0,0,0,0,0,1,0,19200,0,13000,0,0,1
12600,5.8729,0.3,0.221,0.9519,0.4,5.8729,5.3519,0.521,53.279,52.285,52.286,51.953,52.037,52.291,52.042,52.288,58.729,3,2.21,9.519,4,58.729,53.519,5.21,3129,156.86,115.55,494.54,208.15,3071,2785.2,272.42,312.9,15.686,11.555,49.454,20.815,307.1,278.52,27.242,10200,16200,24200,16200,24200,20200,20200,20200,10000,5000,5000,15000,15000,10000,13000,7000,0,0,0,0,0,0,0,0,0,1,0,19200,0,13000,0,0,1
13200,5.8729,0.3,0.221,0.9519,0.4,5.8729,5.3519,0.521,53.279,52.285,52.286,51.953,52.037,52.291,52.042,52.288,58.729,3,2.21,9.519,4,58.729,53.519,5.21,3129,156.86,115.55,494.54,208.15,3071,2785.2,272.42,312.9,15.686,11.555,49.454,20.815,307.1,278.52,27.242,10200,16200,24200,16200,24200,20200,20200,20200,10000,5000,5000,15000,15000,10000,13000,7000,0,0,0,0,0,0,0,0,0,1,0,19200,0,13000,0,0,1
13800,5.8729,0.3,0.221,0.9519,0.4,5.8729,5.3519,0.521,53.279,52.285,52.286,51.953,52.037,52.291,52.042,52.288,58.729,3,2.21,9.519,4,58.729,53.519,5.21,3129,156.86,115.55,494.54,208.15,3071,2785.2,272.42,312.9,15.686,11.555,49.454,20.815,307.1,278.52,27.242,10200,16200,24200,16200,24200,20200,20200,20200,10000,5000,5000,15000,15000,10000,13000,7000,0,0,0,0,0,0,0,0,0,1,0,19200,0,13000,0,0,1
14400,6.1,0.3,0.2,1.2,0.4,6.1,5.6,0.5,52.039,50.973,50.975,50.603,50.703,50.979,50.707,50.976,61,3,2,12,4,61,56,5,3174.4,152.92,101.95,607.23,202.81,3109.7,2839.6,254.88,317.44,15.292,10.195,60.723,20.281,310.97,283.96,25.488,10200,16200,24200,16200,24200,20200,20200,20200,10000,5000,5000,15000,15000,10000,13000,7000,0,0,0,0,0,0,0,0,0,1,0,19200,0,13000,0,0,1
15000,6.1,0.3,0.2,1.2,0.4,6.1,5.6,0.5,52.039,50.973,50.975,50.603,50.703,50.979,50.707,50.976,61,3,2,12,4,61,56,5,3174.4,152.92,101.95,607.23,202.81,3109.7,2839.6,254.88,317.44,15.292,10.195,60.723,20.281,310.97,283.96,25.488,10200,16200,24200,16200,24200,20200,20200,20200,10000,5000,5000,15000,15000,10000,13000,7000,0,0,0,0,0,0,0,0,0,1,0,19200,0,13000,0,0,1
15600,6.1,0.3,0.2,1.2,0.4,6.1,5.6,0.5,52.039,50.973,50.975,50.603,50.703,50.979,50.707,50.976,61,3,2,12,4,61,56,5,3174.4,152.92,101.95,607.23,202.81,3109.7,2839.6,254.88,317.44,15.292,10.195,60.723,20.281,310.97,283.96,25.488,10200,16200,24200,16200,24200,20200,20200,20200,10000,5000,5000,15000,15000,10000,13000,7000,0,0,0,0,0,0,0,0,0,1,0,19200,0,13000,0,0,1
16200,6.1,0.3,0.2,1.2,0.4,6.1,5.6,0.5,52.039,50.973,50.975,50.603,50.703,50.979,50.707,50.976,61,3,2,12,4,61,56,5,3174.4,152.92,101.95,607.23,202.81,3109.7,2839.6,254.88,317.44,15.292,10.195,60.723,20.281,310.97,283.96,25.488,10200,16200,24200,16200,24200,20200,20200,20200,10000,5000,5000,15000,15000,10000,13000,7000,0,0,0,0,0,0,0,0,0,1,0,19200,0,13000,0,0,1
16800,6.1,0.3,0.2,1.2,0.4,6.1,5.6,0.5,52.039,50.973,50.975,50.603,50.703,50.979,50.707,50.976,61,3,2,12,4,61,56,5,3174.4,152.92,101.95,607.23,202.81,3109.7,2839.6,254.88,317.44,15.292,10.195,60.723,20.281,310.97,283.96,25.488,10200,16200,24200,16200,24200,20200,20200,20200,10000,5000,5000,15000,15000,10000,13000,7000,0,0,0,0,0,0,0,0,0,1,0,19200,0,13000,0,0,1
17400,6.1,0.3,0.2,1.2,0.4,6.1,5.6,0.5,52.039,50.973,50.975,50.603,50.703,50.979,50.707,50.976,61,3,2,12,4,61,56,5,3174.4,152.92,101.95,607.23,202.81,3109.7,2839.6,254.88,317.44,15.292,10.195,60.723,20.281,310.97,283.96,25.488,10200,16200,24200,16200,24200,20200,20200,20200,10000,5000,5000,15000,15000,10000,13000,7000,0,0,0,0,0,0,0,0,0,1,0,19200,0,13000,0,0,1
18000,7.1948,0.45,0.337,1.8078,0.6,7.1948,6.4078,0.787,47.9,46.449,46.451,45.961,46.104,46.461,46.113,46.454,71.948,4.5,3.37,18.078,6,71.948,64.078,7.87,3446.3,209.02,156.54,830.88,276.62,3342.8,2954.8,365.59,344.63,20.902,15.654,83.088,27.662,334.28,295.48,36.559,10200,16200,24200,16200,24200,20200,20200,20200,10000,5000,5000,15000,15000,10000,13000,7000,0,0,0,0,0,0,0,0,0,1,0,19200,0,13000,0,0,1
18600,7.1948,0.45,0.337,1.8078,0.6,7.1948,6.4078,0.787,47.9,46.449,46.451,45.961,46.104,46.461,46.113,46.454,71.948,4.5,3.37,18.078,6,71.948,64.078,7.87,3446.3,209.02,156.54,830.88,276.62,3342.8,2954.8,365.59,344.63,20.902,15.654,83.088,27.662,334.28,295.48,36.559,10200,16200,24200,16200,24200,20200,20200,20200,10000,5000,5000,15000,15000,10000,13000,7000,0,0,0,0,0,0,0,0,0,1,0,19200,0,13000,0,0,1
19200,7.1948,0.45,0.337,1.8078,0.6,7.1948,6.4078,0.787,47.9,46.449,46.451,45.961,46.104,46.461,46.113,46.454,71.948,4.5,3.37,18.078,6,71.948,64.078,7.87,3446.3,209.02,156.54,830.88,276.62,3342.8,2954.8,365.59,344.63,20.902,15.654,83.088,27.662,334.28,295.48,36.559,10200,16200,24200,16200,24200,20200,20200,20200,10000,5000,5000,15000,15000,10000,13000,7000,0,0,0,0,0,0,0,0,0,1,0,19200,0,13000,0,0,1
19800,7.1948,0.45,0.337,1.8078,0.6,7.1948,6.4078,0.787,47.9,46.449,46.451,45.961,46.104,46.461,46.113,46.454,71.948,4.5,3.37,18.078,6,71.948,64.078,7.87,3446.3,209.02,156.54,830.88,276.62,3342.8,2954.8,365.59,344.63,20.902,15.654,83.088,27.662,334.28,295.48,36.559,10200,16200,24200,16200,24200,20200,20200,20200,10000,5000,5000,15000,15000,10000,13000,7000,0,0,0,0,0,0,0,0,0,1,0,19200,0,13000,0,0,1
20400,7.1948,0.45,0.337,1.8078,0.6,7.1948,6.4078,0.787,47.9,46.449,46.451,45.961,46.104,46.461,46.113,46.454,71.948,4.5,3.37,18.078,6,71.948,64.078,7.87,3446.3,209.02,156.54,830.88,276.62,3342.8,2954.8,365.59,344.63,20.902,15.654,83.088,27.662,334.28,295.48,36.559,10200,16200,24200,16200,24200,20200,20200,20200,10000,5000,5000,15000,15000,10000,13000,7000,0,0,0,0,0,0,0,0,0,1,0,19200,0,13000,0,0,1
21000,7.1948,0.45,0.337,1.8078,0.6,7.1948,6.4078,0.787,47.9,46.449,46.451,45.961,46.104,46.461,46.113,46.454,71.948,4.5,3.37,18.078,6,71.948,64.078,7.87,3446.3,209.02,156.54,830.88,276.62,3342.8,2954.8,365.59,344.63,20.902,15.654,83.088,27.662,334.28,295.48,36.559,10200,16200,24200,16200,24200,20200,20200,20200,10000,5000,5000,15000,15000,10000,13000,7000,0,0,0,0,0,0,0,0,0,1,0,19200,0,13000,0,0,1
21600,8.6557,0.6,0.6518,2.6039,0.8,8.6557,7.4038,1.2518,44.85,42.798,42.796,42.136,42.353,42.823,42.368,42.806,86.557,6,6.518,26.039,8,86.557,74.038,12.518,3882.1,256.79,278.94,1097.2,338.82,3706.6,3136.8,535.85,388.21,25.679,27.894,109.72,33.882,370.66,313.68,53.585,10200,16200,24200,16200,24200,20200,20200,20200,10000,5000,5000,15000,15000,10000,13000,7000,0,0,0,0,0,0,0,0,0,1,0,19200,0,13000,0,0,1
22200,8.6557,0.6,0.6518,2.6039,0.8,8.6557,7.4038,1.2518,44.85,42.798,42.796,42.136,42.353,42.823,42.368,42.806,86.557,6,6.518,26.039,8,86.557,74.038,12.518,3882.1,256.79,278.94,1097.2,338.82,3706.6,3136.8,535.85,388.21,25.679,27.894,109.72,33.882,370.66,313.68,53.585,10200,16200,24200,16200,24200,20200,20200,20200,10000,5000,5000,15000,15000,10000,13000,7000,0,0,0,0,0,0,0,0,0,1,0,19200,0,13000,0,0,1
22800,8.6557,0.6,0.6518,2.6039,0.8,8.6557,7.4038,1.2518,44.85,42.798,42.796,42.136,42.353,42.823,42.368,42.806,86.557,6,6.518,26.039,8,86.557,74.038,12.518,3882.1,256.79,278.94,1097.2,338.82,3706.6,3136.8,535.85,388.21,25.679,27.894,109.72,33.882,370.66,313.68,53.585,10200,16200,24200,16200,24200,20200,20200,20200,10000,5000,5000,15000,15000,10000,13000,7000,0,0,0,0,0,0,0,0,0,1,0,19200,0,13000,0,0,1
23400,8.6557,0.6,0.6518,2.6039,0.8,8.6557,7.4038,1.2518,44.85,42.798,42.796,42.136,42.353,42.823,42.368,42.806,86.557,6,6.518,26.039,8,86.557,74.038,12.518,3882.1,256.79,278.94,1097.2,338.82,3706.6,3136.8,535.85,388.21,25.679,27.894,109.72,33.882,370.66,313.68,53.585,10200,16200,24200,16200,24200,20200,20200,20200,10000,5000,5000,15000,15000,10000,13000,7000,0,0,0,0,0,0,0,0,0,1,0,19200,0,13000,0,0,1
24000,8.6557,0.6,0.6518,2.6039,0.8,8.6557,7.4038,1.2518,44.85,42.798,42.796,42.136,42.353,42.823,42.368,42.806,86.557,6,6.518,26.039,8,86.557,74.038,12.518,3882.1,256.79,278.94,1097.2,338.82,3706.6,3136.8,535.85,388.21,25.679,27.894,109.72,33.882,370.66,313.68,53.585,10200,16200,24200,16200,24200,20200,20200,20200,10000,5000,5000,15000,15000,10000,13000,7000,0,0,0,0,0,0,0,0,0,1,0,19200,0,13000,0,0,1
24600,8.6557,0.6,0.6518,2.6039,0.8,8.6557,7.4038,1.2518,44.85,42.798,42.796,42.136,42.353,42.823,42.368,42.806,86.557,6,6.518,26.039,8,86.557,74.038,12.518,3882.1,256.79,278.94,1097.2,338.82,3706.6,3136.8,535.85,388.21,25.679,27.894,109.72,33.882,370.66,313.68,53.585,10200,16200,24200,16200,24200,20200,20200,20200,10000,5000,5000,15000,15000,10000,13000,7000,0,0,0,0,0,0,0,0,0,1,0,19200,0,13000,0,0,1
25200,9.75,0.75,1,3,1,9.75,8,1.75,45.977,43.406,43.396,42.647,42.902,43.45,42.925,43.419,97.5,7.5,10,30,10,97.5,80,17.5,4482.8,325.54,433.96,1279.4,429.02,4236.4,3434,759.83,448.28,32.554,43.396,127.94,42.902,423.64,343.4,75.983,10200,16200,24200,16200,24200,20200,20200,20200,10000,5000,5000,15000,15000,10000,13000,7000,0,0,0,0,0,0,0,0,0,1,0,19200,0,13000,0,0,1
25800,9.75,0.75,1,3,1,9.75,8,1.75,45.977,43.406,43.396,42.647,42.902,43.45,42.925,43.419,97.5,7.5,10,30,10,97.5,80,17.5,4482.8,325.54,433.96,1279.4,429.02,4236.4,3434,759.83,448.28,32.554,43.396,127.94,42.902,423.64,343.4,75.983,10200,16200,24200,16200,24200,20200,20200,20200,10000,5000,5000,15000,15000,10000,13000,7000,0,0,0,0,0,0,0,0,0,1,0,19200,0,13000,0,0,1
26400,9.75,0.75,1,3,1,9.75,8,1.75,45.977,43.406,43.396,42.647,42.902,43.45,42.925,43.419,97.5,7.5,10,30,10,97.5,80,17.5,4482.8,325.54,433.96,1279.4,429.02,4236.4,3434,759.83,448.28,32.554,43.396,127.94,42.902,423.64,343.4,75.983,10200,16200,24200,16200,24200,20200,20200,20200,10000,5000,5000,15000,15000,10000,13000,7000,0,0,0,0,0,0,0,0,0,1,0,19200,0,13000,0,0,1
27000,9.75,0.75,1,3,1,9.75,8,1.75,45.977,43.406,43.396,42.647,42.902,43.45,42.925,43.419,97.5,7.5,10,30,10,97.5,80,17.5,4482.8,325.54,433.96,1279.4,429.02,4236.4,3434,759.83,448.28,32.554,43.396,127.94,42.902,423.64,343.4,75.983,10200,16200,24200,16200,24200,20200,20200,20200,10000,5000,5000,15000,15000,10000,13000,7000,0,0,0,0,0,0,0,0,0,1,0,19200,0,13000,0,0,1
27600,9.75,0.75,1,3,1,9.75,8,1.75,45.977,43.406,43.396,42.647,42.902,43.45,42.925,43.419,97.5,7.5,10,30,10,97.5,80,17.5,4482.8,325.54,433.96,1279.4,429.02,4236.4,3434,759.83,448.28,32.554,43.396,127.94,42.902,423.64,343.4,75.983,10200,16200,24200,16200,24200,20200,20200,20200,10000,5000,5000,15000,15000,10000,13000,7000,0,0,0,0,0,0,0,0,0,1,0,19200,0,13000,0,0,1
28200,9.75,0.75,1,3,1,9.75,8,1.75,45.977,43.406,43.396,42.647,42.902,43.45,42.925,43.419,97.5,7.5,10,30,10,97.5,80,17.5,4482.8,325.54,433.96,1279.4,429.02,4236.4,3434,759.83,448.28,32.554,43.396,127.94,42.902,423.64,343.4,75.983,10200,16200,24200,16200,24200,20200,20200,20200,10000,5000,5000,15000,15000,10000,13000,7000,0,0,0,0,0,0,0,0,0,1,0,19200,0,13000,0,0,1
28800,10.283,0.9,1.3472,2.8356,1.2,10.283,8.0356,2.2472,48.419,45.562,45.541,44.842,45.069,45.63,45.1,45.58,102.83,9,13.472,28.356,12,102.83,80.356,22.472,4978.8,410.06,613.53,1271.5,540.83,4692.1,3624.1,1024.3,497.88,41.006,61.353,127.15,54.083,469.21,362.41,102.43,10200,16200,24200,16200,24200,20200,20200,20200,10000,5000,5000,15000,15000,10000,13000,7000,0,0,0,0,0,0,0,0,0,1,0,19200,0,13000,0,0,1
29400,10.283,0.9,1.3472,2.8356,1.2,10.283,8.0356,2.2472,48.419,45.562,45.541,44.842,45.069,45.63,45.1,45.58,102.83,9,13.472,28.356,12,102.83,80.356,22.472,4978.8,410.06,613.53,1271.5,540.83,4692.1,3624.1,1024.3,497.88,41.006,61.353,127.15,54.083,469.21,362.41,102.43,10200,16200,24200,16200,24200,20200,20200,20200,10000,5000,5000,15000,15000,10000,13000,7000,0,0,0,0,0,0,0,0,0,1,0,19200,0,13000,0,0,1
30000,10.283,0.9,1.3472,2.8356,1.2,10.283,8.0356,2.2472,48.419,45.562,45.541,44.842,45.069,45.63,45.1,45.58,102.83,9,13.472,28.356,12,102.83,80.356,22.472,4978.8,410.06,613.53,1271.5,540.83,4692.1,3624.1,1024.3,497.88,41.006,61.353,127.15,54.083,469.21,362.41,102.43,10200,16200,24200,16200,24200,20200,20200,20200,10000,5000,5000,15000,15000,10000,13000,7000,0,0,0,0,0,0,0,0,0,1,0,19200,0,13000,0,0,1
30600,10.283,0.9,1.3472,2.8356,1.2,10.283,8.0356,2.2472,48.419,45.562,45.541,44.842,45.069,45.63,45.1,45.58,102.83,9,13.472,28.356,12,102.83,80.356,22.472,4978.8,410.06,613.53,1271.5,540.83,4692.1,3624.1,1024.3,497.88,41.006,61.353,127.15,54.083,469.21,362.41,102.43,10200,16200,24200,16200,24200,20200,20200,20200,10000,5000,5000,15000,15000,10000,13000,7000,0,0,0,0,0,0,0,0,0,1,0,19200,0,13000,0,0,1
31200,10.283,0.9,1.3472,2.8356,1.2,10.283,8.0356,2.2472,48.419,45.562,45.541,44.842,45.069,45.63,45.1,45.58,102.83,9,13.472,28.356,12,102.83,80.356,22.472,4978.8,410.06,613.53,1271.5,540.83,4692.1,3624.1,1024.3,497.88,41.006,61.353,127.15,54.083,469.21,362.41,102.43,10200,16200,24200,16200,24200,20200,20200,20200,10000,5000,5000,15000,15000,10000,13000,7000,0,0,0,0,0,0,0,0,0,1,0,19200,0,13000,0,0,1
31800,10.283,0.9,1.3472,2.8356,1.2,10.283,8.0356,2.2472,48.419,45.562,45.541,44.842,45.069,45.63,45.1,45.58,102.83,9,13.472,28.356,12,102.83,80.356,22.472,4978.8,410.06,613.53,1271.5,540.83,4692.1,3624.1,1024.3,497.88,41.006,61.353,127.15,54.083,469.21,362.41,102.43,10200,16200,24200,16200,24200,20200,20200,20200,10000,5000,5000,15000,15000,10000,13000,7000,0,0,0,0,0,0,0,0,0,1,0,19200,0,13000,0,0,1
32400,10.291,0.9,1.7424,2.449,1.2,10.291,7.6491,2.6424,49.755,46.877,46.832,46.264,46.447,46.962,46.479,46.895,102.91,9,17.424,24.49,12,102.91,76.491,26.424,5120.6,421.89,816.01,1133,557.37,4833.1,3555.2,1239.2,512.06,42.189,81.601,113.3,55.737,483.31,355.52,123.92,10200,16200,24200,16200,24200,20200,20200,20200,10000,5000,5000,15000,15000,10000,13000,7000,0,0,0,0,0,0,0,0,0,1,0,19200,0,13000,0,0,1
33000,10.291,0.9,1.7424,2.449,1.2,10.291,7.6491,2.6424,49.755,46.877,46.832,46.264,46.447,46.962,46.479,46.895,102.91,9,17.424,24.49,12,102.91,76.491,26.424,5120.6,421.89,816.01,1133,557.37,4833.1,3555.2,1239.2,512.06,42.189,81.601,113.3,55.737,483.31,355.52,123.92,10200,16200,24200,16200,24200,20200,20200,20200,10000,5000,5000,15000,15000,10000,13000,7000,0,0,0,0,0,0,0,0,0,1,0,19200,0,13000,0,0,1
33600,10.291,0.9,1.7424,2.449,1.2,10.291,7.6491,2.6424,49.755,46.877,46.832,46.264,46.447,46.962,46.479,46.895,102.91,9,17.424,24.49,12,102.91,76.491,26.424,5120.6,421.89,816.01,1133,557.37,4833.1,3555.2,1239.2,512.06,42.189,81.601,113.3,55.737,483.31,355.52,123.92,10200,16200,24200,16200,24200,20200,20200,20200,10000,5000,5000,15000,15000,10000,13000,7000,0,0,0,0,0,0,0,0,0,1,0,19200,0,13000,0,0,1
34200,10.291,0.9,1.7424,2.449,1.2,10.291,7.6491,2.6424,49.755,46.877,46.832,46.264,46.447,46.962,46.479,46.895,102.91,9,17.424,24.49,12,102.91,76.491,26.424,5120.6,421.89,816.01,1133,557.37,4833.1,3555.2,1239.2,512.06,42.189,81.601,113.3,55.737,483.31,355.52,123.92,10200,16200,24200,16200,24200,20200,20200,20200,10000,5000,5000,15000,15000,10000,13000,7000,0,0,0,0,0,0,0,0,0,1,0,19200,0,13000,0,0,1
34800,10.291,0.9,1.7424,2.449,1.2,10.291,7.6491,2.6424,49.755,46.877,46.832,46.264,46.447,46.962,46.479,46.895,102.91,9,17.424,24.49,12,102.91,76.491,26.424,5120.6,421.89,816.01,1133,557.37,4833.1,3555.2,1239.2,512.06,42.189,81.601,113.3,55.737,483.31,355.52,123.92,10200,16200,24200,16200,24200,20200,20200,20200,10000,5000,5000,15000,15000,10000,13000,7000,0,0,0,0,0,0,0,0,0,1,0,19200,0,13000,0,0,1
35400,10.291,0.9,1.7424,2.449,1.2,10.291,7.6491,2.6424,49.755,46.877,46.832,46.264,46.447,46.962,46.479,46.895,102.91,9,17.424,24.49,12,102.91,76.491,26.424,5120.6,421.89,816.01,1133,557.37,4833.1,3555.2,1239.2,512.06,42.189,81.601,113.3,55.737,483.31,355.52,123.92,10200,16200,24200,16200,24200,20200,20200,20200,10000,5000,5000,15000,15000,10000,13000,7000,0,0,0,0,0,0,0,0,0,1,0,19200,0,13000,0,0,1
36000,10.967,1.2,2.1662,2.0006,1.6,10.967,7.6006,3.3662,49.36,46.081,46.019,45.571,45.687,46.218,45.74,46.113,109.67,12,21.662,20.006,16,109.67,76.006,33.662,5413.2,552.98,996.86,911.67,730.99,5068.6,3476.5,1552.2,541.32,55.298,99.686,91.167,73.099,506.86,347.65,155.22,10200,16200,24200,16200,24200,20200,20200,20200,10000,5000,5000,15000,15000,10000,13000,7000,0,0,0,0,0,0,0,0,0,1,0,19200,0,13000,0,0,1
36600,10.967,1.2,2.1662,2.0006,1.6,10.967,7.6006,3.3662,49.36,46.081,46.019,45.571,45.687,46.218,45.74,46.113,109.67,12,21.662,20.006,16,109.67,76.006,33.662,5413.2,552.98,996.86,911.67,730.99,5068.6,3476.5,1552.2,541.32,55.298,99.686,91.167,73.099,506.86,347.65,155.22,10200,16200,24200,16200,24200,20200,20200,20200,10000,5000,5000,15000,15000,10000,13000,7000,0,0,0,0,0,0,0,0,0,1,0,19200,0,13000,0,0,1
37200,10.967,1.2,2.1662,2.0006,1.6,10.967,7.6006,3.3662,49.36,46.081,46.019,45.571,45.687,46.218,45.74,46.113,109.67,12,21.662,20.006,16,109.67,76.006,33.662,5413.2,552.98,996.86,911.67,730.99,5068.6,3476.5,1552.2,541.32,55.298,99.686,91.167,73.099,506.86,347.65,155.22,10200,16200,24200,16200,24200,20200,20200,20200,10000,5000,5000,15000,15000,10000,13000,7000,0,0,0,0,0,0,0,0,0,1,0,19200,0,13000,0,0,1
37800,10.967,1.2,2.1662,2.0006,1.6,10.967,7.6006,3.3662,49.36,46.081,46.019,45.571,45.687,46.218,45.74,46.113,109.67,12,21.662,20.006,16,109.67,76.006,33.662,5413.2,552.98,996.86,911.67,730.99,5068.6,3476.5,1552.2,541.32,55.298,99.686,91.167,73.099,506.86,347.65,155.22,10200,16200,24200,16200,24200,20200,20200,20200,10000,5000,5000,15000,15000,10000,13000,7000,0,0,0,0,0,0,0,0,0,1,0,19200,0,13000,0,0,1
38400,10.967,1.2,2.1662,2.0006,1.6,10.967,7.6006,3.3662,49.36,46.081,46.019,45.571,45.687,46.218,45.74,46.113,109.67,12,21.662,20.006,16,109.67,76.006,33.662,5413.2,552.98,996.86,911.67,730.99,5068.6,3476.5,1552.2,541.32,55.298,99.686,91.167,73.099,506.86,347.65,155.22,10200,16200,24200,16200,24200,20200,20200,20200,10000,5000,5000,15000,15000,10000,13000,7000,0,0,0,0,0,0,0,0,0,1,0,19200,0,13000,0,0,1
39000,10.967,1.2,2.1662,2.0006,1.6,10.967,7.6006,3.3662,49.36,46.081,46.019,45.571,45.687,46.218,45.74,46.113,109.67,12,21.662,20.006,16,109.67,76.006,33.662,5413.2,552.98,996.86,911.67,730.99,5068.6,3476.5,1552.2,541.32,55.298,99.686,91.167,73.099,506.86,347.65,155.22,10200,16200,24200,16200,24200,20200,20200,20200,10000,5000,5000,15000,15000,10000,13000,7000,0,0,0,0,0,0,0,0,0,1,0,19200,0,13000,0,0,1
39600,11.75,1.5,2.6,1.65,2,11.75,7.65,4.1,48.856,45.087,45.002,44.664,44.722,45.286,44.803,45.134,117.5,15,26,16.5,20,117.5,76.5,41,5740.6,676.3,1170.1,736.95,894.43,5321.1,3427.4,1850.5,574.06,67.63,117.01,73.695,89.443,532.11,342.74,185.05,10200,16200,24200,16200,24200,20200,20200,20200,10000,5000,5000,15000,15000,10000,13000,7000,0,0,0,0,0,0,0,0,0,1,0,19200,0,13000,0,0,1
40200,11.75,1.5,2.6,1.65,2,11.75,7.65,4.1,48.856,45.087,45.002,44.664,44.722,45.286,44.803,45.134,117.5,15,26,16.5,20,117.5,76.5,41,5740.6,676.3,1170.1,736.95,894.43,5321.1,3427.4,1850.5,574.06,67.63,117.01,73.695,89.443,532.11,342.74,185.05,10200,16200,24200,16200,24200,20200,20200,20200,10000,5000,5000,15000,15000,10000,13000,7000,0,0,0,0,0,0,0,0,0,1,0,19200,0,13000,0,0,1
40800,11.75,1.5,2.6,1.65,2,11.75,7.65,4.1,48.856,45.087,45.002,44.664,44.722,45.286,44.803,45.134,117.5,15,26,16.5,20,117.5,76.5,41,5740.6,676.3,1170.1,736.95,894.43,5321.1,3427.4,1850.5,574.06,67.63,117.01,73.695,89.443,532.11,342.74,185.05,10200,16200,24200,16200,24200,20200,20200,20200,10000,5000,5000,15000,15000,10000,13000,7000,0,0,0,0,0,0,0,0,0,1,0,19200,0,13000,0,0,1
41400,11.75,1.5,2.6,1.65,2,11.75,7.65,4.1,48.856,45.087,45.002,44.664,44.722,45.286,44.803,45.134,117.5,15,26,16.5,20,117.5,76.5,41,5740.6,676.3,1170.1,736.95,894.43,5321.1,3427.4,1850.5,574.06,67.63,117.01,73.695,89.443,532.11,342.74,185.05,10200,16200,24200,16200,24200,20200,20200,20200,10000,5000,5000,15000,15000,10000,13000,7000,0,0,0,0,0,0,0,0,0,1,0,19200,0,13000,0,0,1
42000,11.75,1.5,2.6,1.65,2,11.75,7.65,4.1,48.856,45.087,45.002,44.664,44.722,45.286,44.803,45.134,117.5,15,26,16.5,20,117.5,76.5,41,5740.6,676.3,1170.1,736.95,894.43,5321.1,3427.4,1850.5,574.06,67.63,117.01,73.695,89.443,532.11,342.74,185.05,10200,16200,24200,16200,24200,20200,20200,20200,10000,5000,5000,15000,15000,10000,13000,7000,0,0,0,0,0,0,0,0,0,1,0,19200,0,13000,0,0,1
42600,11.75,1.5,2.6,1.65,2,11.75,7.65,4.1,48.856,45.087,45.002,44.664,44.722,45.286,44.803,45.134,117.5,15,26,16.5,20,117.5,76.5,41,5740.6,676.3,1170.1,736.95,894.43,5321.1,3427.4,1850.5,574.06,67.63,117.01,73.695,89.443,532.11,342.74,185.05,10200,16200,24200,16200,24200,20200,20200,20200,10000,5000,5000,15000,15000,10000,13000,7000,0,0,0,0,0,0,0,0,0,1,0,19200,0,13000,0,0,1
43200,12.039,1.5,3.1552,1.3842,2,12.039,7.3842,4.6552,48.557,44.583,44.442,44.252,44.289,44.823,44.37,44.63,120.39,15,31.552,13.842,20,120.39,73.842,46.552,5846,668.74,1402.2,612.53,885.77,5396.4,3276.3,2077.6,584.6,66.874,140.22,61.253,88.577,539.64,327.63,207.76,10200,16200,24200,16200,24200,20200,20200,20200,10000,5000,5000,15000,15000,10000,13000,7000,0,0,0,0,0,0,0,0,0,1,0,19200,0,13000,0,0,1
43800,12.039,1.5,3.1552,1.3842,2,12.039,7.3842,4.6552,48.557,44.583,44.442,44.252,44.289,44.823,44.37,44.63,120.39,15,31.552,13.842,20,120.39,73.842,46.552,5846,668.74,1402.2,612.53,885.77,5396.4,3276.3,2077.6,584.6,66.874,140.22,61.253,88.577,539.64,327.63,207.76,10200,16200,24200,16200,24200,20200,20200,20200,10000,5000,5000,15000,15000,10000,13000,7000,0,0,0,0,0,0,0,0,0,1,0,19200,0,13000,0,0,1
44400,12.039,1.5,3.1552,1.3842,2,12.039,7.3842,4.6552,48.557,44.583,44.442,44.252,44.289,44.823,44.37,44.63,120.39,15,31.552,13.842,20,120.39,73.842,46.552,5846,668.74,1402.2,612.53,885.77,5396.4,3276.3,2077.6,584.6,66.874,140.22,61.253,88.577,539.64,327.63,207.76,10200,16200,24200,16200,24200,20200,20200,20200,10000,5000,5000,15000,15000,10000,13000,7000,0,0,0,0,0,0,0,0,0,1,0,19200,0,13000,0,0,1
45000,12.039,1.5,3.1552,1.3842,2,12.039,7.3842,4.6552,48.557,44.583,44.442,44.252,44.289,44.823,44.37,44.63,120.39,15,31.552,13.842,20,120.39,73.842,46.552,5846,668.74,1402.2,612.53,885.77,5396.4,3276.3,2077.6,584.6,66.874,140.22,61.253,88.577,539.64,327.63,207.76,10200,16200,24200,16200,24200,20200,20200,20200,10000,5000,5000,15000,15000,10000,13000,7000,0,0,0,0,0,0,0,0,0,1,0,19200,0,13000,0,0,1
45600,12.039,1.5,3.1552,1.3842,2,12.039,7.3842,4.6552,48.557,44.583,44.442,44.252,44.289,44.823,44.37,44.63,120.39,15,31.552,13.842,20,120.39,73.842,46.552,5846,668.74,1402.2,612.53,885.77,5396.4,3276.3,2077.6,584.6,66.874,140.22,61.253,88.577,539.64,327.63,207.76,10200,16200,24200,16200,24200,20200,20200,20200,10000,5000,5000,15000,15000,10000,13000,7000,0,0,0,0,0,0,0,0,0,1,0,19200,0,13000,0,0,1
46200,12.039,1.5,3.1552,1.3842,2,12.039,7.3842,4.6552,48.557,44.583,44.442,44.252,44.289,44.823,44.37,44.63,120.39,15,31.552,13.842,20,120.39,73.842,46.552,5846,668.74,1402.2,612.53,885.77,5396.4,3276.3,2077.6,584.6,66.874,140.22,61.253,88.577,539.64,327.63,207.76,10200,16200,24200,16200,24200,20200,20200,20200,10000,5000,5000,15000,15000,10000,13000,7000,0,0,0,0,0,0,0,0,0,1,0,19200,0,13000,0,0,1
46800,12.384,1.5,3.7332,1.1504,2,12.384,7.1504,5.2332,47.912,43.691,43.481,43.449,43.47,43.977,43.55,43.738,123.84,15,37.332,11.504,20,123.84,71.504,52.332,5933.2,655.36,1623.2,499.82,869.39,5446,3114,2288.9,593.32,65.536,162.32,49.982,86.939,544.6,311.4,228.89,10200,16200,24200,16200,24200,20200,20200,20200,10000,5000,5000,15000,15000,10000,13000,7000,0,0,0,0,0,0,0,0,0,1,0,19200,0,13000,0,0,1
47400,12.384,1.5,3.7332,1.1504,2,12.384,7.1504,5.2332,47.912,43.691,43.481,43.449,43.47,43.977,43.55,43.738,123.84,15,37.332,11.504,20,123.84,71.504,52.332,5933.2,655.36,1623.2,499.82,869.39,5446,3114,2288.9,593.32,65.536,162.32,49.982,86.939,544.6,311.4,228.89,10200,16200,24200,16200,24200,20200,20200,20200,10000,5000,5000,15000,15000,10000,13000,7000,0,0,0,0,0,0,0,0,0,1,0,19200,0,13000,0,0,1
48000,12.384,1.5,3.7332,1.1504,2,12.384,7.1504,5.2332,47.912,43.691,43.481,43.449,43.47,43.977,43.55,43.738,123.84,15,37.332,11.504,20,123.84,71.504,52.332,5933.2,655.36,1623.2,499.82,869.39,5446,3114,2288.9,593.32,65.536,162.32,49.982,86.939,544.6,311.4,228.89,10200,16200,24200,16200,24200,20200,20200,20200,10000,5000,5000,15000,15000,10000,13000,7000,0,0,0,0,0,0,0,0,0,1,0,19200,0,13000,0,0,1
48600,12.384,1.5,3.7332,1.1504,2,12.384,7.1504,5.2332,47.912,43.691,43.481,43.449,43.47,43.977,43.55,43.738,123.84,15,37.332,11.504,20,123.84,71.504,52.332,5933.2,655.36,1623.2,499.82,869.39,5446,3114,2288.9,593.32,65.536,162.32,49.982,86.939,544.6,311.4,228.89,10200,16200,24200,16200,24200,20200,20200,20200,10000,5000,5000,15000,15000,10000,13000,7000,0,0,0,0,0,0,0,0,0,1,0,19200,0,13000,0,0,1
49200,12.384,1.5,3.7332,1.1504,2,12.384,7.1504,5.2332,47.912,43.691,43.481,43.449,43.47,43.977,43.55,43.738,123.84,15,37.332,11.504,20,123.84,71.504,52.332,5933.2,655.36,1623.2,499.82,869.39,5446,3114,2288.9,593.32,65.536,162.32,49.982,86.939,544.6,311.4,228.89,10200,16200,24200,16200,24200,20200,20200,20200,10000,5000,5000,15000,15000,10000,13000,7000,0,0,0,0,0,0,0,0,0,1,0,19200,0,13000,0,0,1
49800,12.384,1.5,3.7332,1.1504,2,12.384,7.1504,5.2332,47.912,43.691,43.481,43.449,43.47,43.977,43.55,43.738,123.84,15,37.332,11.504,20,123.84,71.504,52.332,5933.2,655.36,1623.2,499.82,869.39,5446,3114,2288.9,593.32,65.536,162.32,49.982,86.939,544.6,311.4,228.89,10200,16200,24200,16200,24200,20200,20200,20200,10000,5000,5000,15000,15000,10000,13000,7000,0,0,0,0,0,0,0,0,0,1,0,19200,0,13000,0,0,1
50400,11.85,1.2,4,1.05,1.6,11.85,6.65,5.2,47.683,43.789,43.528,43.589,43.63,44.057,43.684,43.82,118.5,12,40,10.5,16,118.5,66.5,52,5650.5,525.47,1741.1,457.68,698.08,5220.8,2905,2278.7,565.05,52.547,174.11,45.768,69.808,522.08,290.5,227.87,10200,16200,24200,16200,24200,20200,20200,20200,10000,5000,5000,15000,15000,10000,13000,7000,0,0,0,0,0,0,0,0,0,1,0,19200,0,13000,0,0,1
51000,11.85,1.2,4,1.05,1.6,11.85,6.65,5.2,47.683,43.789,43.528,43.589,43.63,44.057,43.684,43.82,118.5,12,40,10.5,16,118.5,66.5,52,5650.5,525.47,1741.1,457.68,698.08,5220.8,2905,2278.7,565.05,52.547,174.11,45.768,69.808,522.08,290.5,227.87,10200,16200,24200,16200,24200,20200,20200,20200,10000,5000,5000,15000,15000,10000,13000,7000,0,0,0,0,0,0,0,0,0,1,0,19200,0,13000,0,0,1
51600,11.85,1.2,4,1.05,1.6,11.85,6.65,5.2,47.683,43.789,43.528,43.589,43.63,44.057,43.684,43.82,118.5,12,40,10.5,16,118.5,66.5,52,5650.5,525.47,1741.1,457.68,698.08,5220.8,2905,2278.7,565.05,52.547,174.11,45.768,69.808,522.08,290.5,227.87,10200,16200,24200,16200,24200,20200,20200,20200,10000,5000,5000,15000,15000,10000,13000,7000,0,0,0,0,0,0,0,0,0,1,0,19200,0,13000,0,0,1
52200,11.85,1.2,4,1.05,1.6,11.85,6.65,5.2,47.683,43.789,43.528,43.589,43.63,44.057,43.684,43.82,118.5,12,40,10.5,16,118.5,66.5,52,5650.5,525.47,1741.1,457.68,698.08,5220.8,2905,2278.7,565.05,52.547,174.11,45.768,69.808,522.08,290.5,227.87,10200,16200,24200,16200,24200,20200,20200,20200,10000,5000,5000,15000,15000,10000,13000,7000,0,0,0,0,0,0,0,0,0,1,0,19200,0,13000,0,0,1
52800,11.85,1.2,4,1.05,1.6,11.85,6.65,5.2,47.683,43.789,43.528,43.589,43.63,44.057,43.684,43.82,118.5,12,40,10.5,16,118.5,66.5,52,5650.5,525.47,1741.1,457.68,698.08,5220.8,2905,2278.7,565.05,52.547,174.11,45.768,69.808,522.08,290.5,227.87,10200,16200,24200,16200,24200,20200,20200,20200,10000,5000,5000,15000,15000,10000,13000,7000,0,0,0,0,0,0,0,0,0,1,0,19200,0,13000,0,0,1
53400,11.85,1.2,4,1.05,1.6,11.85,6.65,5.2,47.683,43.789,43.528,43.589,43.63,44.057,43.684,43.82,118.5,12,40,10.5,16,118.5,66.5,52,5650.5,525.47,1741.1,457.68,698.08,5220.8,2905,2278.7,565.05,52.547,174.11,45.768,69.808,522.08,290.5,227.87,10200,16200,24200,16200,24200,20200,20200,20200,10000,5000,5000,15000,15000,10000,13000,7000,0,0,0,0,0,0,0,0,0,1,0,19200,0,13000,0,0,1
54000,11.133,1.05,3.5084,1.1742,1.4,11.133,6.5742,4.5584,48.009,44.569,44.364,44.311,44.372,44.779,44.414,44.594,111.33,10.5,35.084,11.742,14,111.33,65.742,45.584,5344.7,467.98,1556.5,520.3,621.21,4985.1,2919.8,2032.8,534.47,46.798,155.65,52.03,62.121,498.51,291.98,203.28,10200,16200,24200,16200,24200,20200,20200,20200,10000,5000,5000,15000,15000,10000,13000,7000,0,0,0,0,0,0,0,0,0,1,0,19200,0,13000,0,0,1
54600,11.133,1.05,3.5084,1.1742,1.4,11.133,6.5742,4.5584,48.009,44.569,44.364,44.311,44.372,44.779,44.414,44.594,111.33,10.5,35.084,11.742,14,111.33,65.742,45.584,5344.7,467.98,1556.5,520.3,621.21,4985.1,2919.8,2032.8,534.47,46.798,155.65,52.03,62.121,498.51,291.98,203.28,10200,16200,24200,16200,24200,20200,20200,20200,10000,5000,5000,15000,15000,10000,13000,7000,0,0,0,0,0,0,0,0,0,1,0,19200,0,13000,0,0,1
55200,11.133,1.05,3.5084,1.1742,1.4,11.133,6.5742,4.5584,48.009,44.569,44.364,44.311,44.372,44.779,44.414,44.594,111.33,10.5,35.084,11.742,14,111.33,65.742,45.584,5344.7,467.98,1556.5,520.3,621.21,4985.1,2919.8,2032.8,534.47,46.798,155.65,52.03,62.121,498.51,291.98,203.28,10200,16200,24200,16200,24200,20200,20200,20200,10000,5000,5000,15000,15000,10000,13000,7000,0,0,0,0,0,0,0,0,0,1,0,19200,0,13000,0,0,1
55800,11.133,1.05,3.5084,1.1742,1.4,11.133,6.5742,4.5584,48.009,44.569,44.364,44.311,44.372,44.779,44.414,44.594,111.33,10.5,35.084,11.742,14,111.33,65.742,45.584,5344.7,467.98,1556.5,520.3,621.21,4985.1,2919.8,2032.8,534.47,46.798,155.65,52.03,62.121,498.51,291.98,203.28,10200,16200,24200,16200,24200,20200,20200,20200,10000,5000,5000,15000,15000,10000,13000,7000,0,0,0,0,0,0,0,0,0,1,0,19200,0,13000,0,0,1
56400,11.133,1.05,3.5084,1.1742,1.4,11.133,6.5742,4.5584,48.009,44.569,44.364,44.311,44.372,44.779,44.414,44.594,111.33,10.5,35.084,11.742,14,111.33,65.742,45.584,5344.7,467.98,1556.5,520.3,621.21,4985.1,2919.8,2032.8,534.47,46.798,155.65,52.03,62.121,498.51,291.98,203.28,10200,16200,24200,16200,24200,20200,20200,20200,10000,5000,5000,15000,15000,10000,13000,7000,0,0,0,0,0,0,0,0,0,1,0,19200,0,13000,0,0,1
57000,11.133,1.05,3.5084,1.1742,1.4,11.133,6.5742,4.5584,48.009,44.569,44.364,44.311,44.372,44.779,44.414,44.594,111.33,10.5,35.084,11.742,14,111.33,65.742,45.584,5344.7,467.98,1556.5,520.3,621.21,4985.1,2919.8,2032.8,534.47,46.798,155.65,52.03,62.121,498.51,291.98,203.28,10200,16200,24200,16200,24200,20200,20200,20200,10000,5000,5000,15000,15000,10000,13000,7000,0,0,0,0,0,0,0,0,0,1,0,19200,0,13000,0,0,1
57600,10.504,1.05,2.5724,1.4813,1.4,10.504,6.8812,3.6224,49.724,46.678,46.574,46.301,46.384,46.824,46.426,46.703,105.04,10.5,25.724,14.813,14,105.04,68.812,36.224,5222.9,490.12,1198.1,685.83,649.38,4918.2,3194.7,1691.8,522.29,49.012,119.81,68.583,64.938,491.82,319.47,169.18,10200,16200,24200,16200,24200,20200,20200,20200,10000,5000,5000,15000,15000,10000,13000,7000,0,0,0,0,0,0,0,0,0,1,0,19200,0,13000,0,0,1
58200,10.504,1.05,2.5724,1.4813,1.4,10.504,6.8812,3.6224,49.724,46.678,46.574,46.301,46.384,46.824,46.426,46.703,105.04,10.5,25.724,14.813,14,105.04,68.812,36.224,5222.9,490.12,1198.1,685.83,649.38,4918.2,3194.7,1691.8,522.29,49.012,119.81,68.583,64.938,491.82,319.47,169.18,10200,16200,24200,16200,24200,20200,20200,20200,10000,5000,5000,15000,15000,10000,13000,7000,0,0,0,0,0,0,0,0,0,1,0,19200,0,13000,0,0,1
58800,10.504,1.05,2.5724,1.4813,1.4,10.504,6.8812,3.6224,49.724,46.678,46.574,46.301,46.384,46.824,46.426,46.703,105.04,10.5,25.724,14.813,14,105.04,68.812,36.224,5222.9,490.12,1198.1,685.83,649.38,4918.2,3194.7,1691.8,522.29,49.012,119.81,68.583,64.938,491.82,319.47,169.18,10200,16200,24200,16200,24200,20200,20200,20200,10000,5000,5000,15000,15000,10000,13000,7000,0,0,0,0,0,0,0,0,0,1,0,19200,0,13000,0,0,1
59400,10.504,1.05,2.5724,1.4813,1.4,10.504,6.8812,3.6224,49.724,46.678,46.574,46.301,46.384,46.824,46.426,46.703,105.04,10.5,25.724,14.813,14,105.04,68.812,36.224,5222.9,490.12,1198.1,685.83,649.38,4918.2,3194.7,1691.8,522.29,49.012,119.81,68.583,64.938,491.82,319.47,169.18,10200,16200,24200,16200,24200,20200,20200,20200,10000,5000,5000,15000,15000,10000,13000,7000,0,0,0,0,0,0,0,0,0,1,0,19200,0,13000,0,0,1
60000,10.504,1.05,2.5724,1.4813,1.4,10.504,6.8812,3.6224,49.724,46.678,46.574,46.301,46.384,46.824,46.426,46.703,105.04,10.5,25.724,14.813,14,105.04,68.812,36.224,5222.9,490.12,1198.1,685.83,649.38,4918.2,3194.7,1691.8,522.29,49.012,119.81,68.583,64.938,491.82,319.47,169.18,10200,16200,24200,16200,24200,20200,20200,20200,10000,5000,5000,15000,15000,10000,13000,7000,0,0,0,0,0,0,0,0,0,1,0,19200,0,13000,0,0,1
60600,10.504,1.05,2.5724,1.4813,1.4,10.504,6.8812,3.6224,49.724,46.678,46.574,46.301,46.384,46.824,46.426,46.703,105.04,10.5,25.724,14.813,14,105.04,68.812,36.224,5222.9,490.12,1198.1,685.83,649.38,4918.2,3194.7,1691.8,522.29,49.012,119.81,68.583,64.938,491.82,319.47,169.18,10200,16200,24200,16200,24200,20200,20200,20200,10000,5000,5000,15000,15000,10000,13000,7000,0,0,0,0,0,0,0,0,0,1,0,19200,0,13000,0,0,1
61200,10.323,1.05,2,1.8726,1.4,10.323,7.2726,3.05,51.844,48.923,48.867,48.437,48.553,49.036,48.595,48.948,103.23,10.5,20,18.726,14,103.23,72.726,30.5,5351.7,513.7,977.33,907.04,679.75,5061.8,3534.1,1492.9,535.17,51.37,97.733,90.704,67.975,506.18,353.41,149.29,10200,16200,24200,16200,24200,20200,20200,20200,10000,5000,5000,15000,15000,10000,13000,7000,0,0,0,0,0,0,0,0,0,1,0,19200,0,13000,0,0,1
61800,10.323,1.05,2,1.8726,1.4,10.323,7.2726,3.05,51.844,48.923,48.867,48.437,48.553,49.036,48.595,48.948,103.23,10.5,20,18.726,14,103.23,72.726,30.5,5351.7,513.7,977.33,907.04,679.75,5061.8,3534.1,1492.9,535.17,51.37,97.733,90.704,67.975,506.18,353.41,149.29,10200,16200,24200,16200,24200,20200,20200,20200,10000,5000,5000,15000,15000,10000,13000,7000,0,0,0,0,0,0,0,0,0,1,0,19200,0,13000,0,0,1
62400,10.323,1.05,2,1.8726,1.4,10.323,7.2726,3.05,51.844,48.923,48.867,48.437,48.553,49.036,48.595,48.948,103.23,10.5,20,18.726,14,103.23,72.726,30.5,5351.7,513.7,977.33,907.04,679.75,5061.8,3534.1,1492.9,535.17,51.37,97.733,90.704,67.975,506.18,353.41,149.29,10200,16200,24200,16200,24200,20200,20200,20200,10000,5000,5000,15000,15000,10000,13000,7000,0,0,0,0,0,0,0,0,0,1,0,19200,0,13000,0,0,1
63000,10.323,1.05,2,1.8726,1.4,10.323,7.2726,3.05,51.844,48.923,48.867,48.437,48.553,49.036,48.595,48.948,103.23,10.5,20,18.726,14,103.23,72.726,30.5,5351.7,513.7,977.33,907.04,679.75,5061.8,3534.1,1492.9,535.17,51.37,97.733,90.704,67.975,506.18,353.41,149.29,10200,16200,24200,16200,24200,20200,20200,20200,10000,5000,5000,15000,15000,10000,13000,7000,0,0,0,0,0,0,0,0,0,1,0,19200,0,13000,0,0,1
63600,10.323,1.05,2,1.8726,1.4,10.323,7.2726,3.05,51.844,48.923,48.867,48.437,48.553,49.036,48.595,48.948,103.23,10.5,20,18.726,14,103.23,72.726,30.5,5351.7,513.7,977.33,907.04,679.75,5061.8,3534.1,1492.9,535.17,51.37,97.733,90.704,67.975,506.18,353.41,149.29,10200,16200,24200,16200,24200,20200,20200,20200,10000,5000,5000,15000,15000,10000,13000,7000,0,0,0,0,0,0,0,0,0,1,0,19200,0,13000,0,0,1
64200,10.323,1.05,2,1.8726,1.4,10.323,7.2726,3.05,51.844,48.923,48.867,48.437,48.553,49.036,48.595,48.948,103.23,10.5,20,18.726,14,103.23,72.726,30.5,5351.7,513.7,977.33,907.04,679.75,5061.8,3534.1,1492.9,535.17,51.37,97.733,90.704,67.975,506.18,353.41,149.29,10200,16200,24200,16200,24200,20200,20200,20200,10000,5000,5000,15000,15000,10000,13000,7000,0,0,0,0,0,0,0,0,0,1,0,19200,0,13000,0,0,1
64800,11.32,1.35,1.9196,2.25,1.8,11.32,8.05,3.2696,52.386,48.916,48.879,48.329,48.456,49.054,48.523,48.954,113.2,13.5,19.196,22.5,18,113.2,80.5,32.696,5929.9,660.36,938.29,1087.4,872.21,5552.8,3906.1,1600.6,592.99,66.036,93.829,108.74,87.221,555.28,390.61,160.06,10200,16200,24200,16200,24200,20200,20200,20200,10000,5000,5000,15000,15000,10000,13000,7000,0,0,0,0,0,0,0,0,0,1,0,19200,0,13000,0,0,1
65400,11.32,1.35,1.9196,2.25,1.8,11.32,8.05,3.2696,52.386,48.916,48.879,48.329,48.456,49.054,48.523,48.954,113.2,13.5,19.196,22.5,18,113.2,80.5,32.696,5929.9,660.36,938.29,1087.4,872.21,5552.8,3906.1,1600.6,592.99,66.036,93.829,108.74,87.221,555.28,390.61,160.06,10200,16200,24200,16200,24200,20200,20200,20200,10000,5000,5000,15000,15000,10000,13000,7000,0,0,0,0,0,0,0,0,0,1,0,19200,0,13000,0,0,1
66000,11.32,1.35,1.9196,2.25,1.8,11.32,8.05,3.2696,52.386,48.916,48.879,48.329,48.456,49.054,48.523,48.954,113.2,13.5,19.196,22.5,18,113.2,80.5,32.696,5929.9,660.36,938.29,1087.4,872.21,5552.8,3906.1,1600.6,592.99,66.036,93.829,108.74,87.221,555.28,390.61,160.06,10200,16200,24200,16200,24200,20200,20200,20200,10000,5000,5000,15000,15000,10000,13000,7000,0,0,0,0,0,0,0,0,0,1,0,19200,0,13000,0,0,1
66600,11.32,1.35,1.9196,2.25,1.8,11.32,8.05,3.2696,52.386,48.916,48.879,48.329,48.456,49.054,48.523,48.954,113.2,13.5,19.196,22.5,18,113.2,80.5,32.696,5929.9,660.36,938.29,1087.4,872.21,5552.8,3906.1,1600.6,592.99,66.036,93.829,108.74,87.221,555.28,390.61,160.06,10200,16200,24200,16200,24200,20200,20200,20200,10000,5000,5000,15000,15000,10000,13000,7000,0,0,0,0,0,0,0,0,0,1,0,19200,0,13000,0,0,1
67200,11.32,1.35,1.9196,2.25,1.8,11.32,8.05,3.2696,52.386,48.916,48.879,48.329,48.456,49.054,48.523,48.954,113.2,13.5,19.196,22.5,18,113.2,80.5,32.696,5929.9,660.36,938.29,1087.4,872.21,5552.8,3906.1,1600.6,592.99,66.036,93.829,108.74,87.221,555.28,390.61,160.06,10200,16200,24200,16200,24200,20200,20200,20200,10000,5000,5000,15000,15000,10000,13000,7000,0,0,0,0,0,0,0,0,0,1,0,19200,0,13000,0,0,1
67800,11.32,1.35,1.9196,2.25,1.8,11.32,8.05,3.2696,52.386,48.916,48.879,48.329,48.456,49.054,48.523,48.954,113.2,13.5,19.196,22.5,18,113.2,80.5,32.696,5929.9,660.36,938.29,1087.4,872.21,5552.8,3906.1,1600.6,592.99,66.036,93.829,108.74,87.221,555.28,390.61,160.06,10200,16200,24200,16200,24200,20200,20200,20200,10000,5000,5000,15000,15000,10000,13000,7000,0,0,0,0,0,0,0,0,0,1,0,19200,0,13000,0,0,1
68400,11.735,1.35,1.8758,2.7093,1.8,11.735,8.5093,3.2258,47.862,44.164,44.131,43.468,43.645,44.301,43.711,44.203,117.35,13.5,18.758,27.093,18,117.35,85.093,32.258,5616.7,596.22,827.81,1177.7,785.61,5198.7,3719.5,1425.9,561.67,59.622,82.781,117.77,78.561,519.87,371.95,142.59,10200,16200,24200,16200,24200,20200,20200,20200,10000,5000,5000,15000,15000,10000,13000,7000,0,0,0,0,0,0,0,0,0,1,0,19200,0,13000,0,0,1
69000,11.735,1.35,1.8758,2.7093,1.8,11.735,8.5093,3.2258,47.862,44.164,44.131,43.468,43.645,44.301,43.711,44.203,117.35,13.5,18.758,27.093,18,117.35,85.093,32.258,5616.7,596.22,827.81,1177.7,785.61,5198.7,3719.5,1425.9,561.67,59.622,82.781,117.77,78.561,519.87,371.95,142.59,10200,16200,24200,16200,24200,20200,20200,20200,10000,5000,5000,15000,15000,10000,13000,7000,0,0,0,0,0,0,0,0,0,1,0,19200,0,13000,0,0,1
69600,11.735,1.35,1.8758,2.7093,1.8,11.735,8.5093,3.2258,47.862,44.164,44.131,43.468,43.645,44.301,43.711,44.203,117.35,13.5,18.758,27.093,18,117.35,85.093,32.258,5616.7,596.22,827.81,1177.7,785.61,5198.7,3719.5,1425.9,561.67,59.622,82.781,117.77,78.561,519.87,371.95,142.59,10200,16200,24200,16200,24200,20200,20200,20200,10000,5000,5000,15000,15000,10000,13000,7000,0,0,0,0,0,0,0,0,0,1,0,19200,0,13000,0,0,1
70200,11.735,1.35,1.8758,2.7093,1.8,11.735,8.5093,3.2258,47.862,44.164,44.131,43.468,43.645,44.301,43.711,44.203,117.35,13.5,18.758,27.093,18,117.35,85.093,32.258,5616.7,596.22,827.81,1177.7,785.61,5198.7,3719.5,1425.9,561.67,59.622,82.781,117.77,78.561,519.87,371.95,142.59,10200,16200,24200,16200,24200,20200,20200,20200,10000,5000,5000,15000,15000,10000,13000,7000,0,0,0,0,0,0,0,0,0,1,0,19200,0,13000,0,0,1
70800,11.735,1.35,1.8758,2.7093,1.8,11.735,8.5093,3.2258,47.862,44.164,44.131,43.468,43.645,44.301,43.711,44.203,117.35,13.5,18.758,27.093,18,117.35,85.093,32.258,5616.7,596.22,827.81,1177.7,785.61,5198.7,3719.5,1425.9,561.67,59.622,82.781,117.77,78.561,519.87,371.95,142.59,10200,16200,24200,16200,24200,20200,20200,20200,10000,5000,5000,15000,15000,10000,13000,7000,0,0,0,0,0,0,0,0,0,1,0,19200,0,13000,0,0,1
71400,11.735,1.35,1.8758,2.7093,1.8,11.735,8.5093,3.2258,47.862,44.164,44.131,43.468,43.645,44.301,43.711,44.203,117.35,13.5,18.758,27.093,18,117.35,85.093,32.258,5616.7,596.22,827.81,1177.7,785.61,5198.7,3719.5,1425.9,561.67,59.622,82.781,117.77,78.561,519.87,371.95,142.59,10200,16200,24200,16200,24200,20200,20200,20200,10000,5000,5000,15000,15000,10000,13000,7000,0,0,0,0,0,0,0,0,0,1,0,19200,0,13000,0,0,1
72000,11.25,1.05,1.8,3,1.4,11.25,8.4,2.85,42.88,39.484,39.442,38.733,38.969,39.586,39.011,39.508,112.5,10.5,18,30,14,112.5,84,28.5,4824,414.58,709.95,1162,545.56,4453.4,3276.9,1126,482.4,41.458,70.995,116.2,54.556,445.34,327.69,112.6,10200,16200,24200,16200,24200,20200,20200,20200,10000,5000,5000,15000,15000,10000,13000,7000,0,0,0,0,0,0,0,0,0,1,0,19200,0,13000,0,0,1
72600,11.25,1.05,1.8,3,1.4,11.25,8.4,2.85,42.88,39.484,39.442,38.733,38.969,39.586,39.011,39.508,112.5,10.5,18,30,14,112.5,84,28.5,4824,414.58,709.95,1162,545.56,4453.4,3276.9,1126,482.4,41.458,70.995,116.2,54.556,445.34,327.69,112.6,10200,16200,24200,16200,24200,20200,20200,20200,10000,5000,5000,15000,15000,10000,13000,7000,0,0,0,0,0,0,0,0,0,1,0,19200,0,13000,0,0,1
73200,11.25,1.05,1.8,3,1.4,11.25,8.4,2.85,42.88,39.484,39.442,38.733,38.969,39.586,39.011,39.508,112.5,10.5,18,30,14,112.5,84,28.5,4824,414.58,709.95,1162,545.56,4453.4,3276.9,1126,482.4,41.458,70.995,116.2,54.556,445.34,327.69,112.6,10200,16200,24200,16200,24200,20200,20200,20200,10000,5000,5000,15000,15000,10000,13000,7000,0,0,0,0,0,0,0,0,0,1,0,19200,0,13000,0,0,1
73800,11.25,1.05,1.8,3,1.4,11.25,8.4,2.85,42.88,39.484,39.442,38.733,38.969,39.586,39.011,39.508,112.5,10.5,18,30,14,112.5,84,28.5,4824,414.58,709.95,1162,545.56,4453.4,3276.9,1126,482.4,41.458,70.995,116.2,54.556,445.34,327.69,112.6,10200,16200,24200,16200,24200,20200,20200,20200,10000,5000,5000,15000,15000,10000,13000,7000,0,0,0,0,0,0,0,0,0,1,0,19200,0,13000,0,0,1
74400,11.25,1.05,1.8,3,1.4,11.25,8.4,2.85,42.88,39.484,39.442,38.733,38.969,39.586,39.011,39.508,112.5,10.5,18,30,14,112.5,84,28.5,4824,414.58,709.95,1162,545.56,4453.4,3276.9,1126,482.4,41.458,70.995,116.2,54.556,445.34,327.69,112.6,10200,16200,24200,16200,24200,20200,20200,20200,10000,5000,5000,15000,15000,10000,13000,7000,0,0,0,0,0,0,0,0,0,1,0,19200,0,13000,0,0,1
75000,11.25,1.05,1.8,3,1.4,11.25,8.4,2.85,42.88,39.484,39.442,38.733,38.969,39.586,39.011,39.508,112.5,10.5,18,30,14,112.5,84,28.5,4824,414.58,709.95,1162,545.56,4453.4,3276.9,1126,482.4,41.458,70.995,116.2,54.556,445.34,327.69,112.6,10200,16200,24200,16200,24200,20200,20200,20200,10000,5000,5000,15000,15000,10000,13000,7000,0,0,0,0,0,0,0,0,0,1,0,19200,0,13000,0,0,1
75600,9.984,0.75,1.564,2.67,1,9.984,7.67,2.314,44.155,41.448,41.41,40.789,41.006,41.514,41.028,41.461,99.84,7.5,15.64,26.7,10,99.84,76.7,23.14,4408.4,310.86,647.65,1089.1,410.06,4144.8,3146.9,959.42,440.84,31.086,64.765,108.91,41.006,414.48,314.69,95.942,10200,16200,24200,16200,24200,20200,20200,20200,10000,5000,5000,15000,15000,10000,13000,7000,0,0,0,0,0,0,0,0,0,1,0,19200,0,13000,0,0,1
76200,9.984,0.75,1.564,2.67,1,9.984,7.67,2.314,44.155,41.448,41.41,40.789,41.006,41.514,41.028,41.461,99.84,7.5,15.64,26.7,10,99.84,76.7,23.14,4408.4,310.86,647.65,1089.1,410.06,4144.8,3146.9,959.42,440.84,31.086,64.765,108.91,41.006,414.48,314.69,95.942,10200,16200,24200,16200,24200,20200,20200,20200,10000,5000,5000,15000,15000,10000,13000,7000,0,0,0,0,0,0,0,0,0,1,0,19200,0,13000,0,0,1
76800,9.984,0.75,1.564,2.67,1,9.984,7.67,2.314,44.155,41.448,41.41,40.789,41.006,41.514,41.028,41.461,99.84,7.5,15.64,26.7,10,99.84,76.7,23.14,4408.4,310.86,647.65,1089.1,410.06,4144.8,3146.9,959.42,440.84,31.086,64.765,108.91,41.006,414.48,314.69,95.942,10200,16200,24200,16200,24200,20200,20200,20200,10000,5000,5000,15000,15000,10000,13000,7000,0,0,0,0,0,0,0,0,0,1,0,19200,0,13000,0,0,1
77400,9.984,0.75,1.564,2.67,1,9.984,7.67,2.314,44.155,41.448,41.41,40.789,41.006,41.514,41.028,41.461,99.84,7.5,15.64,26.7,10,99.84,76.7,23.14,4408.4,310.86,647.65,1089.1,410.06,4144.8,3146.9,959.42,440.84,31.086,64.765,108.91,41.006,414.48,314.69,95.942,10200,16200,24200,16200,24200,20200,20200,20200,10000,5000,5000,15000,15000,10000,13000,7000,0,0,0,0,0,0,0,0,0,1,0,19200,0,13000,0,0,1
78000,9.984,0.75,1.564,2.67,1,9.984,7.67,2.314,44.155,41.448,41.41,40.789,41.006,41.514,41.028,41.461,99.84,7.5,15.64,26.7,10,99.84,76.7,23.14,4408.4,310.86,647.65,1089.1,410.06,4144.8,3146.9,959.42,440.84,31.086,64.765,108.91,41.006,414.48,314.69,95.942,10200,16200,24200,16200,24200,20200,20200,20200,10000,5000,5000,15000,15000,10000,13000,7000,0,0,0,0,0,0,0,0,0,1,0,19200,0,13000,0,0,1
78600,9.984,0.75,1.564,2.67,1,9.984,7.67,2.314,44.155,41.448,41.41,40.789,41.006,41.514,41.028,41.461,99.84,7.5,15.64,26.7,10,99.84,76.7,23.14,4408.4,310.86,647.65,1089.1,410.06,4144.8,3146.9,959.42,440.84,31.086,64.765,108.91,41.006,414.48,314.69,95.942,10200,16200,24200,16200,24200,20200,20200,20200,10000,5000,5000,15000,15000,10000,13000,7000,0,0,0,0,0,0,0,0,0,1,0,19200,0,13000,0,0,1
79200,7.9276,0.45,1.1376,1.74,0.6,7.9276,6.34,1.5876,47.479,45.725,45.701,45.268,45.406,45.756,45.415,45.73,79.276,4.5,11.376,17.4,6,79.276,63.4,15.876,3763.9,205.76,519.9,787.67,272.44,3627.4,2879.3,726.01,376.39,20.576,51.99,78.767,27.244,362.74,287.93,72.601,10200,16200,24200,16200,24200,20200,20200,20200,10000,5000,5000,15000,15000,10000,13000,7000,0,0,0,0,0,0,0,0,0,1,0,19200,0,13000,0,0,1
79800,7.9276,0.45,1.1376,1.74,0.6,7.9276,6.34,1.5876,47.479,45.725,45.701,45.268,45.406,45.756,45.415,45.73,79.276,4.5,11.376,17.4,6,79.276,63.4,15.876,3763.9,205.76,519.9,787.67,272.44,3627.4,2879.3,726.01,376.39,20.576,51.99,78.767,27.244,362.74,287.93,72.601,10200,16200,24200,16200,24200,20200,20200,20200,10000,5000,5000,15000,15000,10000,13000,7000,0,0,0,0,0,0,0,0,0,1,0,19200,0,13000,0,0,1
80400,7.9276,0.45,1.1376,1.74,0.6,7.9276,6.34,1.5876,47.479,45.725,45.701,45.268,45.406,45.756,45.415,45.73,79.276,4.5,11.376,17.4,6,79.276,63.4,15.876,3763.9,205.76,519.9,787.67,272.44,3627.4,2879.3,726.01,376.39,20.576,51.99,78.767,27.244,362.74,287.93,72.601,10200,16200,24200,16200,24200,20200,20200,20200,10000,5000,5000,15000,15000,10000,13000,7000,0,0,0,0,0,0,0,0,0,1,0,19200,0,13000,0,0,1
81000,7.9276,0.45,1.1376,1.74,0.6,7.9276,6.34,1.5876,47.479,45.725,45.701,45.268,45.406,45.756,45.415,45.73,79.276,4.5,11.376,17.4,6,79.276,63.4,15.876,3763.9,205.76,519.9,787.67,272.44,3627.4,2879.3,726.01,376.39,20.576,51.99,78.767,27.244,362.74,287.93,72.601,10200,16200,24200,16200,24200,20200,20200,20200,10000,5000,5000,15000,15000,10000,13000,7000,0,0,0,0,0,0,0,0,0,1,0,19200,0,13000,0,0,1
81600,7.9276,0.45,1.1376,1.74,0.6,7.9276,6.34,1.5876,47.479,45.725,45.701,45.268,45.406,45.756,45.415,45.73,79.276,4.5,11.376,17.4,6,79.276,63.4,15.876,3763.9,205.76,519.9,787.67,272.44,3627.4,2879.3,726.01,376.39,20.576,51.99,78.767,27.244,362.74,287.93,72.601,10200,16200,24200,16200,24200,20200,20200,20200,10000,5000,5000,15000,15000,10000,13000,7000,0,0,0,0,0,0,0,0,0,1,0,19200,0,13000,0,0,1
82200,7.9276,0.45,1.1376,1.74,0.6,7.9276,6.34,1.5876,47.479,45.725,45.701,45.268,45.406,45.756,45.415,45.73,79.276,4.5,11.376,17.4,6,79.276,63.4,15.876,3763.9,205.76,519.9,787.67,272.44,3627.4,2879.3,726.01,376.39,20.576,51.99,78.767,27.244,362.74,287.93,72.601,10200,16200,24200,16200,24200,20200,20200,20200,10000,5000,5000,15000,15000,10000,13000,7000,0,0,0,0,0,0,0,0,0,1,0,19200,0,13000,0,0,1
82800,5.95,0.45,0.6,0.3,0.6,5.95,4.9,1.05,52.72,51.69,51.687,51.438,51.487,51.708,51.496,51.695,59.5,4.5,6,3,6,59.5,49,10.5,3136.8,232.61,310.12,154.31,308.92,3076.6,2523.3,542.8,313.68,23.261,31.012,15.431,30.892,307.66,252.33,54.28,10200,16200,24200,16200,24200,20200,20200,20200,10000,5000,5000,15000,15000,10000,13000,7000,0,0,0,0,0,0,0,0,0,1,0,19200,0,13000,0,0,1
83400,5.95,0.45,0.6,0.3,0.6,5.95,4.9,1.05,52.72,51.69,51.687,51.438,51.487,51.708,51.496,51.695,59.5,4.5,6,3,6,59.5,49,10.5,3136.8,232.61,310.12,154.31,308.92,3076.6,2523.3,542.8,313.68,23.261,31.012,15.431,30.892,307.66,252.33,54.28,10200,16200,24200,16200,24200,20200,20200,20200,10000,5000,5000,15000,15000,10000,13000,7000,0,0,0,0,0,0,0,0,0,1,0,19200,0,13000,0,0,1
84000,5.95,0.45,0.6,0.3,0.6,5.95,4.9,1.05,52.72,51.69,51.687,51.438,51.487,51.708,51.496,51.695,59.5,4.5,6,3,6,59.5,49,10.5,3136.8,232.61,310.12,154.31,308.92,3076.6,2523.3,542.8,313.68,23.261,31.012,15.431,30.892,307.66,252.33,54.28,10200,16200,24200,16200,24200,20200,20200,20200,10000,5000,5000,15000,15000,10000,13000,7000,0,0,0,0,0,0,0,0,0,1,0,19200,0,13000,0,0,1
84600,5.95,0.45,0.6,0.3,0.6,5.95,4.9,1.05,52.72,51.69,51.687,51.438,51.487,51.708,51.496,51.695,59.5,4.5,6,3,6,59.5,49,10.5,3136.8,232.61,310.12,154.31,308.92,3076.6,2523.3,542.8,313.68,23.261,31.012,15.431,30.892,307.66,252.33,54.28,10200,16200,24200,16200,24200,20200,20200,20200,10000,5000,5000,15000,15000,10000,13000,7000,0,0,0,0,0,0,0,0,0,1,0,19200,0,13000,0,0,1
85200,5.95,0.45,0.6,0.3,0.6,5.95,4.9,1.05,52.72,51.69,51.687,51.438,51.487,51.708,51.496,51.695,59.5,4.5,6,3,6,59.5,49,10.5,3136.8,232.61,310.12,154.31,308.92,3076.6,2523.3,542.8,313.68,23.261,31.012,15.431,30.892,307.66,252.33,54.28,10200,16200,24200,16200,24200,20200,20200,20200,10000,5000,5000,15000,15000,10000,13000,7000,0,0,0,0,0,0,0,0,0,1,0,19200,0,13000,0,0,1
85800,5.95,0.45,0.6,0.3,0.6,5.95,4.9,1.05,52.72,51.69,51.687,51.438,51.487,51.708,51.496,51.695,59.5,4.5,6,3,6,59.5,49,10.5,3136.8,232.61,310.12,154.31,308.92,3076.6,2523.3,542.8,313.68,23.261,31.012,15.431,30.892,307.66,252.33,54.28,10200,16200,24200,16200,24200,20200,20200,20200,10000,5000,5000,15000,15000,10000,13000,7000,0,0,0,0,0,0,0,0,0,1,0,19200,0,13000,0,0,1
86400,5.8,0.3,0.8,0.3,0.4,5.8,4.7,1.1,34.627,33.646,33.633,33.408,33.461,33.661,33.465,33.648,58,3,8,3,4,58,47,11,2008.4,100.94,269.07,100.22,133.84,1952.4,1572.9,370.13,200.84,10.094,26.907,10.022,13.384,195.24,157.29,37.013,10200,16200,24200,16200,24200,20200,20200,20200,10000,5000,5000,15000,15000,10000,13000,7000,0,0,0,0,0,0,0,0,0,1,0,19200,0,13000,0,0,1
