0,6.1,0.15,0.2,0.75,1,6.1,1.75,4.35,35.295,34.064,33.772,34.19,34.181,34.235,34.203,34.065,61,1.5,2,7.5,10,61,17.5,43.5,2153,51.096,67.545,256.43,341.81,2088.3,598.56,1481.8,215.3,5.1096,6.7545,25.643,34.181,208.83,59.856,148.18,120,126,134,126,134,130,130,130,100,95,95,105,105,100,103,97,0,0,0,0,0,0,0,0,1,0,134,0,95.5,0,0,0,1
600,6.1,0.15,0.2,0.75,1,6.1,1.75,4.35,35.295,34.064,33.772,34.19,34.181,34.235,34.203,34.065,61,1.5,2,7.5,10,61,17.5,43.5,2153,51.096,67.545,256.43,341.81,2088.3,598.56,1481.8,215.3,5.1096,6.7545,25.643,34.181,208.83,59.856,148.18,120,126,134,126,134,130,130,130,100,95,95,105,105,100,103,97,0,0,0,0,0,0,0,0,1,0,134,0,95.5,0,0,0,1
1200,6.1,0.15,0.2,0.75,1,6.1,1.75,4.35,35.295,34.064,33.772,34.19,34.181,34.235,34.203,34.065,61,1.5,2,7.5,10,61,17.5,43.5,2153,51.096,67.545,256.43,341.81,2088.3,598.56,1481.8,215.3,5.1096,6.7545,25.643,34.181,208.83,59.856,148.18,120,126,134,126,134,130,130,130,100,95,95,105,105,100,103,97,0,0,0,0,0,0,0,0,1,0,134,0,95.5,0,0,0,1
1800,6.1,0.15,0.2,0.75,1,6.1,1.75,4.35,35.295,34.064,33.772,34.19,34.181,34.235,34.203,34.065,61,1.5,2,7.5,10,61,17.5,43.5,2153,51.096,67.545,256.43,341.81,2088.3,598.56,1481.8,215.3,5.1096,6.7545,25.643,34.181,208.83,59.856,148.18,120,126,134,126,134,130,130,130,100,95,95,105,105,100,103,97,0,0,0,0,0,0,0,0,1,0,134,0,95.5,0,0,0,1
2400,6.1,0.15,0.2,0.75,1,6.1,1.75,4.35,35.295,34.064,33.772,34.19,34.181,34.235,34.203,34.065,61,1.5,2,7.5,10,61,17.5,43.5,2153,51.096,67.545,256.43,341.81,2088.3,598.56,1481.8,215.3,5.1096,6.7545,25.643,34.181,208.83,59.856,148.18,120,126,134,126,134,130,130,130,100,95,95,105,105,100,103,97,0,0,0,0,0,0,0,0,1,0,134,0,95.5,0,0,0,1
3000,6.1,0.15,0.2,0.75,1,6.1,1.75,4.35,35.295,34.064,33.772,34.19,34.181,34.235,34.203,34.065,61,1.5,2,7.5,10,61,17.5,43.5,2153,51.096,67.545,256.43,341.81,2088.3,598.56,1481.8,215.3,5.1096,6.7545,25.643,34.181,208.83,59.856,148.18,120,126,134,126,134,130,130,130,100,95,95,105,105,100,103,97,0,0,0,0,0,0,0,0,1,0,134,0,95.5,0,0,0,1
3600,5.9212,0.22815,0.2,0.6399,0.8532,5.9212,1.4931,4.4281,43.751,42.57,42.28,42.714,42.707,42.748,42.724,42.572,59.212,2.2815,2,6.399,8.532,59.212,14.931,44.281,2590.6,97.124,84.559,273.33,364.38,2531.2,637.91,1885.1,259.06,9.7124,8.4559,27.333,36.438,253.12,63.791,188.51,120,126,134,126,134,130,130,130,100,95,95,105,105,100,103,97,0,0,0,0,0,0,0,0,1,0,134,0,95.5,0,0,0,1
4200,5.9212,0.22815,0.2,0.6399,0.8532,5.9212,1.4931,4.4281,43.751,42.57,42.28,42.714,42.707,42.748,42.724,42.572,59.212,2.2815,2,6.399,8.532,59.212,14.931,44.281,2590.6,97.124,84.559,273.33,364.38,2531.2,637.91,1885.1,259.06,9.7124,8.4559,27.333,36.438,253.12,63.791,188.51,120,126,134,126,134,130,130,130,100,95,95,105,105,100,103,97,0,0,0,0,0,0,0,0,1,0,134,0,95.5,0,0,0,1
4800,5.9212,0.22815,0.2,0.6399,0.8532,5.9212,1.4931,4.4281,43.751,42.57,42.28,42.714,42.707,42.748,42.724,42.572,59.212,2.2815,2,6.399,8.532,59.212,14.931,44.281,2590.6,97.124,84.559,273.33,364.38,2531.2,637.91,1885.1,259.06,9.7124,8.4559,27.333,36.438,253.12,63.791,188.51,120,126,134,126,134,130,130,130,100,95,95,105,105,100,103,97,0,0,0,0,0,0,0,0,1,0,134,0,95.5,0,0,0,1
5400,5.9212,0.22815,0.2,0.6399,0.8532,5.9212,1.4931,4.4281,43.751,42.57,42.28,42.714,42.707,42.748,42.724,42.572,59.212,2.2815,2,6.399,8.532,59.212,14.931,44.281,2590.6,97.124,84.559,273.33,364.38,2531.2,637.91,1885.1,259.06,9.7124,8.4559,27.333,36.438,253.12,63.791,188.51,120,126,134,126,134,130,130,130,100,95,95,105,105,100,103,97,0,0,0,0,0,0,0,0,1,0,134,0,95.5,0,0,0,1
6000,5.9212,0.22815,0.2,0.6399,0.8532,5.9212,1.4931,4.4281,43.751,42.57,42.28,42.714,42.707,42.748,42.724,42.572,59.212,2.2815,2,6.399,8.532,59.212,14.931,44.281,2590.6,97.124,84.559,273.33,364.38,2531.2,637.91,1885.1,259.06,9.7124,8.4559,27.333,36.438,253.12,63.791,188.51,120,126,134,126,134,130,130,130,100,95,95,105,105,100,103,97,0,0,0,0,0,0,0,0,1,0,134,0,95.5,0,0,0,1
6600,5.9212,0.22815,0.2,0.6399,0.8532,5.9212,1.4931,4.4281,43.751,42.57,42.28,42.714,42.707,42.748,42.724,42.572,59.212,2.2815,2,6.399,8.532,59.212,14.931,44.281,2590.6,97.124,84.559,273.33,364.38,2531.2,637.91,1885.1,259.06,9.7124,8.4559,27.333,36.438,253.12,63.791,188.51,120,126,134,126,134,130,130,130,100,95,95,105,105,100,103,97,0,0,0,0,0,0,0,0,1,0,134,0,95.5,0,0,0,1
7200,5.6027,0.3333,0.00048288,0.54375,0.725,5.6027,1.2687,4.3339,48.335,47.258,46.994,47.405,47.4,47.43,47.412,47.261,56.027,3.333,0.0048288,5.4375,7.25,56.027,12.687,43.339,2708.1,157.51,0.22693,257.77,343.65,2657.3,601.54,2048.2,270.81,15.751,0.022693,25.777,34.365,265.73,60.154,204.82,120,126,134,126,134,130,130,130,100,95,95,105,105,100,103,97,0,0,0,0,0,0,0,0,1,0,134,0,95.5,0,0,0,1
7800,5.602,0.3333,1.1134e-09,0.54375,0.725,5.602,1.2687,4.3333,48.336,47.258,46.995,47.406,47.401,47.43,47.413,47.261,56.02,3.333,1.1134e-08,5.4375,7.25,56.02,12.687,43.333,2707.8,157.51,5.2324e-07,257.77,343.65,2657.1,601.55,2048,270.78,15.751,5.2324e-08,25.777,34.365,265.71,60.155,204.8,120,126,134,126,134,130,130,130,100,95,95,105,105,100,103,97,0,0,0,0,0,0,0,0,1,0,134,0,95.5,0,0,0,1
8400,5.6019,0.3333,-0.00010677,0.54375,0.725,5.6019,1.2687,4.3332,48.336,47.259,46.995,47.406,47.401,47.43,47.413,47.262,56.019,3.333,-0.0010677,5.4375,7.25,56.019,12.687,43.332,2707.7,157.51,-0.050178,257.77,343.65,2657,601.55,2047.9,270.77,15.751,-0.0050178,25.777,34.365,265.7,60.155,204.79,120,126,134,126,134,130,130,130,100,95,95,105,105,100,103,97,0,0,0,0,0,0,0,0,1,0,134,0,95.5,0,0,0,1
9000,5.602,0.3333,6.6681e-09,0.54375,0.725,5.602,1.2687,4.3333,48.336,47.258,46.995,47.406,47.401,47.43,47.413,47.261,56.02,3.333,6.6681e-08,5.4375,7.25,56.02,12.687,43.333,2707.8,157.51,3.1336e-06,257.77,343.65,2657.1,601.55,2048,270.78,15.751,3.1336e-07,25.777,34.365,265.71,60.155,204.8,120,126,134,126,134,130,130,130,100,95,95,105,105,100,103,97,0,0,0,0,0,0,0,0,1,0,134,0,95.5,0,0,0,1
9600,5.602,0.3333,-2.3233e-05,0.54375,0.725,5.602,1.2687,4.3333,48.336,47.259,46.995,47.406,47.401,47.43,47.413,47.261,56.02,3.333,-0.00023233,5.4375,7.25,56.02,12.687,43.333,2707.8,157.51,-0.010918,257.77,343.65,2657.1,601.55,2048,270.78,15.751,-0.0010918,25.777,34.365,265.71,60.155,204.8,120,126,134,126,134,130,130,130,100,95,95,105,105,100,103,97,0,0,0,0,0,0,0,0,1,0,134,0,95.5,0,0,0,1
10200,5.602,0.3333,-6.8894e-09,0.54375,0.725,5.602,1.2687,4.3333,48.336,47.258,46.995,47.406,47.401,47.43,47.413,47.261,56.02,3.333,-6.8894e-08,5.4375,7.25,56.02,12.687,43.333,2707.8,157.51,-3.2376e-06,257.77,343.65,2657.1,601.55,2048,270.78,15.751,-3.2376e-07,25.777,34.365,265.71,60.155,204.8,120,126,134,126,134,130,130,130,100,95,95,105,105,100,103,97,0,0,0,0,0,0,0,0,1,0,134,0,95.5,0,0,0,1
10800,5.5695,0.4593,4.3789e-05,0.4758,0.6344,5.5695,1.1102,4.4593,50.254,49.175,48.914,49.339,49.335,49.358,49.345,49.18,55.695,4.593,0.00043789,4.758,6.344,55.695,11.102,44.593,2798.9,225.86,0.021419,234.76,312.98,2749,547.83,2193.1,279.89,22.586,0.0021419,23.476,31.298,274.9,54.783,219.31,120,126,134,126,134,130,130,130,100,95,95,105,105,100,103,97,0,0,0,0,0,0,0,0,1,0,134,0,95.5,0,0,0,1
11400,5.5695,0.4593,-1.011e-08,0.4758,0.6344,5.5695,1.1102,4.4593,50.254,49.175,48.914,49.339,49.335,49.358,49.345,49.18,55.695,4.593,-1.011e-07,4.758,6.344,55.695,11.102,44.593,2798.9,225.86,-4.9452e-06,234.76,312.98,2749,547.83,2193.1,279.89,22.586,-4.9452e-07,23.476,31.298,274.9,54.783,219.31,120,126,134,126,134,130,130,130,100,95,95,105,105,100,103,97,0,0,0,0,0,0,0,0,1,0,134,0,95.5,0,0,0,1
12000,5.5695,0.4593,1.6294e-05,0.4758,0.6344,5.5695,1.1102,4.4593,50.254,49.175,48.914,49.339,49.335,49.358,49.345,49.18,55.695,4.593,0.00016294,4.758,6.344,55.695,11.102,44.593,2798.9,225.86,0.0079701,234.76,312.98,2749,547.83,2193.1,279.89,22.586,0.00079701,23.476,31.298,274.9,54.783,219.31,120,126,134,126,134,130,130,130,100,95,95,105,105,100,103,97,0,0,0,0,0,0,0,0,1,0,134,0,95.5,0,0,0,1
12600,5.5695,0.4593,-1.5918e-08,0.4758,0.6344,5.5695,1.1102,4.4593,50.254,49.175,48.914,49.339,49.335,49.358,49.345,49.18,55.695,4.593,-1.5918e-07,4.758,6.344,55.695,11.102,44.593,2798.9,225.86,-7.7859e-06,234.76,312.98,2749,547.83,2193.1,279.89,22.586,-7.7859e-07,23.476,31.298,274.9,54.783,219.31,120,126,134,126,134,130,130,130,100,95,95,105,105,100,103,97,0,0,0,0,0,0,0,0,1,0,134,0,95.5,0,0,0,1
13200,5.5695,0.4593,-1.1079e-05,0.4758,0.6344,5.5695,1.1102,4.4593,50.254,49.175,48.914,49.339,49.335,49.358,49.345,49.18,55.695,4.593,-0.00011079,4.758,6.344,55.695,11.102,44.593,2798.9,225.86,-0.0054191,234.76,312.98,2749,547.83,2193.1,279.89,22.586,-0.00054191,23.476,31.298,274.9,54.783,219.31,120,126,134,126,134,130,130,130,100,95,95,105,105,100,103,97,0,0,0,0,0,0,0,0,1,0,134,0,95.5,0,0,0,1
13800,5.5695,0.4593,-2.5892e-08,0.4758,0.6344,5.5695,1.1102,4.4593,50.254,49.175,48.914,49.339,49.335,49.358,49.345,49.18,55.695,4.593,-2.5892e-07,4.758,6.344,55.695,11.102,44.593,2798.9,225.86,-1.2665e-05,234.76,312.98,2749,547.83,2193.1,279.89,22.586,-1.2665e-06,23.476,31.298,274.9,54.783,219.31,120,126,134,126,134,130,130,130,100,95,95,105,105,100,103,97,0,0,0,0,0,0,0,0,1,0,134,0,95.5,0,0,0,1
14400,6.65,0.6,1,0.45,0.6,6.65,1.05,5.6,47.667,46.143,45.746,46.406,46.402,46.423,46.411,46.152,66.5,6,10,4.5,6,66.5,10.5,56,3169.9,276.86,457.46,208.83,278.41,3087.1,487.32,2584.5,316.99,27.686,45.746,20.883,27.841,308.71,48.732,258.45,120,126,134,126,134,130,130,130,100,95,95,105,105,100,103,97,0,0,0,0,0,0,0,0,1,0,134,0,95.5,0,0,0,1
15000,6.65,0.6,1,0.45,0.6,6.65,1.05,5.6,47.667,46.143,45.746,46.406,46.402,46.423,46.411,46.152,66.5,6,10,4.5,6,66.5,10.5,56,3169.9,276.86,457.46,208.83,278.41,3087.1,487.32,2584.5,316.99,27.686,45.746,20.883,27.841,308.71,48.732,258.45,120,126,134,126,134,130,130,130,100,95,95,105,105,100,103,97,0,0,0,0,0,0,0,0,1,0,134,0,95.5,0,0,0,1
15600,6.65,0.6,1,0.45,0.6,6.65,1.05,5.6,47.667,46.143,45.746,46.406,46.402,46.423,46.411,46.152,66.5,6,10,4.5,6,66.5,10.5,56,3169.9,276.86,457.46,208.83,278.41,3087.1,487.32,2584.5,316.99,27.686,45.746,20.883,27.841,308.71,48.732,258.45,120,126,134,126,134,130,130,130,100,95,95,105,105,100,103,97,0,0,0,0,0,0,0,0,1,0,134,0,95.5,0,0,0,1
16200,6.65,0.6,1,0.45,0.6,6.65,1.05,5.6,47.667,46.143,45.746,46.406,46.402,46.423,46.411,46.152,66.5,6,10,4.5,6,66.5,10.5,56,3169.9,276.86,457.46,208.83,278.41,3087.1,487.32,2584.5,316.99,27.686,45.746,20.883,27.841,308.71,48.732,258.45,120,126,134,126,134,130,130,130,100,95,95,105,105,100,103,97,0,0,0,0,0,0,0,0,1,0,134,0,95.5,0,0,0,1
16800,6.65,0.6,1,0.45,0.6,6.65,1.05,5.6,47.667,46.143,45.746,46.406,46.402,46.423,46.411,46.152,66.5,6,10,4.5,6,66.5,10.5,56,3169.9,276.86,457.46,208.83,278.41,3087.1,487.32,2584.5,316.99,27.686,45.746,20.883,27.841,308.71,48.732,258.45,120,126,134,126,134,130,130,130,100,95,95,105,105,100,103,97,0,0,0,0,0,0,0,0,1,0,134,0,95.5,0,0,0,1
17400,6.65,0.6,1,0.45,0.6,6.65,1.05,5.6,47.667,46.143,45.746,46.406,46.402,46.423,46.411,46.152,66.5,6,10,4.5,6,66.5,10.5,56,3169.9,276.86,457.46,208.83,278.41,3087.1,487.32,2584.5,316.99,27.686,45.746,20.883,27.841,308.71,48.732,258.45,120,126,134,126,134,130,130,130,100,95,95,105,105,100,103,97,0,0,0,0,0,0,0,0,1,0,134,0,95.5,0,0,0,1
18000,7.8101,0.76005,2,0.45,0.6,7.8101,1.05,6.7601,41.639,39.566,39.007,39.946,39.943,39.964,39.952,39.579,78.101,7.6005,20,4.5,6,78.101,10.5,67.601,3252,300.72,780.14,179.76,239.66,3121.2,419.49,2675.6,325.2,30.072,78.014,17.976,23.966,312.12,41.949,267.56,120,126,134,126,134,130,130,130,100,95,95,105,105,100,103,97,0,0,0,0,0,0,0,0,1,0,134,0,95.5,0,0,0,1
18600,7.8101,0.76005,2,0.45,0.6,7.8101,1.05,6.7601,41.639,39.566,39.007,39.946,39.943,39.964,39.952,39.579,78.101,7.6005,20,4.5,6,78.101,10.5,67.601,3252,300.72,780.14,179.76,239.66,3121.2,419.49,2675.6,325.2,30.072,78.014,17.976,23.966,312.12,41.949,267.56,120,126,134,126,134,130,130,130,100,95,95,105,105,100,103,97,0,0,0,0,0,0,0,0,1,0,134,0,95.5,0,0,0,1
19200,7.8101,0.76005,2,0.45,0.6,7.8101,1.05,6.7601,41.639,39.566,39.007,39.946,39.943,39.964,39.952,39.579,78.101,7.6005,20,4.5,6,78.101,10.5,67.601,3252,300.72,780.14,179.76,239.66,3121.2,419.49,2675.6,325.2,30.072,78.014,17.976,23.966,312.12,41.949,267.56,120,126,134,126,134,130,130,130,100,95,95,105,105,100,103,97,0,0,0,0,0,0,0,0,1,0,134,0,95.5,0,0,0,1
19800,7.8101,0.76005,2,0.45,0.6,7.8101,1.05,6.7601,41.639,39.566,39.007,39.946,39.943,39.964,39.952,39.579,78.101,7.6005,20,4.5,6,78.101,10.5,67.601,3252,300.72,780.14,179.76,239.66,3121.2,419.49,2675.6,325.2,30.072,78.014,17.976,23.966,312.12,41.949,267.56,120,126,134,126,134,130,130,130,100,95,95,105,105,100,103,97,0,0,0,0,0,0,0,0,1,0,134,0,95.5,0,0,0,1
20400,7.8101,0.76005,2,0.45,0.6,7.8101,1.05,6.7601,41.639,39.566,39.007,39.946,39.943,39.964,39.952,39.579,78.101,7.6005,20,4.5,6,78.101,10.5,67.601,3252,300.72,780.14,179.76,239.66,3121.2,419.49,2675.6,325.2,30.072,78.014,17.976,23.966,312.12,41.949,267.56,120,126,134,126,134,130,130,130,100,95,95,105,105,100,103,97,0,0,0,0,0,0,0,0,1,0,134,0,95.5,0,0,0,1
21000,7.8101,0.76005,2,0.45,0.6,7.8101,1.05,6.7601,41.639,39.566,39.007,39.946,39.943,39.964,39.952,39.579,78.101,7.6005,20,4.5,6,78.101,10.5,67.601,3252,300.72,780.14,179.76,239.66,3121.2,419.49,2675.6,325.2,30.072,78.014,17.976,23.966,312.12,41.949,267.56,120,126,134,126,134,130,130,130,100,95,95,105,105,100,103,97,0,0,0,0,0,0,0,0,1,0,134,0,95.5,0,0,0,1
21600,8.406,0.95595,2.4,0.45,0.6,8.406,1.05,7.3559,38.827,36.437,35.811,36.89,36.887,36.908,36.895,36.458,84.06,9.5595,24,4.5,6,84.06,10.5,73.559,3263.8,348.32,859.46,166.01,221.32,3102.4,387.4,2681.8,326.38,34.832,85.946,16.601,22.132,310.24,38.74,268.18,120,126,134,126,134,130,130,130,100,95,95,105,105,100,103,97,0,0,0,0,0,0,0,0,1,0,134,0,95.5,0,0,0,1
22200,8.406,0.95595,2.4,0.45,0.6,8.406,1.05,7.3559,38.827,36.437,35.811,36.89,36.887,36.908,36.895,36.458,84.06,9.5595,24,4.5,6,84.06,10.5,73.559,3263.8,348.32,859.46,166.01,221.32,3102.4,387.4,2681.8,326.38,34.832,85.946,16.601,22.132,310.24,38.74,268.18,120,126,134,126,134,130,130,130,100,95,95,105,105,100,103,97,0,0,0,0,0,0,0,0,1,0,134,0,95.5,0,0,0,1
22800,8.406,0.95595,2.4,0.45,0.6,8.406,1.05,7.3559,38.827,36.437,35.811,36.89,36.887,36.908,36.895,36.458,84.06,9.5595,24,4.5,6,84.06,10.5,73.559,3263.8,348.32,859.46,166.01,221.32,3102.4,387.4,2681.8,326.38,34.832,85.946,16.601,22.132,310.24,38.74,268.18,120,126,134,126,134,130,130,130,100,95,95,105,105,100,103,97,0,0,0,0,0,0,0,0,1,0,134,0,95.5,0,0,0,1
23400,8.406,0.95595,2.4,0.45,0.6,8.406,1.05,7.3559,38.827,36.437,35.811,36.89,36.887,36.908,36.895,36.458,84.06,9.5595,24,4.5,6,84.06,10.5,73.559,3263.8,348.32,859.46,166.01,221.32,3102.4,387.4,2681.8,326.38,34.832,85.946,16.601,22.132,310.24,38.74,268.18,120,126,134,126,134,130,130,130,100,95,95,105,105,100,103,97,0,0,0,0,0,0,0,0,1,0,134,0,95.5,0,0,0,1
24000,8.406,0.95595,2.4,0.45,0.6,8.406,1.05,7.3559,38.827,36.437,35.811,36.89,36.887,36.908,36.895,36.458,84.06,9.5595,24,4.5,6,84.06,10.5,73.559,3263.8,348.32,859.46,166.01,221.32,3102.4,387.4,2681.8,326.38,34.832,85.946,16.601,22.132,310.24,38.74,268.18,120,126,134,126,134,130,130,130,100,95,95,105,105,100,103,97,0,0,0,0,0,0,0,0,1,0,134,0,95.5,0,0,0,1
24600,8.406,0.95595,2.4,0.45,0.6,8.406,1.05,7.3559,38.827,36.437,35.811,36.89,36.887,36.908,36.895,36.458,84.06,9.5595,24,4.5,6,84.06,10.5,73.559,3263.8,348.32,859.46,166.01,221.32,3102.4,387.4,2681.8,326.38,34.832,85.946,16.601,22.132,310.24,38.74,268.18,120,126,134,126,134,130,130,130,100,95,95,105,105,100,103,97,0,0,0,0,0,0,0,0,1,0,134,0,95.5,0,0,0,1
25200,9.05,1.2,2.8,0.45,0.6,9.05,1.05,8,44.366,41.608,40.914,42.148,42.144,42.165,42.153,41.64,90.5,12,28,4.5,6,90.5,10.5,80,4015.2,499.3,1145.6,189.67,252.87,3815.9,442.61,3331.2,401.52,49.93,114.56,18.967,25.287,381.59,44.261,333.12,120,126,134,126,134,130,130,130,100,95,95,105,105,100,103,97,0,0,0,0,0,0,0,0,1,0,134,0,95.5,0,0,0,1
25800,9.05,1.2,2.8,0.45,0.6,9.05,1.05,8,44.366,41.608,40.914,42.148,42.144,42.165,42.153,41.64,90.5,12,28,4.5,6,90.5,10.5,80,4015.2,499.3,1145.6,189.67,252.87,3815.9,442.61,3331.2,401.52,49.93,114.56,18.967,25.287,381.59,44.261,333.12,120,126,134,126,134,130,130,130,100,95,95,105,105,100,103,97,0,0,0,0,0,0,0,0,1,0,134,0,95.5,0,0,0,1
26400,9.05,1.2,2.8,0.45,0.6,9.05,1.05,8,44.366,41.608,40.914,42.148,42.144,42.165,42.153,41.64,90.5,12,28,4.5,6,90.5,10.5,80,4015.2,499.3,1145.6,189.67,252.87,3815.9,442.61,3331.2,401.52,49.93,114.56,18.967,25.287,381.59,44.261,333.12,120,126,134,126,134,130,130,130,100,95,95,105,105,100,103,97,0,0,0,0,0,0,0,0,1,0,134,0,95.5,0,0,0,1
27000,9.05,1.2,2.8,0.45,0.6,9.05,1.05,8,44.366,41.608,40.914,42.148,42.144,42.165,42.153,41.64,90.5,12,28,4.5,6,90.5,10.5,80,4015.2,499.3,1145.6,189.67,252.87,3815.9,442.61,3331.2,401.52,49.93,114.56,18.967,25.287,381.59,44.261,333.12,120,126,134,126,134,130,130,130,100,95,95,105,105,100,103,97,0,0,0,0,0,0,0,0,1,0,134,0,95.5,0,0,0,1
27600,9.05,1.2,2.8,0.45,0.6,9.05,1.05,8,44.366,41.608,40.914,42.148,42.144,42.165,42.153,41.64,90.5,12,28,4.5,6,90.5,10.5,80,4015.2,499.3,1145.6,189.67,252.87,3815.9,442.61,3331.2,401.52,49.93,114.56,18.967,25.287,381.59,44.261,333.12,120,126,134,126,134,130,130,130,100,95,95,105,105,100,103,97,0,0,0,0,0,0,0,0,1,0,134,0,95.5,0,0,0,1
28200,9.05,1.2,2.8,0.45,0.6,9.05,1.05,8,44.366,41.608,40.914,42.148,42.144,42.165,42.153,41.64,90.5,12,28,4.5,6,90.5,10.5,80,4015.2,499.3,1145.6,189.67,252.87,3815.9,442.61,3331.2,401.52,49.93,114.56,18.967,25.287,381.59,44.261,333.12,120,126,134,126,134,130,130,130,100,95,95,105,105,100,103,97,0,0,0,0,0,0,0,0,1,0,134,0,95.5,0,0,0,1
28800,10.254,1.6044,3.6,0.45,0.6,10.254,1.05,9.2044,51.483,47.974,47.131,48.692,48.688,48.709,48.697,48.028,102.54,16.044,36,4.5,6,102.54,10.5,92.044,5279.3,769.69,1696.7,219.11,292.13,4994.8,511.32,4420.6,527.93,76.969,169.67,21.911,29.213,499.48,51.132,442.06,120,126,134,126,134,130,130,130,100,95,95,105,105,100,103,97,0,0,0,0,0,0,0,0,1,0,134,0,95.5,0,0,0,1
29400,10.254,1.6044,3.6,0.45,0.6,10.254,1.05,9.2044,51.483,47.974,47.131,48.692,48.688,48.709,48.697,48.028,102.54,16.044,36,4.5,6,102.54,10.5,92.044,5279.3,769.69,1696.7,219.11,292.13,4994.8,511.32,4420.6,527.93,76.969,169.67,21.911,29.213,499.48,51.132,442.06,120,126,134,126,134,130,130,130,100,95,95,105,105,100,103,97,0,0,0,0,0,0,0,0,1,0,134,0,95.5,0,0,0,1
30000,10.254,1.6044,3.6,0.45,0.6,10.254,1.05,9.2044,51.483,47.974,47.131,48.692,48.688,48.709,48.697,48.028,102.54,16.044,36,4.5,6,102.54,10.5,92.044,5279.3,769.69,1696.7,219.11,292.13,4994.8,511.32,4420.6,527.93,76.969,169.67,21.911,29.213,499.48,51.132,442.06,120,126,134,126,134,130,130,130,100,95,95,105,105,100,103,97,0,0,0,0,0,0,0,0,1,0,134,0,95.5,0,0,0,1
30600,10.254,1.6044,3.6,0.45,0.6,10.254,1.05,9.2044,51.483,47.974,47.131,48.692,48.688,48.709,48.697,48.028,102.54,16.044,36,4.5,6,102.54,10.5,92.044,5279.3,769.69,1696.7,219.11,292.13,4994.8,511.32,4420.6,527.93,76.969,169.67,21.911,29.213,499.48,51.132,442.06,120,126,134,126,134,130,130,130,100,95,95,105,105,100,103,97,0,0,0,0,0,0,0,0,1,0,134,0,95.5,0,0,0,1
31200,10.254,1.6044,3.6,0.45,0.6,10.254,1.05,9.2044,51.483,47.974,47.131,48.692,48.688,48.709,48.697,48.028,102.54,16.044,36,4.5,6,102.54,10.5,92.044,5279.3,769.69,1696.7,219.11,292.13,4994.8,511.32,4420.6,527.93,76.969,169.67,21.911,29.213,499.48,51.132,442.06,120,126,134,126,134,130,130,130,100,95,95,105,105,100,103,97,0,0,0,0,0,0,0,0,1,0,134,0,95.5,0,0,0,1
31800,10.254,1.6044,3.6,0.45,0.6,10.254,1.05,9.2044,51.483,47.974,47.131,48.692,48.688,48.709,48.697,48.028,102.54,16.044,36,4.5,6,102.54,10.5,92.044,5279.3,769.69,1696.7,219.11,292.13,4994.8,511.32,4420.6,527.93,76.969,169.67,21.911,29.213,499.48,51.132,442.06,120,126,134,126,134,130,130,130,100,95,95,105,105,100,103,97,0,0,0,0,0,0,0,0,1,0,134,0,95.5,0,0,0,1
32400,11.149,2.1565,2.4,1.1111,1.4814,11.149,2.5925,8.5566,54.841,50.913,50.359,51.509,51.49,51.601,51.536,51.006,111.49,21.565,24,11.111,14.814,111.49,25.925,85.566,6114.2,1098,1208.6,572.29,762.77,5753,1336.1,4364.4,611.42,109.8,120.86,57.229,76.277,575.3,133.61,436.44,120,126,134,126,134,130,130,130,100,95,95,105,105,100,103,97,0,0,0,0,0,0,0,0,1,0,134,0,95.5,0,0,0,1
33000,11.149,2.1565,2.4,1.1111,1.4814,11.149,2.5925,8.5566,54.841,50.913,50.359,51.509,51.49,51.601,51.536,51.006,111.49,21.565,24,11.111,14.814,111.49,25.925,85.566,6114.2,1098,1208.6,572.29,762.77,5753,1336.1,4364.4,611.42,109.8,120.86,57.229,76.277,575.3,133.61,436.44,120,126,134,126,134,130,130,130,100,95,95,105,105,100,103,97,0,0,0,0,0,0,0,0,1,0,134,0,95.5,0,0,0,1
33600,11.149,2.1565,2.4,1.1111,1.4814,11.149,2.5925,8.5566,54.841,50.913,50.359,51.509,51.49,51.601,51.536,51.006,111.49,21.565,24,11.111,14.814,111.49,25.925,85.566,6114.2,1098,1208.6,572.29,762.77,5753,1336.1,4364.4,611.42,109.8,120.86,57.229,76.277,575.3,133.61,436.44,120,126,134,126,134,130,130,130,100,95,95,105,105,100,103,97,0,0,0,0,0,0,0,0,1,0,134,0,95.5,0,0,0,1
34200,11.149,2.1565,2.4,1.1111,1.4814,11.149,2.5925,8.5566,54.841,50.913,50.359,51.509,51.49,51.601,51.536,51.006,111.49,21.565,24,11.111,14.814,111.49,25.925,85.566,6114.2,1098,1208.6,572.29,762.77,5753,1336.1,4364.4,611.42,109.8,120.86,57.229,76.277,575.3,133.61,436.44,120,126,134,126,134,130,130,130,100,95,95,105,105,100,103,97,0,0,0,0,0,0,0,0,1,0,134,0,95.5,0,0,0,1
34800,11.149,2.1565,2.4,1.1111,1.4814,11.149,2.5925,8.5566,54.841,50.913,50.359,51.509,51.49,51.601,51.536,51.006,111.49,21.565,24,11.111,14.814,111.49,25.925,85.566,6114.2,1098,1208.6,572.29,762.77,5753,1336.1,4364.4,611.42,109.8,120.86,57.229,76.277,575.3,133.61,436.44,120,126,134,126,134,130,130,130,100,95,95,105,105,100,103,97,0,0,0,0,0,0,0,0,1,0,134,0,95.5,0,0,0,1
35400,11.149,2.1565,2.4,1.1111,1.4814,11.149,2.5925,8.5566,54.841,50.913,50.359,51.509,51.49,51.601,51.536,51.006,111.49,21.565,24,11.111,14.814,111.49,25.925,85.566,6114.2,1098,1208.6,572.29,762.77,5753,1336.1,4364.4,611.42,109.8,120.86,57.229,76.277,575.3,133.61,436.44,120,126,134,126,134,130,130,130,100,95,95,105,105,100,103,97,0,0,0,0,0,0,0,0,1,0,134,0,95.5,0,0,0,1
36000,14.138,2.6804,2,2.3389,3.1186,14.138,5.4576,8.6804,54.146,48.367,47.933,48.75,48.674,49.117,48.858,48.505,141.38,26.804,20,23.389,31.186,141.38,54.576,86.804,7655.1,1296.4,958.66,1140.2,1518,6944.1,2666.4,4210.4,765.51,129.64,95.866,114.02,151.8,694.41,266.64,421.04,120,126,134,126,134,130,130,130,100,95,95,105,105,100,103,97,0,0,0,0,0,0,0,0,1,0,134,0,95.5,0,0,0,1
36600,14.138,2.6804,2,2.3389,3.1186,14.138,5.4576,8.6804,54.146,48.367,47.933,48.75,48.674,49.117,48.858,48.505,141.38,26.804,20,23.389,31.186,141.38,54.576,86.804,7655.1,1296.4,958.66,1140.2,1518,6944.1,2666.4,4210.4,765.51,129.64,95.866,114.02,151.8,694.41,266.64,421.04,120,126,134,126,134,130,130,130,100,95,95,105,105,100,103,97,0,0,0,0,0,0,0,0,1,0,134,0,95.5,0,0,0,1
37200,14.138,2.6804,2,2.3389,3.1186,14.138,5.4576,8.6804,54.146,48.367,47.933,48.75,48.674,49.117,48.858,48.505,141.38,26.804,20,23.389,31.186,141.38,54.576,86.804,7655.1,1296.4,958.66,1140.2,1518,6944.1,2666.4,4210.4,765.51,129.64,95.866,114.02,151.8,694.41,266.64,421.04,120,126,134,126,134,130,130,130,100,95,95,105,105,100,103,97,0,0,0,0,0,0,0,0,1,0,134,0,95.5,0,0,0,1
37800,14.138,2.6804,2,2.3389,3.1186,14.138,5.4576,8.6804,54.146,48.367,47.933,48.75,48.674,49.117,48.858,48.505,141.38,26.804,20,23.389,31.186,141.38,54.576,86.804,7655.1,1296.4,958.66,1140.2,1518,6944.1,2666.4,4210.4,765.51,129.64,95.866,114.02,151.8,694.41,266.64,421.04,120,126,134,126,134,130,130,130,100,95,95,105,105,100,103,97,0,0,0,0,0,0,0,0,1,0,134,0,95.5,0,0,0,1
38400,14.138,2.6804,2,2.3389,3.1186,14.138,5.4576,8.6804,54.146,48.367,47.933,48.75,48.674,49.117,48.858,48.505,141.38,26.804,20,23.389,31.186,141.38,54.576,86.804,7655.1,1296.4,958.66,1140.2,1518,6944.1,2666.4,4210.4,765.51,129.64,95.866,114.02,151.8,694.41,266.64,421.04,120,126,134,126,134,130,130,130,100,95,95,105,105,100,103,97,0,0,0,0,0,0,0,0,1,0,134,0,95.5,0,0,0,1
39000,14.138,2.6804,2,2.3389,3.1186,14.138,5.4576,8.6804,54.146,48.367,47.933,48.75,48.674,49.117,48.858,48.505,141.38,26.804,20,23.389,31.186,141.38,54.576,86.804,7655.1,1296.4,958.66,1140.2,1518,6944.1,2666.4,4210.4,765.51,129.64,95.866,114.02,151.8,694.41,266.64,421.04,120,126,134,126,134,130,130,130,100,95,95,105,105,100,103,97,0,0,0,0,0,0,0,0,1,0,134,0,95.5,0,0,0,1
39600,16,3,2,3,4,16,7,9,52.973,45.824,45.423,46.068,45.947,46.649,46.238,45.995,160,30,20,30,40,160,70,90,8475.7,1374.7,908.46,1382,1837.9,7463.8,3236.7,4139.6,847.57,137.47,90.846,138.2,183.79,746.38,323.67,413.96,120,126,134,126,134,130,130,130,100,95,95,105,105,100,103,97,0,0,0,0,0,0,0,0,1,0,134,0,95.5,0,0,0,1
40200,16,3,2,3,4,16,7,9,52.973,45.824,45.423,46.068,45.947,46.649,46.238,45.995,160,30,20,30,40,160,70,90,8475.7,1374.7,908.46,1382,1837.9,7463.8,3236.7,4139.6,847.57,137.47,90.846,138.2,183.79,746.38,323.67,413.96,120,126,134,126,134,130,130,130,100,95,95,105,105,100,103,97,0,0,0,0,0,0,0,0,1,0,134,0,95.5,0,0,0,1
40800,16,3,2,3,4,16,7,9,52.973,45.824,45.423,46.068,45.947,46.649,46.238,45.995,160,30,20,30,40,160,70,90,8475.7,1374.7,908.46,1382,1837.9,7463.8,3236.7,4139.6,847.57,137.47,90.846,138.2,183.79,746.38,323.67,413.96,120,126,134,126,134,130,130,130,100,95,95,105,105,100,103,97,0,0,0,0,0,0,0,0,1,0,134,0,95.5,0,0,0,1
41400,16,3,2,3,4,16,7,9,52.973,45.824,45.423,46.068,45.947,46.649,46.238,45.995,160,30,20,30,40,160,70,90,8475.7,1374.7,908.46,1382,1837.9,7463.8,3236.7,4139.6,847.57,137.47,90.846,138.2,183.79,746.38,323.67,413.96,120,126,134,126,134,130,130,130,100,95,95,105,105,100,103,97,0,0,0,0,0,0,0,0,1,0,134,0,95.5,0,0,0,1
42000,16,3,2,3,4,16,7,9,52.973,45.824,45.423,46.068,45.947,46.649,46.238,45.995,160,30,20,30,40,160,70,90,8475.7,1374.7,908.46,1382,1837.9,7463.8,3236.7,4139.6,847.57,137.47,90.846,138.2,183.79,746.38,323.67,413.96,120,126,134,126,134,130,130,130,100,95,95,105,105,100,103,97,0,0,0,0,0,0,0,0,1,0,134,0,95.5,0,0,0,1
42600,16,3,2,3,4,16,7,9,52.973,45.824,45.423,46.068,45.947,46.649,46.238,45.995,160,30,20,30,40,160,70,90,8475.7,1374.7,908.46,1382,1837.9,7463.8,3236.7,4139.6,847.57,137.47,90.846,138.2,183.79,746.38,323.67,413.96,120,126,134,126,134,130,130,130,100,95,95,105,105,100,103,97,0,0,0,0,0,0,0,0,1,0,134,0,95.5,0,0,0,1
43200,16.695,3.1484,3,2.8056,3.7408,16.695,6.5464,10.148,51.619,43.774,43.194,44.264,44.158,44.777,44.415,43.961,166.95,31.484,30,28.056,37.408,166.95,65.464,101.48,8617.7,1378.2,1295.8,1241.9,1651.8,7475.5,2907.6,4461.3,861.77,137.82,129.58,124.19,165.18,747.55,290.76,446.13,120,126,134,126,134,130,130,130,100,95,95,105,105,100,103,97,0,0,0,0,0,0,0,0,1,0,134,0,95.5,0,0,0,1
43800,16.695,3.1484,3,2.8056,3.7408,16.695,6.5464,10.148,51.619,43.774,43.194,44.264,44.158,44.777,44.415,43.961,166.95,31.484,30,28.056,37.408,166.95,65.464,101.48,8617.7,1378.2,1295.8,1241.9,1651.8,7475.5,2907.6,4461.3,861.77,137.82,129.58,124.19,165.18,747.55,290.76,446.13,120,126,134,126,134,130,130,130,100,95,95,105,105,100,103,97,0,0,0,0,0,0,0,0,1,0,134,0,95.5,0,0,0,1
44400,16.695,3.1484,3,2.8056,3.7408,16.695,6.5464,10.148,51.619,43.774,43.194,44.264,44.158,44.777,44.415,43.961,166.95,31.484,30,28.056,37.408,166.95,65.464,101.48,8617.7,1378.2,1295.8,1241.9,1651.8,7475.5,2907.6,4461.3,861.77,137.82,129.58,124.19,165.18,747.55,290.76,446.13,120,126,134,126,134,130,130,130,100,95,95,105,105,100,103,97,0,0,0,0,0,0,0,0,1,0,134,0,95.5,0,0,0,1
45000,16.695,3.1484,3,2.8056,3.7408,16.695,6.5464,10.148,51.619,43.774,43.194,44.264,44.158,44.777,44.415,43.961,166.95,31.484,30,28.056,37.408,166.95,65.464,101.48,8617.7,1378.2,1295.8,1241.9,1651.8,7475.5,2907.6,4461.3,861.77,137.82,129.58,124.19,165.18,747.55,290.76,446.13,120,126,134,126,134,130,130,130,100,95,95,105,105,100,103,97,0,0,0,0,0,0,0,0,1,0,134,0,95.5,0,0,0,1
45600,16.695,3.1484,3,2.8056,3.7408,16.695,6.5464,10.148,51.619,43.774,43.194,44.264,44.158,44.777,44.415,43.961,166.95,31.484,30,28.056,37.408,166.95,65.464,101.48,8617.7,1378.2,1295.8,1241.9,1651.8,7475.5,2907.6,4461.3,861.77,137.82,129.58,124.19,165.18,747.55,290.76,446.13,120,126,134,126,134,130,130,130,100,95,95,105,105,100,103,97,0,0,0,0,0,0,0,0,1,0,134,0,95.5,0,0,0,1
46200,16.695,3.1484,3,2.8056,3.7408,16.695,6.5464,10.148,51.619,43.774,43.194,44.264,44.158,44.777,44.415,43.961,166.95,31.484,30,28.056,37.408,166.95,65.464,101.48,8617.7,1378.2,1295.8,1241.9,1651.8,7475.5,2907.6,4461.3,861.77,137.82,129.58,124.19,165.18,747.55,290.76,446.13,120,126,134,126,134,130,130,130,100,95,95,105,105,100,103,97,0,0,0,0,0,0,0,0,1,0,134,0,95.5,0,0,0,1
46800,16.561,3.2576,3.6,2.4444,3.2592,16.561,5.7036,10.858,48.836,40.971,40.274,41.698,41.615,42.096,41.815,41.17,165.61,32.576,36,24.444,32.592,165.61,57.036,108.58,8087.9,1334.7,1449.9,1019.3,1356.3,6971.5,2384.9,4470.1,808.79,133.47,144.99,101.93,135.63,697.15,238.49,447.01,120,126,134,126,134,130,130,130,100,95,95,105,105,100,103,97,0,0,0,0,0,0,0,0,1,0,134,0,95.5,0,0,0,1
47400,16.561,3.2576,3.6,2.4444,3.2592,16.561,5.7036,10.858,48.836,40.971,40.274,41.698,41.615,42.096,41.815,41.17,165.61,32.576,36,24.444,32.592,165.61,57.036,108.58,8087.9,1334.7,1449.9,1019.3,1356.3,6971.5,2384.9,4470.1,808.79,133.47,144.99,101.93,135.63,697.15,238.49,447.01,120,126,134,126,134,130,130,130,100,95,95,105,105,100,103,97,0,0,0,0,0,0,0,0,1,0,134,0,95.5,0,0,0,1
48000,16.561,3.2576,3.6,2.4444,3.2592,16.561,5.7036,10.858,48.836,40.971,40.274,41.698,41.615,42.096,41.815,41.17,165.61,32.576,36,24.444,32.592,165.61,57.036,108.58,8087.9,1334.7,1449.9,1019.3,1356.3,6971.5,2384.9,4470.1,808.79,133.47,144.99,101.93,135.63,697.15,238.49,447.01,120,126,134,126,134,130,130,130,100,95,95,105,105,100,103,97,0,0,0,0,0,0,0,0,1,0,134,0,95.5,0,0,0,1
48600,16.561,3.2576,3.6,2.4444,3.2592,16.561,5.7036,10.858,48.836,40.971,40.274,41.698,41.615,42.096,41.815,41.17,165.61,32.576,36,24.444,32.592,165.61,57.036,108.58,8087.9,1334.7,1449.9,1019.3,1356.3,6971.5,2384.9,4470.1,808.79,133.47,144.99,101.93,135.63,697.15,238.49,447.01,120,126,134,126,134,130,130,130,100,95,95,105,105,100,103,97,0,0,0,0,0,0,0,0,1,0,134,0,95.5,0,0,0,1
49200,16.561,3.2576,3.6,2.4444,3.2592,16.561,5.7036,10.858,48.836,40.971,40.274,41.698,41.615,42.096,41.815,41.17,165.61,32.576,36,24.444,32.592,165.61,57.036,108.58,8087.9,1334.7,1449.9,1019.3,1356.3,6971.5,2384.9,4470.1,808.79,133.47,144.99,101.93,135.63,697.15,238.49,447.01,120,126,134,126,134,130,130,130,100,95,95,105,105,100,103,97,0,0,0,0,0,0,0,0,1,0,134,0,95.5,0,0,0,1
49800,16.561,3.2576,3.6,2.4444,3.2592,16.561,5.7036,10.858,48.836,40.971,40.274,41.698,41.615,42.096,41.815,41.17,165.61,32.576,36,24.444,32.592,165.61,57.036,108.58,8087.9,1334.7,1449.9,1019.3,1356.3,6971.5,2384.9,4470.1,808.79,133.47,144.99,101.93,135.63,697.15,238.49,447.01,120,126,134,126,134,130,130,130,100,95,95,105,105,100,103,97,0,0,0,0,0,0,0,0,1,0,134,0,95.5,0,0,0,1
50400,16.75,3.3,4.2,2.25,3,16.75,5.25,11.5,44.154,36.037,35.206,36.929,36.858,37.27,37.029,36.241,167.5,33,42,22.5,30,167.5,52.5,115,7395.8,1189.2,1478.6,830.9,1105.8,6242.7,1944,4167.7,739.58,118.92,147.86,83.09,110.58,624.27,194.4,416.77,120,126,134,126,134,130,130,130,100,95,95,105,105,100,103,97,0,0,0,0,0,0,0,0,1,0,134,0,95.5,0,0,0,1
51000,16.75,3.3,4.2,2.25,3,16.75,5.25,11.5,44.154,36.037,35.206,36.929,36.858,37.27,37.029,36.241,167.5,33,42,22.5,30,167.5,52.5,115,7395.8,1189.2,1478.6,830.9,1105.8,6242.7,1944,4167.7,739.58,118.92,147.86,83.09,110.58,624.27,194.4,416.77,120,126,134,126,134,130,130,130,100,95,95,105,105,100,103,97,0,0,0,0,0,0,0,0,1,0,134,0,95.5,0,0,0,1
51600,16.75,3.3,4.2,2.25,3,16.75,5.25,11.5,44.154,36.037,35.206,36.929,36.858,37.27,37.029,36.241,167.5,33,42,22.5,30,167.5,52.5,115,7395.8,1189.2,1478.6,830.9,1105.8,6242.7,1944,4167.7,739.58,118.92,147.86,83.09,110.58,624.27,194.4,416.77,120,126,134,126,134,130,130,130,100,95,95,105,105,100,103,97,0,0,0,0,0,0,0,0,1,0,134,0,95.5,0,0,0,1
52200,16.75,3.3,4.2,2.25,3,16.75,5.25,11.5,44.154,36.037,35.206,36.929,36.858,37.27,37.029,36.241,167.5,33,42,22.5,30,167.5,52.5,115,7395.8,1189.2,1478.6,830.9,1105.8,6242.7,1944,4167.7,739.58,118.92,147.86,83.09,110.58,624.27,194.4,416.77,120,126,134,126,134,130,130,130,100,95,95,105,105,100,103,97,0,0,0,0,0,0,0,0,1,0,134,0,95.5,0,0,0,1
52800,16.75,3.3,4.2,2.25,3,16.75,5.25,11.5,44.154,36.037,35.206,36.929,36.858,37.27,37.029,36.241,167.5,33,42,22.5,30,167.5,52.5,115,7395.8,1189.2,1478.6,830.9,1105.8,6242.7,1944,4167.7,739.58,118.92,147.86,83.09,110.58,624.27,194.4,416.77,120,126,134,126,134,130,130,130,100,95,95,105,105,100,103,97,0,0,0,0,0,0,0,0,1,0,134,0,95.5,0,0,0,1
53400,16.75,3.3,4.2,2.25,3,16.75,5.25,11.5,44.154,36.037,35.206,36.929,36.858,37.27,37.029,36.241,167.5,33,42,22.5,30,167.5,52.5,115,7395.8,1189.2,1478.6,830.9,1105.8,6242.7,1944,4167.7,739.58,118.92,147.86,83.09,110.58,624.27,194.4,416.77,120,126,134,126,134,130,130,130,100,95,95,105,105,100,103,97,0,0,0,0,0,0,0,0,1,0,134,0,95.5,0,0,0,1
54000,17.856,2.95,5,2.5313,3.375,17.856,5.9063,11.95,40.704,31.684,30.614,32.53,32.442,32.954,32.655,31.849,178.56,29.5,50,25.313,33.75,178.56,59.063,119.5,7268.2,934.68,1530.7,823.42,1094.9,5884.4,1928.7,3806,726.82,93.468,153.07,82.342,109.49,588.44,192.87,380.6,120,126,134,126,134,130,130,130,100,95,95,105,105,100,103,97,0,0,0,0,0,0,0,0,1,0,134,0,95.5,0,0,0,1
54600,17.856,2.95,5,2.5313,3.375,17.856,5.9063,11.95,40.704,31.684,30.614,32.53,32.442,32.954,32.655,31.849,178.56,29.5,50,25.313,33.75,178.56,59.063,119.5,7268.2,934.68,1530.7,823.42,1094.9,5884.4,1928.7,3806,726.82,93.468,153.07,82.342,109.49,588.44,192.87,380.6,120,126,134,126,134,130,130,130,100,95,95,105,105,100,103,97,0,0,0,0,0,0,0,0,1,0,134,0,95.5,0,0,0,1
55200,17.856,2.95,5,2.5313,3.375,17.856,5.9063,11.95,40.704,31.684,30.614,32.53,32.442,32.954,32.655,31.849,178.56,29.5,50,25.313,33.75,178.56,59.063,119.5,7268.2,934.68,1530.7,823.42,1094.9,5884.4,1928.7,3806,726.82,93.468,153.07,82.342,109.49,588.44,192.87,380.6,120,126,134,126,134,130,130,130,100,95,95,105,105,100,103,97,0,0,0,0,0,0,0,0,1,0,134,0,95.5,0,0,0,1
55800,17.856,2.95,5,2.5313,3.375,17.856,5.9063,11.95,40.704,31.684,30.614,32.53,32.442,32.954,32.655,31.849,178.56,29.5,50,25.313,33.75,178.56,59.063,119.5,7268.2,934.68,1530.7,823.42,1094.9,5884.4,1928.7,3806,726.82,93.468,153.07,82.342,109.49,588.44,192.87,380.6,120,126,134,126,134,130,130,130,100,95,95,105,105,100,103,97,0,0,0,0,0,0,0,0,1,0,134,0,95.5,0,0,0,1
56400,17.856,2.95,5,2.5313,3.375,17.856,5.9063,11.95,40.704,31.684,30.614,32.53,32.442,32.954,32.655,31.849,178.56,29.5,50,25.313,33.75,178.56,59.063,119.5,7268.2,934.68,1530.7,823.42,1094.9,5884.4,1928.7,3806,726.82,93.468,153.07,82.342,109.49,588.44,192.87,380.6,120,126,134,126,134,130,130,130,100,95,95,105,105,100,103,97,0,0,0,0,0,0,0,0,1,0,134,0,95.5,0,0,0,1
57000,17.856,2.95,5,2.5313,3.375,17.856,5.9063,11.95,40.704,31.684,30.614,32.53,32.442,32.954,32.655,31.849,178.56,29.5,50,25.313,33.75,178.56,59.063,119.5,7268.2,934.68,1530.7,823.42,1094.9,5884.4,1928.7,3806,726.82,93.468,153.07,82.342,109.49,588.44,192.87,380.6,120,126,134,126,134,130,130,130,100,95,95,105,105,100,103,97,0,0,0,0,0,0,0,0,1,0,134,0,95.5,0,0,0,1
57600,19.25,2.3,5.6,3.15,4.2,19.25,7.35,11.9,42.759,32.651,31.36,33.216,33.084,33.852,33.403,32.756,192.5,23,56,31.5,42,192.5,73.5,119,8231.1,750.96,1756.2,1046.3,1389.5,6516.5,2455.1,3897.9,823.11,75.096,175.62,104.63,138.95,651.65,245.51,389.79,120,126,134,126,134,130,130,130,100,95,95,105,105,100,103,97,0,0,0,0,0,0,0,0,1,0,134,0,95.5,0,0,0,1
58200,19.25,2.3,5.6,3.15,4.2,19.25,7.35,11.9,42.759,32.651,31.36,33.216,33.084,33.852,33.403,32.756,192.5,23,56,31.5,42,192.5,73.5,119,8231.1,750.96,1756.2,1046.3,1389.5,6516.5,2455.1,3897.9,823.11,75.096,175.62,104.63,138.95,651.65,245.51,389.79,120,126,134,126,134,130,130,130,100,95,95,105,105,100,103,97,0,0,0,0,0,0,0,0,1,0,134,0,95.5,0,0,0,1
58800,19.25,2.3,5.6,3.15,4.2,19.25,7.35,11.9,42.759,32.651,31.36,33.216,33.084,33.852,33.403,32.756,192.5,23,56,31.5,42,192.5,73.5,119,8231.1,750.96,1756.2,1046.3,1389.5,6516.5,2455.1,3897.9,823.11,75.096,175.62,104.63,138.95,651.65,245.51,389.79,120,126,134,126,134,130,130,130,100,95,95,105,105,100,103,97,0,0,0,0,0,0,0,0,1,0,134,0,95.5,0,0,0,1
59400,19.25,2.3,5.6,3.15,4.2,19.25,7.35,11.9,42.759,32.651,31.36,33.216,33.084,33.852,33.403,32.756,192.5,23,56,31.5,42,192.5,73.5,119,8231.1,750.96,1756.2,1046.3,1389.5,6516.5,2455.1,3897.9,823.11,75.096,175.62,104.63,138.95,651.65,245.51,389.79,120,126,134,126,134,130,130,130,100,95,95,105,105,100,103,97,0,0,0,0,0,0,0,0,1,0,134,0,95.5,0,0,0,1
60000,19.25,2.3,5.6,3.15,4.2,19.25,7.35,11.9,42.759,32.651,31.36,33.216,33.084,33.852,33.403,32.756,192.5,23,56,31.5,42,192.5,73.5,119,8231.1,750.96,1756.2,1046.3,1389.5,6516.5,2455.1,3897.9,823.11,75.096,175.62,104.63,138.95,651.65,245.51,389.79,120,126,134,126,134,130,130,130,100,95,95,105,105,100,103,97,0,0,0,0,0,0,0,0,1,0,134,0,95.5,0,0,0,1
60600,19.25,2.3,5.6,3.15,4.2,19.25,7.35,11.9,42.759,32.651,31.36,33.216,33.084,33.852,33.403,32.756,192.5,23,56,31.5,42,192.5,73.5,119,8231.1,750.96,1756.2,1046.3,1389.5,6516.5,2455.1,3897.9,823.11,75.096,175.62,104.63,138.95,651.65,245.51,389.79,120,126,134,126,134,130,130,130,100,95,95,105,105,100,103,97,0,0,0,0,0,0,0,0,1,0,134,0,95.5,0,0,0,1
61200,20.744,1.95,6,3.7688,5.025,20.744,8.7937,11.95,47.008,35.597,34.166,35.892,35.708,36.779,36.153,35.674,207.44,19.5,60,37.688,50.25,207.44,87.937,119.5,9751.2,694.14,2050,1352.7,1794.4,7629.3,3179.2,4263,975.12,69.414,205,135.27,179.44,762.93,317.92,426.3,120,126,134,126,134,130,130,130,100,95,95,105,105,100,103,97,0,0,0,0,0,0,0,0,1,0,134,0,95.5,0,0,0,1
61800,20.744,1.95,6,3.7688,5.025,20.744,8.7937,11.95,47.008,35.597,34.166,35.892,35.708,36.779,36.153,35.674,207.44,19.5,60,37.688,50.25,207.44,87.937,119.5,9751.2,694.14,2050,1352.7,1794.4,7629.3,3179.2,4263,975.12,69.414,205,135.27,179.44,762.93,317.92,426.3,120,126,134,126,134,130,130,130,100,95,95,105,105,100,103,97,0,0,0,0,0,0,0,0,1,0,134,0,95.5,0,0,0,1
62400,20.744,1.95,6,3.7688,5.025,20.744,8.7937,11.95,47.008,35.597,34.166,35.892,35.708,36.779,36.153,35.674,207.44,19.5,60,37.688,50.25,207.44,87.937,119.5,9751.2,694.14,2050,1352.7,1794.4,7629.3,3179.2,4263,975.12,69.414,205,135.27,179.44,762.93,317.92,426.3,120,126,134,126,134,130,130,130,100,95,95,105,105,100,103,97,0,0,0,0,0,0,0,0,1,0,134,0,95.5,0,0,0,1
63000,20.744,1.95,6,3.7688,5.025,20.744,8.7937,11.95,47.008,35.597,34.166,35.892,35.708,36.779,36.153,35.674,207.44,19.5,60,37.688,50.25,207.44,87.937,119.5,9751.2,694.14,2050,1352.7,1794.4,7629.3,3179.2,4263,975.12,69.414,205,135.27,179.44,762.93,317.92,426.3,120,126,134,126,134,130,130,130,100,95,95,105,105,100,103,97,0,0,0,0,0,0,0,0,1,0,134,0,95.5,0,0,0,1
63600,20.744,1.95,6,3.7688,5.025,20.744,8.7937,11.95,47.008,35.597,34.166,35.892,35.708,36.779,36.153,35.674,207.44,19.5,60,37.688,50.25,207.44,87.937,119.5,9751.2,694.14,2050,1352.7,1794.4,7629.3,3179.2,4263,975.12,69.414,205,135.27,179.44,762.93,317.92,426.3,120,126,134,126,134,130,130,130,100,95,95,105,105,100,103,97,0,0,0,0,0,0,0,0,1,0,134,0,95.5,0,0,0,1
64200,20.744,1.95,6,3.7688,5.025,20.744,8.7937,11.95,47.008,35.597,34.166,35.892,35.708,36.779,36.153,35.674,207.44,19.5,60,37.688,50.25,207.44,87.937,119.5,9751.2,694.14,2050,1352.7,1794.4,7629.3,3179.2,4263,975.12,69.414,205,135.27,179.44,762.93,317.92,426.3,120,126,134,126,134,130,130,130,100,95,95,105,105,100,103,97,0,0,0,0,0,0,0,0,1,0,134,0,95.5,0,0,0,1
64800,21.233,2.1834,5.6,4.05,5.4,21.233,9.45,11.783,49.298,37.445,36.144,37.603,37.394,38.617,37.901,37.54,212.33,21.834,56,40.5,54,212.33,94.5,117.83,10468,817.58,2024.1,1522.9,2019.3,8199.7,3581.7,4423.5,1046.8,81.758,202.41,152.29,201.93,819.97,358.17,442.35,120,126,134,126,134,130,130,130,100,95,95,105,105,100,103,97,0,0,0,0,0,0,0,0,1,0,134,0,95.5,0,0,0,1
65400,21.233,2.1834,5.6,4.05,5.4,21.233,9.45,11.783,49.298,37.445,36.144,37.603,37.394,38.617,37.901,37.54,212.33,21.834,56,40.5,54,212.33,94.5,117.83,10468,817.58,2024.1,1522.9,2019.3,8199.7,3581.7,4423.5,1046.8,81.758,202.41,152.29,201.93,819.97,358.17,442.35,120,126,134,126,134,130,130,130,100,95,95,105,105,100,103,97,0,0,0,0,0,0,0,0,1,0,134,0,95.5,0,0,0,1
66000,21.233,2.1834,5.6,4.05,5.4,21.233,9.45,11.783,49.298,37.445,36.144,37.603,37.394,38.617,37.901,37.54,212.33,21.834,56,40.5,54,212.33,94.5,117.83,10468,817.58,2024.1,1522.9,2019.3,8199.7,3581.7,4423.5,1046.8,81.758,202.41,152.29,201.93,819.97,358.17,442.35,120,126,134,126,134,130,130,130,100,95,95,105,105,100,103,97,0,0,0,0,0,0,0,0,1,0,134,0,95.5,0,0,0,1
66600,21.233,2.1834,5.6,4.05,5.4,21.233,9.45,11.783,49.298,37.445,36.144,37.603,37.394,38.617,37.901,37.54,212.33,21.834,56,40.5,54,212.33,94.5,117.83,10468,817.58,2024.1,1522.9,2019.3,8199.7,3581.7,4423.5,1046.8,81.758,202.41,152.29,201.93,819.97,358.17,442.35,120,126,134,126,134,130,130,130,100,95,95,105,105,100,103,97,0,0,0,0,0,0,0,0,1,0,134,0,95.5,0,0,0,1
67200,21.233,2.1834,5.6,4.05,5.4,21.233,9.45,11.783,49.298,37.445,36.144,37.603,37.394,38.617,37.901,37.54,212.33,21.834,56,40.5,54,212.33,94.5,117.83,10468,817.58,2024.1,1522.9,2019.3,8199.7,3581.7,4423.5,1046.8,81.758,202.41,152.29,201.93,819.97,358.17,442.35,120,126,134,126,134,130,130,130,100,95,95,105,105,100,103,97,0,0,0,0,0,0,0,0,1,0,134,0,95.5,0,0,0,1
67800,21.233,2.1834,5.6,4.05,5.4,21.233,9.45,11.783,49.298,37.445,36.144,37.603,37.394,38.617,37.901,37.54,212.33,21.834,56,40.5,54,212.33,94.5,117.83,10468,817.58,2024.1,1522.9,2019.3,8199.7,3581.7,4423.5,1046.8,81.758,202.41,152.29,201.93,819.97,358.17,442.35,120,126,134,126,134,130,130,130,100,95,95,105,105,100,103,97,0,0,0,0,0,0,0,0,1,0,134,0,95.5,0,0,0,1
68400,18.249,2.6166,5.2,2.8659,3.5662,18.249,6.4321,11.817,43.884,34.601,33.446,35.308,35.23,35.816,35.465,34.734,182.49,26.166,52,28.659,35.662,182.49,64.321,118.17,8008.3,905.38,1739.2,1011.9,1256.4,6536,2281.2,4104.4,800.83,90.538,173.92,101.19,125.64,653.6,228.12,410.44,120,126,134,126,134,130,130,130,100,95,95,105,105,100,103,97,0,0,0,0,0,0,0,0,1,0,134,0,95.5,0,0,0,1
69000,18.249,2.6166,5.2,2.8659,3.5662,18.249,6.4321,11.817,43.884,34.601,33.446,35.308,35.23,35.816,35.465,34.734,182.49,26.166,52,28.659,35.662,182.49,64.321,118.17,8008.3,905.38,1739.2,1011.9,1256.4,6536,2281.2,4104.4,800.83,90.538,173.92,101.19,125.64,653.6,228.12,410.44,120,126,134,126,134,130,130,130,100,95,95,105,105,100,103,97,0,0,0,0,0,0,0,0,1,0,134,0,95.5,0,0,0,1
69600,18.249,2.6166,5.2,2.8659,3.5662,18.249,6.4321,11.817,43.884,34.601,33.446,35.308,35.23,35.816,35.465,34.734,182.49,26.166,52,28.659,35.662,182.49,64.321,118.17,8008.3,905.38,1739.2,1011.9,1256.4,6536,2281.2,4104.4,800.83,90.538,173.92,101.19,125.64,653.6,228.12,410.44,120,126,134,126,134,130,130,130,100,95,95,105,105,100,103,97,0,0,0,0,0,0,0,0,1,0,134,0,95.5,0,0,0,1
70200,18.249,2.6166,5.2,2.8659,3.5662,18.249,6.4321,11.817,43.884,34.601,33.446,35.308,35.23,35.816,35.465,34.734,182.49,26.166,52,28.659,35.662,182.49,64.321,118.17,8008.3,905.38,1739.2,1011.9,1256.4,6536,2281.2,4104.4,800.83,90.538,173.92,101.19,125.64,653.6,228.12,410.44,120,126,134,126,134,130,130,130,100,95,95,105,105,100,103,97,0,0,0,0,0,0,0,0,1,0,134,0,95.5,0,0,0,1
70800,18.249,2.6166,5.2,2.8659,3.5662,18.249,6.4321,11.817,43.884,34.601,33.446,35.308,35.23,35.816,35.465,34.734,182.49,26.166,52,28.659,35.662,182.49,64.321,118.17,8008.3,905.38,1739.2,1011.9,1256.4,6536,2281.2,4104.4,800.83,90.538,173.92,101.19,125.64,653.6,228.12,410.44,120,126,134,126,134,130,130,130,100,95,95,105,105,100,103,97,0,0,0,0,0,0,0,0,1,0,134,0,95.5,0,0,0,1
71400,18.249,2.6166,5.2,2.8659,3.5662,18.249,6.4321,11.817,43.884,34.601,33.446,35.308,35.23,35.816,35.465,34.734,182.49,26.166,52,28.659,35.662,182.49,64.321,118.17,8008.3,905.38,1739.2,1011.9,1256.4,6536,2281.2,4104.4,800.83,90.538,173.92,101.19,125.64,653.6,228.12,410.44,120,126,134,126,134,130,130,130,100,95,95,105,105,100,103,97,0,0,0,0,0,0,0,0,1,0,134,0,95.5,0,0,0,1
72000,13.95,2.85,4,1.5,1.6,13.95,3.1,10.85,38.388,32.403,31.57,33.344,33.338,33.482,33.391,32.558,139.5,28.5,40,15,16,139.5,31,108.5,5355.1,923.48,1262.8,500.16,533.41,4670.8,1035.1,3532.6,535.51,92.348,126.28,50.016,53.341,467.08,103.51,353.26,120,126,134,126,134,130,130,130,100,95,95,105,105,100,103,97,0,0,0,0,0,0,0,0,1,0,134,0,95.5,0,0,0,1
72600,13.95,2.85,4,1.5,1.6,13.95,3.1,10.85,38.388,32.403,31.57,33.344,33.338,33.482,33.391,32.558,139.5,28.5,40,15,16,139.5,31,108.5,5355.1,923.48,1262.8,500.16,533.41,4670.8,1035.1,3532.6,535.51,92.348,126.28,50.016,53.341,467.08,103.51,353.26,120,126,134,126,134,130,130,130,100,95,95,105,105,100,103,97,0,0,0,0,0,0,0,0,1,0,134,0,95.5,0,0,0,1
73200,13.95,2.85,4,1.5,1.6,13.95,3.1,10.85,38.388,32.403,31.57,33.344,33.338,33.482,33.391,32.558,139.5,28.5,40,15,16,139.5,31,108.5,5355.1,923.48,1262.8,500.16,533.41,4670.8,1035.1,3532.6,535.51,92.348,126.28,50.016,53.341,467.08,103.51,353.26,120,126,134,126,134,130,130,130,100,95,95,105,105,100,103,97,0,0,0,0,0,0,0,0,1,0,134,0,95.5,0,0,0,1
73800,13.95,2.85,4,1.5,1.6,13.95,3.1,10.85,38.388,32.403,31.57,33.344,33.338,33.482,33.391,32.558,139.5,28.5,40,15,16,139.5,31,108.5,5355.1,923.48,1262.8,500.16,533.41,4670.8,1035.1,3532.6,535.51,92.348,126.28,50.016,53.341,467.08,103.51,353.26,120,126,134,126,134,130,130,130,100,95,95,105,105,100,103,97,0,0,0,0,0,0,0,0,1,0,134,0,95.5,0,0,0,1
74400,13.95,2.85,4,1.5,1.6,13.95,3.1,10.85,38.388,32.403,31.57,33.344,33.338,33.482,33.391,32.558,139.5,28.5,40,15,16,139.5,31,108.5,5355.1,923.48,1262.8,500.16,533.41,4670.8,1035.1,3532.6,535.51,92.348,126.28,50.016,53.341,467.08,103.51,353.26,120,126,134,126,134,130,130,130,100,95,95,105,105,100,103,97,0,0,0,0,0,0,0,0,1,0,134,0,95.5,0,0,0,1
75000,13.95,2.85,4,1.5,1.6,13.95,3.1,10.85,38.388,32.403,31.57,33.344,33.338,33.482,33.391,32.558,139.5,28.5,40,15,16,139.5,31,108.5,5355.1,923.48,1262.8,500.16,533.41,4670.8,1035.1,3532.6,535.51,92.348,126.28,50.016,53.341,467.08,103.51,353.26,120,126,134,126,134,130,130,130,100,95,95,105,105,100,103,97,0,0,0,0,0,0,0,0,1,0,134,0,95.5,0,0,0,1
75600,11.134,2.5722,2,1.1829,1.3788,11.134,2.5617,8.5722,41.241,37.284,36.84,37.915,37.905,38.01,37.946,37.412,111.34,25.722,20,11.829,13.788,111.34,25.617,85.722,4591.7,959.02,736.81,448.5,522.64,4232,972.06,3207.1,459.17,95.902,73.681,44.85,52.264,423.2,97.206,320.71,120,126,134,126,134,130,130,130,100,95,95,105,105,100,103,97,0,0,0,0,0,0,0,0,1,0,134,0,95.5,0,0,0,1
76200,11.134,2.5722,2,1.1829,1.3788,11.134,2.5617,8.5722,41.241,37.284,36.84,37.915,37.905,38.01,37.946,37.412,111.34,25.722,20,11.829,13.788,111.34,25.617,85.722,4591.7,959.02,736.81,448.5,522.64,4232,972.06,3207.1,459.17,95.902,73.681,44.85,52.264,423.2,97.206,320.71,120,126,134,126,134,130,130,130,100,95,95,105,105,100,103,97,0,0,0,0,0,0,0,0,1,0,134,0,95.5,0,0,0,1
76800,11.134,2.5722,2,1.1829,1.3788,11.134,2.5617,8.5722,41.241,37.284,36.84,37.915,37.905,38.01,37.946,37.412,111.34,25.722,20,11.829,13.788,111.34,25.617,85.722,4591.7,959.02,736.81,448.5,522.64,4232,972.06,3207.1,459.17,95.902,73.681,44.85,52.264,423.2,97.206,320.71,120,126,134,126,134,130,130,130,100,95,95,105,105,100,103,97,0,0,0,0,0,0,0,0,1,0,134,0,95.5,0,0,0,1
77400,11.134,2.5722,2,1.1829,1.3788,11.134,2.5617,8.5722,41.241,37.284,36.84,37.915,37.905,38.01,37.946,37.412,111.34,25.722,20,11.829,13.788,111.34,25.617,85.722,4591.7,959.02,736.81,448.5,522.64,4232,972.06,3207.1,459.17,95.902,73.681,44.85,52.264,423.2,97.206,320.71,120,126,134,126,134,130,130,130,100,95,95,105,105,100,103,97,0,0,0,0,0,0,0,0,1,0,134,0,95.5,0,0,0,1
78000,11.134,2.5722,2,1.1829,1.3788,11.134,2.5617,8.5722,41.241,37.284,36.84,37.915,37.905,38.01,37.946,37.412,111.34,25.722,20,11.829,13.788,111.34,25.617,85.722,4591.7,959.02,736.81,448.5,522.64,4232,972.06,3207.1,459.17,95.902,73.681,44.85,52.264,423.2,97.206,320.71,120,126,134,126,134,130,130,130,100,95,95,105,105,100,103,97,0,0,0,0,0,0,0,0,1,0,134,0,95.5,0,0,0,1
78600,11.134,2.5722,2,1.1829,1.3788,11.134,2.5617,8.5722,41.241,37.284,36.84,37.915,37.905,38.01,37.946,37.412,111.34,25.722,20,11.829,13.788,111.34,25.617,85.722,4591.7,959.02,736.81,448.5,522.64,4232,972.06,3207.1,459.17,95.902,73.681,44.85,52.264,423.2,97.206,320.71,120,126,134,126,134,130,130,130,100,95,95,105,105,100,103,97,0,0,0,0,0,0,0,0,1,0,134,0,95.5,0,0,0,1
79200,9.0476,1.8278,1,0.97485,1.245,9.0476,2.2199,6.8278,45.849,43.189,42.852,43.579,43.567,43.649,43.6,43.257,90.476,18.278,10,9.7485,12.45,90.476,22.199,68.278,4148.3,789.39,428.52,424.83,542.4,3949.2,967.86,2953.5,414.83,78.939,42.852,42.483,54.24,394.92,96.786,295.35,120,126,134,126,134,130,130,130,100,95,95,105,105,100,103,97,0,0,0,0,0,0,0,0,1,0,134,0,95.5,0,0,0,1
79800,9.0476,1.8278,1,0.97485,1.245,9.0476,2.2199,6.8278,45.849,43.189,42.852,43.579,43.567,43.649,43.6,43.257,90.476,18.278,10,9.7485,12.45,90.476,22.199,68.278,4148.3,789.39,428.52,424.83,542.4,3949.2,967.86,2953.5,414.83,78.939,42.852,42.483,54.24,394.92,96.786,295.35,120,126,134,126,134,130,130,130,100,95,95,105,105,100,103,97,0,0,0,0,0,0,0,0,1,0,134,0,95.5,0,0,0,1
80400,9.0476,1.8278,1,0.97485,1.245,9.0476,2.2199,6.8278,45.849,43.189,42.852,43.579,43.567,43.649,43.6,43.257,90.476,18.278,10,9.7485,12.45,90.476,22.199,68.278,4148.3,789.39,428.52,424.83,542.4,3949.2,967.86,2953.5,414.83,78.939,42.852,42.483,54.24,394.92,96.786,295.35,120,126,134,126,134,130,130,130,100,95,95,105,105,100,103,97,0,0,0,0,0,0,0,0,1,0,134,0,95.5,0,0,0,1
81000,9.0476,1.8278,1,0.97485,1.245,9.0476,2.2199,6.8278,45.849,43.189,42.852,43.579,43.567,43.649,43.6,43.257,90.476,18.278,10,9.7485,12.45,90.476,22.199,68.278,4148.3,789.39,428.52,424.83,542.4,3949.2,967.86,2953.5,414.83,78.939,42.852,42.483,54.24,394.92,96.786,295.35,120,126,134,126,134,130,130,130,100,95,95,105,105,100,103,97,0,0,0,0,0,0,0,0,1,0,134,0,95.5,0,0,0,1
81600,9.0476,1.8278,1,0.97485,1.245,9.0476,2.2199,6.8278,45.849,43.189,42.852,43.579,43.567,43.649,43.6,43.257,90.476,18.278,10,9.7485,12.45,90.476,22.199,68.278,4148.3,789.39,428.52,424.83,542.4,3949.2,967.86,2953.5,414.83,78.939,42.852,42.483,54.24,394.92,96.786,295.35,120,126,134,126,134,130,130,130,100,95,95,105,105,100,103,97,0,0,0,0,0,0,0,0,1,0,134,0,95.5,0,0,0,1
82200,9.0476,1.8278,1,0.97485,1.245,9.0476,2.2199,6.8278,45.849,43.189,42.852,43.579,43.567,43.649,43.6,43.257,90.476,18.278,10,9.7485,12.45,90.476,22.199,68.278,4148.3,789.39,428.52,424.83,542.4,3949.2,967.86,2953.5,414.83,78.939,42.852,42.483,54.24,394.92,96.786,295.35,120,126,134,126,134,130,130,130,100,95,95,105,105,100,103,97,0,0,0,0,0,0,0,0,1,0,134,0,95.5,0,0,0,1
82800,7.45,0.75,0.6,0.9,1.2,7.45,2.1,5.35,53.032,51.234,50.9,51.434,51.421,51.496,51.452,51.247,74.5,7.5,6,9,12,74.5,21,53.5,3950.9,384.25,305.4,462.9,617.05,3836.5,1080.5,2741.7,395.09,38.425,30.54,46.29,61.705,383.65,108.05,274.17,120,126,134,126,134,130,130,130,100,95,95,105,105,100,103,97,0,0,0,0,0,0,0,0,1,0,134,0,95.5,0,0,0,1
83400,7.45,0.75,0.6,0.9,1.2,7.45,2.1,5.35,53.032,51.234,50.9,51.434,51.421,51.496,51.452,51.247,74.5,7.5,6,9,12,74.5,21,53.5,3950.9,384.25,305.4,462.9,617.05,3836.5,1080.5,2741.7,395.09,38.425,30.54,46.29,61.705,383.65,108.05,274.17,120,126,134,126,134,130,130,130,100,95,95,105,105,100,103,97,0,0,0,0,0,0,0,0,1,0,134,0,95.5,0,0,0,1
84000,7.45,0.75,0.6,0.9,1.2,7.45,2.1,5.35,53.032,51.234,50.9,51.434,51.421,51.496,51.452,51.247,74.5,7.5,6,9,12,74.5,21,53.5,3950.9,384.25,305.4,462.9,617.05,3836.5,1080.5,2741.7,395.09,38.425,30.54,46.29,61.705,383.65,108.05,274.17,120,126,134,126,134,130,130,130,100,95,95,105,105,100,103,97,0,0,0,0,0,0,0,0,1,0,134,0,95.5,0,0,0,1
84600,7.45,0.75,0.6,0.9,1.2,7.45,2.1,5.35,53.032,51.234,50.9,51.434,51.421,51.496,51.452,51.247,74.5,7.5,6,9,12,74.5,21,53.5,3950.9,384.25,305.4,462.9,617.05,3836.5,1080.5,2741.7,395.09,38.425,30.54,46.29,61.705,383.65,108.05,274.17,120,126,134,126,134,130,130,130,100,95,95,105,105,100,103,97,0,0,0,0,0,0,0,0,1,0,134,0,95.5,0,0,0,1
85200,7.45,0.75,0.6,0.9,1.2,7.45,2.1,5.35,53.032,51.234,50.9,51.434,51.421,51.496,51.452,51.247,74.5,7.5,6,9,12,74.5,21,53.5,3950.9,384.25,305.4,462.9,617.05,3836.5,1080.5,2741.7,395.09,38.425,30.54,46.29,61.705,383.65,108.05,274.17,120,126,134,126,134,130,130,130,100,95,95,105,105,100,103,97,0,0,0,0,0,0,0,0,1,0,134,0,95.5,0,0,0,1
85800,7.45,0.75,0.6,0.9,1.2,7.45,2.1,5.35,53.032,51.234,50.9,51.434,51.421,51.496,51.452,51.247,74.5,7.5,6,9,12,74.5,21,53.5,3950.9,384.25,305.4,462.9,617.05,3836.5,1080.5,2741.7,395.09,38.425,30.54,46.29,61.705,383.65,108.05,274.17,120,126,134,126,134,130,130,130,100,95,95,105,105,100,103,97,0,0,0,0,0,0,0,0,1,0,134,0,95.5,0,0,0,1
86400,6.1,0.15,0.2,0.75,1,6.1,1.75,4.35,35.295,34.064,33.772,34.19,34.181,34.235,34.203,34.065,61,1.5,2,7.5,10,61,17.5,43.5,2153,51.096,67.545,256.43,341.81,2088.3,598.56,1481.8,215.3,5.1096,6.7545,25.643,34.181,208.83,59.856,148.18,120,126,134,126,134,130,130,130,100,95,95,105,105,100,103,97,0,0,0,0,0,0,0,0,1,0,134,0,95.5,0,0,0,1
