0,1.05,0.3,0.4,0.15,0.2,1.05,0.35,0.7,53.808,53.759,53.758,53.765,53.765,53.768,53.766,53.762,10.5,3,4,1.5,2,10.5,3.5,7,564.99,161.28,215.03,80.648,107.53,564.56,188.18,376.33,56.499,16.128,21.503,8.0648,10.753,56.456,18.818,37.633,120,126,134,126,134,130,130,130,100,95,95,105,105,100,103,97,0,0,0,0,0,0,0,0,0,0,0,0,0,0,0,0,1
600,1.05,0.3,0.4,0.15,0.2,1.05,0.35,0.7,53.808,53.759,53.758,53.765,53.765,53.768,53.766,53.762,10.5,3,4,1.5,2,10.5,3.5,7,564.99,161.28,215.03,80.648,107.53,564.56,188.18,376.33,56.499,16.128,21.503,8.0648,10.753,56.456,18.818,37.633,120,126,134,126,134,130,130,130,100,95,95,105,105,100,103,97,0,0,0,0,0,0,0,0,0,0,0,0,0,0,0,0,1
1200,1.05,0.3,0.4,0.15,0.2,1.05,0.35,0.7,53.808,53.759,53.758,53.765,53.765,53.768,53.766,53.762,10.5,3,4,1.5,2,10.5,3.5,7,564.99,161.28,215.03,80.648,107.53,564.56,188.18,376.33,56.499,16.128,21.503,8.0648,10.753,56.456,18.818,37.633,120,126,134,126,134,130,130,130,100,95,95,105,105,100,103,97,0,0,0,0,0,0,0,0,0,0,0,0,0,0,0,0,1
1800,1.05,0.3,0.4,0.15,0.2,1.05,0.35,0.7,53.808,53.759,53.758,53.765,53.765,53.768,53.766,53.762,10.5,3,4,1.5,2,10.5,3.5,7,564.99,161.28,215.03,80.648,107.53,564.56,188.18,376.33,56.499,16.128,21.503,8.0648,10.753,56.456,18.818,37.633,120,126,134,126,134,130,130,130,100,95,95,105,105,100,103,97,0,0,0,0,0,0,0,0,0,0,0,0,0,0,0,0,1
2400,1.05,0.3,0.4,0.15,0.2,1.05,0.35,0.7,53.808,53.759,53.758,53.765,53.765,53.768,53.766,53.762,10.5,3,4,1.5,2,10.5,3.5,7,564.99,161.28,215.03,80.648,107.53,564.56,188.18,376.33,56.499,16.128,21.503,8.0648,10.753,56.456,18.818,37.633,120,126,134,126,134,130,130,130,100,95,95,105,105,100,103,97,0,0,0,0,0,0,0,0,0,0,0,0,0,0,0,0,1
3000,1.05,0.3,0.4,0.15,0.2,1.05,0.35,0.7,53.808,53.759,53.758,53.765,53.765,53.768,53.766,53.762,10.5,3,4,1.5,2,10.5,3.5,7,564.99,161.28,215.03,80.648,107.53,564.56,188.18,376.33,56.499,16.128,21.503,8.0648,10.753,56.456,18.818,37.633,120,126,134,126,134,130,130,130,100,95,95,105,105,100,103,97,0,0,0,0,0,0,0,0,0,0,0,0,0,0,0,0,1
3600,1.3786,0.31995,0.6044,0.15,0.3042,1.3786,0.4542,0.92435,56.106,56.027,56.021,56.036,56.034,56.039,56.036,56.029,13.786,3.1995,6.044,1.5,3.042,13.786,4.542,9.2435,773.46,179.26,338.59,84.054,170.46,772.53,254.52,517.91,77.346,17.926,33.859,8.4054,17.046,77.253,25.452,51.791,120,126,134,126,134,130,130,130,100,95,95,105,105,100,103,97,0,0,0,0,0,0,0,0,0,0,0,0,0,0,0,0,1
4200,1.3786,0.31995,0.6044,0.15,0.3042,1.3786,0.4542,0.92435,56.106,56.027,56.021,56.036,56.034,56.039,56.036,56.029,13.786,3.1995,6.044,1.5,3.042,13.786,4.542,9.2435,773.46,179.26,338.59,84.054,170.46,772.53,254.52,517.91,77.346,17.926,33.859,8.4054,17.046,77.253,25.452,51.791,120,126,134,126,134,130,130,130,100,95,95,105,105,100,103,97,0,0,0,0,0,0,0,0,0,0,0,0,0,0,0,0,1
4800,1.3786,0.31995,0.6044,0.15,0.3042,1.3786,0.4542,0.92435,56.106,56.027,56.021,56.036,56.034,56.039,56.036,56.029,13.786,3.1995,6.044,1.5,3.042,13.786,4.542,9.2435,773.46,179.26,338.59,84.054,170.46,772.53,254.52,517.91,77.346,17.926,33.859,8.4054,17.046,77.253,25.452,51.791,120,126,134,126,134,130,130,130,100,95,95,105,105,100,103,97,0,0,0,0,0,0,0,0,0,0,0,0,0,0,0,0,1
5400,1.3786,0.31995,0.6044,0.15,0.3042,1.3786,0.4542,0.92435,56.106,56.027,56.021,56.036,56.034,56.039,56.036,56.029,13.786,3.1995,6.044,1.5,3.042,13.786,4.542,9.2435,773.46,179.26,338.59,84.054,170.46,772.53,254.52,517.91,77.346,17.926,33.859,8.4054,17.046,77.253,25.452,51.791,120,126,134,126,134,130,130,130,100,95,95,105,105,100,103,97,0,0,0,0,0,0,0,0,0,0,0,0,0,0,0,0,1
6000,1.3786,0.31995,0.6044,0.15,0.3042,1.3786,0.4542,0.92435,56.106,56.027,56.021,56.036,56.034,56.039,56.036,56.029,13.786,3.1995,6.044,1.5,3.042,13.786,4.542,9.2435,773.46,179.26,338.59,84.054,170.46,772.53,254.52,517.91,77.346,17.926,33.859,8.4054,17.046,77.253,25.452,51.791,120,126,134,126,134,130,130,130,100,95,95,105,105,100,103,97,0,0,0,0,0,0,0,0,0,0,0,0,0,0,0,0,1
6600,1.3786,0.31995,0.6044,0.15,0.3042,1.3786,0.4542,0.92435,56.106,56.027,56.021,56.036,56.034,56.039,56.036,56.029,13.786,3.1995,6.044,1.5,3.042,13.786,4.542,9.2435,773.46,179.26,338.59,84.054,170.46,772.53,254.52,517.91,77.346,17.926,33.859,8.4054,17.046,77.253,25.452,51.791,120,126,134,126,134,130,130,130,100,95,95,105,105,100,103,97,0,0,0,0,0,0,0,0,0,0,0,0,0,0,0,0,1
7200,1.6396,0.3768,0.8176,-0.00048288,0.4444,1.6396,0.44517,1.1944,56.806,56.693,56.682,56.71,56.705,56.713,56.71,56.697,16.396,3.768,8.176,-0.0048288,4.444,16.396,4.4517,11.944,931.37,213.62,463.43,-0.27384,252,929.84,252.45,677.19,93.137,21.362,46.343,-0.027384,25.2,92.984,25.245,67.719,120,126,134,126,134,130,130,130,100,95,95,105,105,100,103,97,0,0,0,0,0,0,0,0,0,0,0,0,0,0,0,0,1
7800,1.6388,0.3768,0.8176,-2.2543e-12,0.4444,1.6388,0.4444,1.1944,56.806,56.694,56.682,56.71,56.705,56.713,56.71,56.697,16.388,3.768,8.176,-2.2543e-11,4.444,16.388,4.444,11.944,930.94,213.62,463.43,-1.2784e-09,252,929.41,252.02,677.19,93.094,21.362,46.343,-1.2784e-10,25.2,92.941,25.202,67.719,120,126,134,126,134,130,130,130,100,95,95,105,105,100,103,97,0,0,0,0,0,0,0,0,0,0,0,0,0,0,0,0,1
8400,1.639,0.3768,0.8176,-9.3569e-19,0.4444,1.639,0.44457,1.1944,56.806,56.694,56.682,56.71,56.705,56.713,56.71,56.697,16.39,3.768,8.176,-9.3569e-18,4.444,16.39,4.4457,11.944,931.03,213.62,463.43,-5.3063e-16,252,929.51,252.12,677.19,93.103,21.362,46.343,-5.3063e-17,25.2,92.951,25.212,67.719,120,126,134,126,134,130,130,130,100,95,95,105,105,100,103,97,0,0,0,0,0,0,0,0,0,0,0,0,0,0,0,0,1
9000,1.6386,0.3768,0.8176,-1.6121e-31,0.4444,1.6386,0.44423,1.1944,56.806,56.694,56.682,56.711,56.706,56.713,56.711,56.697,16.386,3.768,8.176,-1.6121e-30,4.444,16.386,4.4423,11.944,930.84,213.62,463.43,-9.1424e-29,252,929.32,251.93,677.19,93.084,21.362,46.343,-9.1424e-30,25.2,92.932,25.193,67.719,120,126,134,126,134,130,130,130,100,95,95,105,105,100,103,97,0,0,0,0,0,0,0,0,0,0,0,0,0,0,0,0,1
9600,1.6392,0.3768,0.8176,0.00048288,0.4444,1.6392,0.44476,1.1944,56.806,56.694,56.682,56.71,56.705,56.713,56.71,56.697,16.392,3.768,8.176,0.0048288,4.444,16.392,4.4476,11.944,931.14,213.62,463.43,0.27385,252,929.61,252.22,677.19,93.114,21.362,46.343,0.027385,25.2,92.961,25.222,67.719,120,126,134,126,134,130,130,130,100,95,95,105,105,100,103,97,0,0,0,0,0,0,0,0,0,0,0,0,0,0,0,0,1
10200,1.6388,0.3768,0.8176,2.5792e-10,0.4444,1.6388,0.4444,1.1944,56.806,56.694,56.682,56.71,56.705,56.713,56.71,56.697,16.388,3.768,8.176,2.5792e-09,4.444,16.388,4.444,11.944,930.94,213.62,463.43,1.4627e-07,252,929.41,252.02,677.19,93.094,21.362,46.343,1.4627e-08,25.2,92.941,25.202,67.719,120,126,134,126,134,130,130,130,100,95,95,105,105,100,103,97,0,0,0,0,0,0,0,0,0,0,0,0,0,0,0,0,1
10800,2.1173,0.4659,1.039,-1.63e-09,0.6124,2.1173,0.6124,1.5049,56.141,55.963,55.944,55.988,55.979,55.992,55.988,55.968,21.173,4.659,10.39,-1.63e-08,6.124,21.173,6.124,15.049,1188.7,260.73,581.26,-9.1262e-07,342.81,1185.5,342.87,842.27,118.87,26.073,58.126,-9.1262e-08,34.281,118.55,34.287,84.227,120,126,134,126,134,130,130,130,100,95,95,105,105,100,103,97,0,0,0,0,0,0,0,0,0,0,0,0,0,0,0,0,1
11400,2.1173,0.4659,1.039,7.7156e-06,0.6124,2.1173,0.61239,1.5049,56.141,55.963,55.944,55.988,55.979,55.992,55.988,55.968,21.173,4.659,10.39,7.7156e-05,6.124,21.173,6.1239,15.049,1188.7,260.73,581.26,0.0043198,342.81,1185.5,342.86,842.27,118.87,26.073,58.126,0.00043198,34.281,118.55,34.286,84.227,120,126,134,126,134,130,130,130,100,95,95,105,105,100,103,97,0,0,0,0,0,0,0,0,0,0,0,0,0,0,0,0,1
12000,2.1172,0.4659,1.039,-3.8501e-09,0.6124,2.1172,0.61232,1.5049,56.141,55.963,55.944,55.988,55.979,55.992,55.988,55.968,21.172,4.659,10.39,-3.8501e-08,6.124,21.172,6.1232,15.049,1188.6,260.73,581.26,-2.1556e-06,342.81,1185.5,342.82,842.27,118.86,26.073,58.126,-2.1556e-07,34.281,118.55,34.282,84.227,120,126,134,126,134,130,130,130,100,95,95,105,105,100,103,97,0,0,0,0,0,0,0,0,0,0,0,0,0,0,0,0,1
12600,2.1173,0.4659,1.039,-1.7712e-09,0.6124,2.1173,0.61241,1.5049,56.141,55.963,55.944,55.988,55.979,55.992,55.988,55.968,21.173,4.659,10.39,-1.7712e-08,6.124,21.173,6.1241,15.049,1188.7,260.73,581.26,-9.9167e-07,342.81,1185.5,342.87,842.27,118.87,26.073,58.126,-9.9167e-08,34.281,118.55,34.287,84.227,120,126,134,126,134,130,130,130,100,95,95,105,105,100,103,97,0,0,0,0,0,0,0,0,0,0,0,0,0,0,0,0,1
13200,2.1173,0.4659,1.039,-7.1899e-06,0.6124,2.1173,0.61239,1.5049,56.141,55.963,55.944,55.988,55.979,55.992,55.988,55.968,21.173,4.659,10.39,-7.1899e-05,6.124,21.173,6.1239,15.049,1188.7,260.73,581.26,-0.0040255,342.81,1185.5,342.86,842.27,118.87,26.073,58.126,-0.00040255,34.281,118.55,34.286,84.227,120,126,134,126,134,130,130,130,100,95,95,105,105,100,103,97,0,0,0,0,0,0,0,0,0,0,0,0,0,0,0,0,1
13800,2.1173,0.4659,1.039,-6.5621e-09,0.6124,2.1173,0.6124,1.5049,56.141,55.963,55.944,55.988,55.979,55.992,55.988,55.968,21.173,4.659,10.39,-6.5621e-08,6.124,21.173,6.124,15.049,1188.7,260.73,581.26,-3.674e-06,342.81,1185.5,342.87,842.27,118.87,26.073,58.126,-3.674e-07,34.281,118.55,34.287,84.227,120,126,134,126,134,130,130,130,100,95,95,105,105,100,103,97,0,0,0,0,0,0,0,0,0,0,0,0,0,0,0,0,1
14400,3.4008,0.58245,1.2684,0.75,0.8,3.4008,1.55,1.8508,52.173,51.771,51.744,51.776,51.774,51.814,51.789,51.779,34.008,5.8245,12.684,7.5,8,34.008,15.5,18.508,1774.3,301.54,656.32,388.32,414.19,1762.1,802.72,958.35,177.43,30.154,65.632,38.832,41.419,176.21,80.272,95.835,120,126,134,126,134,130,130,130,100,95,95,105,105,100,103,97,0,0,0,0,0,0,0,0,0,0,0,0,0,0,0,0,1
15000,3.4008,0.58245,1.2684,0.75,0.8,3.4008,1.55,1.8508,52.173,51.771,51.744,51.776,51.774,51.814,51.789,51.779,34.008,5.8245,12.684,7.5,8,34.008,15.5,18.508,1774.3,301.54,656.32,388.32,414.19,1762.1,802.72,958.35,177.43,30.154,65.632,38.832,41.419,176.21,80.272,95.835,120,126,134,126,134,130,130,130,100,95,95,105,105,100,103,97,0,0,0,0,0,0,0,0,0,0,0,0,0,0,0,0,1
15600,3.4008,0.58245,1.2684,0.75,0.8,3.4008,1.55,1.8508,52.173,51.771,51.744,51.776,51.774,51.814,51.789,51.779,34.008,5.8245,12.684,7.5,8,34.008,15.5,18.508,1774.3,301.54,656.32,388.32,414.19,1762.1,802.72,958.35,177.43,30.154,65.632,38.832,41.419,176.21,80.272,95.835,120,126,134,126,134,130,130,130,100,95,95,105,105,100,103,97,0,0,0,0,0,0,0,0,0,0,0,0,0,0,0,0,1
16200,3.4008,0.58245,1.2684,0.75,0.8,3.4008,1.55,1.8508,52.173,51.771,51.744,51.776,51.774,51.814,51.789,51.779,34.008,5.8245,12.684,7.5,8,34.008,15.5,18.508,1774.3,301.54,656.32,388.32,414.19,1762.1,802.72,958.35,177.43,30.154,65.632,38.832,41.419,176.21,80.272,95.835,120,126,134,126,134,130,130,130,100,95,95,105,105,100,103,97,0,0,0,0,0,0,0,0,0,0,0,0,0,0,0,0,1
16800,3.4008,0.58245,1.2684,0.75,0.8,3.4008,1.55,1.8508,52.173,51.771,51.744,51.776,51.774,51.814,51.789,51.779,34.008,5.8245,12.684,7.5,8,34.008,15.5,18.508,1774.3,301.54,656.32,388.32,414.19,1762.1,802.72,958.35,177.43,30.154,65.632,38.832,41.419,176.21,80.272,95.835,120,126,134,126,134,130,130,130,100,95,95,105,105,100,103,97,0,0,0,0,0,0,0,0,0,0,0,0,0,0,0,0,1
17400,3.4008,0.58245,1.2684,0.75,0.8,3.4008,1.55,1.8508,52.173,51.771,51.744,51.776,51.774,51.814,51.789,51.779,34.008,5.8245,12.684,7.5,8,34.008,15.5,18.508,1774.3,301.54,656.32,388.32,414.19,1762.1,802.72,958.35,177.43,30.154,65.632,38.832,41.419,176.21,80.272,95.835,120,126,134,126,134,130,130,130,100,95,95,105,105,100,103,97,0,0,0,0,0,0,0,0,0,0,0,0,0,0,0,0,1
18000,4.7403,0.72165,1.5052,1.5,1.0134,4.7403,2.5134,2.2269,44.294,43.568,43.533,43.521,43.545,43.63,43.568,43.58,47.403,7.2165,15.052,15,10.134,47.403,25.134,22.269,2099.7,314.41,655.25,652.81,441.29,2068.2,1095,970.47,209.97,31.441,65.525,65.281,44.129,206.82,109.5,97.047,120,126,134,126,134,130,130,130,100,95,95,105,105,100,103,97,0,0,0,0,0,0,0,0,0,0,0,0,0,0,0,0,1
18600,4.7403,0.72165,1.5052,1.5,1.0134,4.7403,2.5134,2.2269,44.294,43.568,43.533,43.521,43.545,43.63,43.568,43.58,47.403,7.2165,15.052,15,10.134,47.403,25.134,22.269,2099.7,314.41,655.25,652.81,441.29,2068.2,1095,970.47,209.97,31.441,65.525,65.281,44.129,206.82,109.5,97.047,120,126,134,126,134,130,130,130,100,95,95,105,105,100,103,97,0,0,0,0,0,0,0,0,0,0,0,0,0,0,0,0,1
19200,4.7403,0.72165,1.5052,1.5,1.0134,4.7403,2.5134,2.2269,44.294,43.568,43.533,43.521,43.545,43.63,43.568,43.58,47.403,7.2165,15.052,15,10.134,47.403,25.134,22.269,2099.7,314.41,655.25,652.81,441.29,2068.2,1095,970.47,209.97,31.441,65.525,65.281,44.129,206.82,109.5,97.047,120,126,134,126,134,130,130,130,100,95,95,105,105,100,103,97,0,0,0,0,0,0,0,0,0,0,0,0,0,0,0,0,1
19800,4.7403,0.72165,1.5052,1.5,1.0134,4.7403,2.5134,2.2269,44.294,43.568,43.533,43.521,43.545,43.63,43.568,43.58,47.403,7.2165,15.052,15,10.134,47.403,25.134,22.269,2099.7,314.41,655.25,652.81,441.29,2068.2,1095,970.47,209.97,31.441,65.525,65.281,44.129,206.82,109.5,97.047,120,126,134,126,134,130,130,130,100,95,95,105,105,100,103,97,0,0,0,0,0,0,0,0,0,0,0,0,0,0,0,0,1
20400,4.7403,0.72165,1.5052,1.5,1.0134,4.7403,2.5134,2.2269,44.294,43.568,43.533,43.521,43.545,43.63,43.568,43.58,47.403,7.2165,15.052,15,10.134,47.403,25.134,22.269,2099.7,314.41,655.25,652.81,441.29,2068.2,1095,970.47,209.97,31.441,65.525,65.281,44.129,206.82,109.5,97.047,120,126,134,126,134,130,130,130,100,95,95,105,105,100,103,97,0,0,0,0,0,0,0,0,0,0,0,0,0,0,0,0,1
21000,4.7403,0.72165,1.5052,1.5,1.0134,4.7403,2.5134,2.2269,44.294,43.568,43.533,43.521,43.545,43.63,43.568,43.58,47.403,7.2165,15.052,15,10.134,47.403,25.134,22.269,2099.7,314.41,655.25,652.81,441.29,2068.2,1095,970.47,209.97,31.441,65.525,65.281,44.129,206.82,109.5,97.047,120,126,134,126,134,130,130,130,100,95,95,105,105,100,103,97,0,0,0,0,0,0,0,0,0,0,0,0,0,0,0,0,1
21600,5.703,0.87915,1.7492,1.8,1.2746,5.703,3.0746,2.6284,38.067,37.047,37.002,36.976,37.007,37.132,37.042,37.065,57.03,8.7915,17.492,18,12.746,57.03,30.746,26.284,2171,325.7,647.23,665.56,471.69,2117.6,1138.9,974.19,217.1,32.57,64.723,66.556,47.169,211.76,113.89,97.419,120,126,134,126,134,130,130,130,100,95,95,105,105,100,103,97,0,0,0,0,0,0,0,0,0,0,0,0,0,0,0,0,1
22200,5.703,0.87915,1.7492,1.8,1.2746,5.703,3.0746,2.6284,38.067,37.047,37.002,36.976,37.007,37.132,37.042,37.065,57.03,8.7915,17.492,18,12.746,57.03,30.746,26.284,2171,325.7,647.23,665.56,471.69,2117.6,1138.9,974.19,217.1,32.57,64.723,66.556,47.169,211.76,113.89,97.419,120,126,134,126,134,130,130,130,100,95,95,105,105,100,103,97,0,0,0,0,0,0,0,0,0,0,0,0,0,0,0,0,1
22800,5.703,0.87915,1.7492,1.8,1.2746,5.703,3.0746,2.6284,38.067,37.047,37.002,36.976,37.007,37.132,37.042,37.065,57.03,8.7915,17.492,18,12.746,57.03,30.746,26.284,2171,325.7,647.23,665.56,471.69,2117.6,1138.9,974.19,217.1,32.57,64.723,66.556,47.169,211.76,113.89,97.419,120,126,134,126,134,130,130,130,100,95,95,105,105,100,103,97,0,0,0,0,0,0,0,0,0,0,0,0,0,0,0,0,1
23400,5.703,0.87915,1.7492,1.8,1.2746,5.703,3.0746,2.6284,38.067,37.047,37.002,36.976,37.007,37.132,37.042,37.065,57.03,8.7915,17.492,18,12.746,57.03,30.746,26.284,2171,325.7,647.23,665.56,471.69,2117.6,1138.9,974.19,217.1,32.57,64.723,66.556,47.169,211.76,113.89,97.419,120,126,134,126,134,130,130,130,100,95,95,105,105,100,103,97,0,0,0,0,0,0,0,0,0,0,0,0,0,0,0,0,1
24000,5.703,0.87915,1.7492,1.8,1.2746,5.703,3.0746,2.6284,38.067,37.047,37.002,36.976,37.007,37.132,37.042,37.065,57.03,8.7915,17.492,18,12.746,57.03,30.746,26.284,2171,325.7,647.23,665.56,471.69,2117.6,1138.9,974.19,217.1,32.57,64.723,66.556,47.169,211.76,113.89,97.419,120,126,134,126,134,130,130,130,100,95,95,105,105,100,103,97,0,0,0,0,0,0,0,0,0,0,0,0,0,0,0,0,1
24600,5.703,0.87915,1.7492,1.8,1.2746,5.703,3.0746,2.6284,38.067,37.047,37.002,36.976,37.007,37.132,37.042,37.065,57.03,8.7915,17.492,18,12.746,57.03,30.746,26.284,2171,325.7,647.23,665.56,471.69,2117.6,1138.9,974.19,217.1,32.57,64.723,66.556,47.169,211.76,113.89,97.419,120,126,134,126,134,130,130,130,100,95,95,105,105,100,103,97,0,0,0,0,0,0,0,0,0,0,0,0,0,0,0,0,1
25200,6.75,1.05,2,2.1,1.6,6.75,3.7,3.05,41.29,39.899,39.843,39.797,39.832,40.012,39.886,39.923,67.5,10.5,20,21,16,67.5,37,30.5,2787.1,418.94,796.86,835.74,637.32,2700.8,1475.8,1217.7,278.71,41.894,79.686,83.574,63.732,270.08,147.58,121.77,120,126,134,126,134,130,130,130,100,95,95,105,105,100,103,97,0,0,0,0,0,0,0,0,0,0,0,0,0,0,0,0,1
25800,6.75,1.05,2,2.1,1.6,6.75,3.7,3.05,41.29,39.899,39.843,39.797,39.832,40.012,39.886,39.923,67.5,10.5,20,21,16,67.5,37,30.5,2787.1,418.94,796.86,835.74,637.32,2700.8,1475.8,1217.7,278.71,41.894,79.686,83.574,63.732,270.08,147.58,121.77,120,126,134,126,134,130,130,130,100,95,95,105,105,100,103,97,0,0,0,0,0,0,0,0,0,0,0,0,0,0,0,0,1
26400,6.75,1.05,2,2.1,1.6,6.75,3.7,3.05,41.29,39.899,39.843,39.797,39.832,40.012,39.886,39.923,67.5,10.5,20,21,16,67.5,37,30.5,2787.1,418.94,796.86,835.74,637.32,2700.8,1475.8,1217.7,278.71,41.894,79.686,83.574,63.732,270.08,147.58,121.77,120,126,134,126,134,130,130,130,100,95,95,105,105,100,103,97,0,0,0,0,0,0,0,0,0,0,0,0,0,0,0,0,1
27000,6.75,1.05,2,2.1,1.6,6.75,3.7,3.05,41.29,39.899,39.843,39.797,39.832,40.012,39.886,39.923,67.5,10.5,20,21,16,67.5,37,30.5,2787.1,418.94,796.86,835.74,637.32,2700.8,1475.8,1217.7,278.71,41.894,79.686,83.574,63.732,270.08,147.58,121.77,120,126,134,126,134,130,130,130,100,95,95,105,105,100,103,97,0,0,0,0,0,0,0,0,0,0,0,0,0,0,0,0,1
27600,6.75,1.05,2,2.1,1.6,6.75,3.7,3.05,41.29,39.899,39.843,39.797,39.832,40.012,39.886,39.923,67.5,10.5,20,21,16,67.5,37,30.5,2787.1,418.94,796.86,835.74,637.32,2700.8,1475.8,1217.7,278.71,41.894,79.686,83.574,63.732,270.08,147.58,121.77,120,126,134,126,134,130,130,130,100,95,95,105,105,100,103,97,0,0,0,0,0,0,0,0,0,0,0,0,0,0,0,0,1
28200,6.75,1.05,2,2.1,1.6,6.75,3.7,3.05,41.29,39.899,39.843,39.797,39.832,40.012,39.886,39.923,67.5,10.5,20,21,16,67.5,37,30.5,2787.1,418.94,796.86,835.74,637.32,2700.8,1475.8,1217.7,278.71,41.894,79.686,83.574,63.732,270.08,147.58,121.77,120,126,134,126,134,130,130,130,100,95,95,105,105,100,103,97,0,0,0,0,0,0,0,0,0,0,0,0,0,0,0,0,1
28800,8.507,1.3704,2.2974,2.7,2.1392,8.507,4.8392,3.6678,48.071,45.945,45.88,45.761,45.81,46.109,45.901,45.985,85.07,13.704,22.974,27,21.392,85.07,48.392,36.678,4089.4,629.62,1054.1,1235.5,979.97,3922.5,2221.3,1686.6,408.94,62.962,105.41,123.55,97.997,392.25,222.13,168.66,120,126,134,126,134,130,130,130,100,95,95,105,105,100,103,97,0,0,0,0,0,0,0,0,0,0,0,0,0,0,0,0,1
29400,8.507,1.3704,2.2974,2.7,2.1392,8.507,4.8392,3.6678,48.071,45.945,45.88,45.761,45.81,46.109,45.901,45.985,85.07,13.704,22.974,27,21.392,85.07,48.392,36.678,4089.4,629.62,1054.1,1235.5,979.97,3922.5,2221.3,1686.6,408.94,62.962,105.41,123.55,97.997,392.25,222.13,168.66,120,126,134,126,134,130,130,130,100,95,95,105,105,100,103,97,0,0,0,0,0,0,0,0,0,0,0,0,0,0,0,0,1
30000,8.507,1.3704,2.2974,2.7,2.1392,8.507,4.8392,3.6678,48.071,45.945,45.88,45.761,45.81,46.109,45.901,45.985,85.07,13.704,22.974,27,21.392,85.07,48.392,36.678,4089.4,629.62,1054.1,1235.5,979.97,3922.5,2221.3,1686.6,408.94,62.962,105.41,123.55,97.997,392.25,222.13,168.66,120,126,134,126,134,130,130,130,100,95,95,105,105,100,103,97,0,0,0,0,0,0,0,0,0,0,0,0,0,0,0,0,1
30600,8.507,1.3704,2.2974,2.7,2.1392,8.507,4.8392,3.6678,48.071,45.945,45.88,45.761,45.81,46.109,45.901,45.985,85.07,13.704,22.974,27,21.392,85.07,48.392,36.678,4089.4,629.62,1054.1,1235.5,979.97,3922.5,2221.3,1686.6,408.94,62.962,105.41,123.55,97.997,392.25,222.13,168.66,120,126,134,126,134,130,130,130,100,95,95,105,105,100,103,97,0,0,0,0,0,0,0,0,0,0,0,0,0,0,0,0,1
31200,8.507,1.3704,2.2974,2.7,2.1392,8.507,4.8392,3.6678,48.071,45.945,45.88,45.761,45.81,46.109,45.901,45.985,85.07,13.704,22.974,27,21.392,85.07,48.392,36.678,4089.4,629.62,1054.1,1235.5,979.97,3922.5,2221.3,1686.6,408.94,62.962,105.41,123.55,97.997,392.25,222.13,168.66,120,126,134,126,134,130,130,130,100,95,95,105,105,100,103,97,0,0,0,0,0,0,0,0,0,0,0,0,0,0,0,0,1
31800,8.507,1.3704,2.2974,2.7,2.1392,8.507,4.8392,3.6678,48.071,45.945,45.88,45.761,45.81,46.109,45.901,45.985,85.07,13.704,22.974,27,21.392,85.07,48.392,36.678,4089.4,629.62,1054.1,1235.5,979.97,3922.5,2221.3,1686.6,408.94,62.962,105.41,123.55,97.997,392.25,222.13,168.66,120,126,134,126,134,130,130,130,100,95,95,105,105,100,103,97,0,0,0,0,0,0,0,0,0,0,0,0,0,0,0,0,1
32400,9.2445,1.9136,2.6556,1.8,2.8754,9.2445,4.6754,4.5691,51.315,48.765,48.703,48.765,48.673,49.025,48.831,48.839,92.445,19.136,26.556,18,28.754,92.445,46.754,45.691,4743.8,933.14,1293.4,877.76,1399.5,4532.2,2283,2231.5,474.38,93.314,129.34,87.776,139.95,453.22,228.3,223.15,120,126,134,126,134,130,130,130,100,95,95,105,105,100,103,97,0,0,0,0,0,0,0,0,0,0,0,0,0,0,0,0,1
33000,9.2445,1.9136,2.6556,1.8,2.8754,9.2445,4.6754,4.5691,51.315,48.765,48.703,48.765,48.673,49.025,48.831,48.839,92.445,19.136,26.556,18,28.754,92.445,46.754,45.691,4743.8,933.14,1293.4,877.76,1399.5,4532.2,2283,2231.5,474.38,93.314,129.34,87.776,139.95,453.22,228.3,223.15,120,126,134,126,134,130,130,130,100,95,95,105,105,100,103,97,0,0,0,0,0,0,0,0,0,0,0,0,0,0,0,0,1
33600,9.2445,1.9136,2.6556,1.8,2.8754,9.2445,4.6754,4.5691,51.315,48.765,48.703,48.765,48.673,49.025,48.831,48.839,92.445,19.136,26.556,18,28.754,92.445,46.754,45.691,4743.8,933.14,1293.4,877.76,1399.5,4532.2,2283,2231.5,474.38,93.314,129.34,87.776,139.95,453.22,228.3,223.15,120,126,134,126,134,130,130,130,100,95,95,105,105,100,103,97,0,0,0,0,0,0,0,0,0,0,0,0,0,0,0,0,1
34200,9.2445,1.9136,2.6556,1.8,2.8754,9.2445,4.6754,4.5691,51.315,48.765,48.703,48.765,48.673,49.025,48.831,48.839,92.445,19.136,26.556,18,28.754,92.445,46.754,45.691,4743.8,933.14,1293.4,877.76,1399.5,4532.2,2283,2231.5,474.38,93.314,129.34,87.776,139.95,453.22,228.3,223.15,120,126,134,126,134,130,130,130,100,95,95,105,105,100,103,97,0,0,0,0,0,0,0,0,0,0,0,0,0,0,0,0,1
34800,9.2445,1.9136,2.6556,1.8,2.8754,9.2445,4.6754,4.5691,51.315,48.765,48.703,48.765,48.673,49.025,48.831,48.839,92.445,19.136,26.556,18,28.754,92.445,46.754,45.691,4743.8,933.14,1293.4,877.76,1399.5,4532.2,2283,2231.5,474.38,93.314,129.34,87.776,139.95,453.22,228.3,223.15,120,126,134,126,134,130,130,130,100,95,95,105,105,100,103,97,0,0,0,0,0,0,0,0,0,0,0,0,0,0,0,0,1
35400,9.2445,1.9136,2.6556,1.8,2.8754,9.2445,4.6754,4.5691,51.315,48.765,48.703,48.765,48.673,49.025,48.831,48.839,92.445,19.136,26.556,18,28.754,92.445,46.754,45.691,4743.8,933.14,1293.4,877.76,1399.5,4532.2,2283,2231.5,474.38,93.314,129.34,87.776,139.95,453.22,228.3,223.15,120,126,134,126,134,130,130,130,100,95,95,105,105,100,103,97,0,0,0,0,0,0,0,0,0,0,0,0,0,0,0,0,1
36000,10.69,2.5803,3.036,1.5,3.5738,10.69,5.0738,5.6163,49.708,46.309,46.264,46.438,46.249,46.711,46.485,46.438,106.9,25.803,30.36,15,35.738,106.9,50.738,56.163,5313.8,1194.9,1404.6,696.57,1652.8,4993.5,2358.6,2608.1,531.38,119.49,140.46,69.657,165.28,499.35,235.86,260.81,120,126,134,126,134,130,130,130,100,95,95,105,105,100,103,97,0,0,0,0,0,0,0,0,0,0,0,0,0,0,0,0,1
36600,10.69,2.5803,3.036,1.5,3.5738,10.69,5.0738,5.6163,49.708,46.309,46.264,46.438,46.249,46.711,46.485,46.438,106.9,25.803,30.36,15,35.738,106.9,50.738,56.163,5313.8,1194.9,1404.6,696.57,1652.8,4993.5,2358.6,2608.1,531.38,119.49,140.46,69.657,165.28,499.35,235.86,260.81,120,126,134,126,134,130,130,130,100,95,95,105,105,100,103,97,0,0,0,0,0,0,0,0,0,0,0,0,0,0,0,0,1
37200,10.69,2.5803,3.036,1.5,3.5738,10.69,5.0738,5.6163,49.708,46.309,46.264,46.438,46.249,46.711,46.485,46.438,106.9,25.803,30.36,15,35.738,106.9,50.738,56.163,5313.8,1194.9,1404.6,696.57,1652.8,4993.5,2358.6,2608.1,531.38,119.49,140.46,69.657,165.28,499.35,235.86,260.81,120,126,134,126,134,130,130,130,100,95,95,105,105,100,103,97,0,0,0,0,0,0,0,0,0,0,0,0,0,0,0,0,1
37800,10.69,2.5803,3.036,1.5,3.5738,10.69,5.0738,5.6163,49.708,46.309,46.264,46.438,46.249,46.711,46.485,46.438,106.9,25.803,30.36,15,35.738,106.9,50.738,56.163,5313.8,1194.9,1404.6,696.57,1652.8,4993.5,2358.6,2608.1,531.38,119.49,140.46,69.657,165.28,499.35,235.86,260.81,120,126,134,126,134,130,130,130,100,95,95,105,105,100,103,97,0,0,0,0,0,0,0,0,0,0,0,0,0,0,0,0,1
38400,10.69,2.5803,3.036,1.5,3.5738,10.69,5.0738,5.6163,49.708,46.309,46.264,46.438,46.249,46.711,46.485,46.438,106.9,25.803,30.36,15,35.738,106.9,50.738,56.163,5313.8,1194.9,1404.6,696.57,1652.8,4993.5,2358.6,2608.1,531.38,119.49,140.46,69.657,165.28,499.35,235.86,260.81,120,126,134,126,134,130,130,130,100,95,95,105,105,100,103,97,0,0,0,0,0,0,0,0,0,0,0,0,0,0,0,0,1
39000,10.69,2.5803,3.036,1.5,3.5738,10.69,5.0738,5.6163,49.708,46.309,46.264,46.438,46.249,46.711,46.485,46.438,106.9,25.803,30.36,15,35.738,106.9,50.738,56.163,5313.8,1194.9,1404.6,696.57,1652.8,4993.5,2358.6,2608.1,531.38,119.49,140.46,69.657,165.28,499.35,235.86,260.81,120,126,134,126,134,130,130,130,100,95,95,105,105,100,103,97,0,0,0,0,0,0,0,0,0,0,0,0,0,0,0,0,1
39600,12.171,3.2715,3.3994,1.5,4,12.171,5.5,6.6709,47.05,42.664,42.649,42.93,42.686,43.24,42.978,42.865,121.71,32.715,33.994,15,40,121.71,55,66.709,5726.5,1395.8,1449.8,643.95,1707.5,5262.7,2363.8,2859.5,572.65,139.58,144.98,64.395,170.75,526.27,236.38,285.95,120,126,134,126,134,130,130,130,100,95,95,105,105,100,103,97,0,0,0,0,0,0,0,0,0,0,0,0,0,0,0,0,1
40200,12.171,3.2715,3.3994,1.5,4,12.171,5.5,6.6709,47.05,42.664,42.649,42.93,42.686,43.24,42.978,42.865,121.71,32.715,33.994,15,40,121.71,55,66.709,5726.5,1395.8,1449.8,643.95,1707.5,5262.7,2363.8,2859.5,572.65,139.58,144.98,64.395,170.75,526.27,236.38,285.95,120,126,134,126,134,130,130,130,100,95,95,105,105,100,103,97,0,0,0,0,0,0,0,0,0,0,0,0,0,0,0,0,1
40800,12.171,3.2715,3.3994,1.5,4,12.171,5.5,6.6709,47.05,42.664,42.649,42.93,42.686,43.24,42.978,42.865,121.71,32.715,33.994,15,40,121.71,55,66.709,5726.5,1395.8,1449.8,643.95,1707.5,5262.7,2363.8,2859.5,572.65,139.58,144.98,64.395,170.75,526.27,236.38,285.95,120,126,134,126,134,130,130,130,100,95,95,105,105,100,103,97,0,0,0,0,0,0,0,0,0,0,0,0,0,0,0,0,1
41400,12.171,3.2715,3.3994,1.5,4,12.171,5.5,6.6709,47.05,42.664,42.649,42.93,42.686,43.24,42.978,42.865,121.71,32.715,33.994,15,40,121.71,55,66.709,5726.5,1395.8,1449.8,643.95,1707.5,5262.7,2363.8,2859.5,572.65,139.58,144.98,64.395,170.75,526.27,236.38,285.95,120,126,134,126,134,130,130,130,100,95,95,105,105,100,103,97,0,0,0,0,0,0,0,0,0,0,0,0,0,0,0,0,1
42000,12.171,3.2715,3.3994,1.5,4,12.171,5.5,6.6709,47.05,42.664,42.649,42.93,42.686,43.24,42.978,42.865,121.71,32.715,33.994,15,40,121.71,55,66.709,5726.5,1395.8,1449.8,643.95,1707.5,5262.7,2363.8,2859.5,572.65,139.58,144.98,64.395,170.75,526.27,236.38,285.95,120,126,134,126,134,130,130,130,100,95,95,105,105,100,103,97,0,0,0,0,0,0,0,0,0,0,0,0,0,0,0,0,1
42600,12.171,3.2715,3.3994,1.5,4,12.171,5.5,6.6709,47.05,42.664,42.649,42.93,42.686,43.24,42.978,42.865,121.71,32.715,33.994,15,40,121.71,55,66.709,5726.5,1395.8,1449.8,643.95,1707.5,5262.7,2363.8,2859.5,572.65,139.58,144.98,64.395,170.75,526.27,236.38,285.95,120,126,134,126,134,130,130,130,100,95,95,105,105,100,103,97,0,0,0,0,0,0,0,0,0,0,0,0,0,0,0,0,1
43200,14.043,3.8878,3.7072,2.25,4.1978,14.043,6.4478,7.595,44.443,38.723,38.746,39.024,38.806,39.476,39.124,38.999,140.43,38.878,37.072,22.5,41.978,140.43,64.478,75.95,6241,1505.5,1436.4,878.03,1629,5543.6,2522.6,2962,624.1,150.55,143.64,87.803,162.9,554.36,252.26,296.2,120,126,134,126,134,130,130,130,100,95,95,105,105,100,103,97,0,0,0,0,0,0,0,0,0,0,0,0,0,0,0,0,1
43800,14.043,3.8878,3.7072,2.25,4.1978,14.043,6.4478,7.595,44.443,38.723,38.746,39.024,38.806,39.476,39.124,38.999,140.43,38.878,37.072,22.5,41.978,140.43,64.478,75.95,6241,1505.5,1436.4,878.03,1629,5543.6,2522.6,2962,624.1,150.55,143.64,87.803,162.9,554.36,252.26,296.2,120,126,134,126,134,130,130,130,100,95,95,105,105,100,103,97,0,0,0,0,0,0,0,0,0,0,0,0,0,0,0,0,1
44400,14.043,3.8878,3.7072,2.25,4.1978,14.043,6.4478,7.595,44.443,38.723,38.746,39.024,38.806,39.476,39.124,38.999,140.43,38.878,37.072,22.5,41.978,140.43,64.478,75.95,6241,1505.5,1436.4,878.03,1629,5543.6,2522.6,2962,624.1,150.55,143.64,87.803,162.9,554.36,252.26,296.2,120,126,134,126,134,130,130,130,100,95,95,105,105,100,103,97,0,0,0,0,0,0,0,0,0,0,0,0,0,0,0,0,1
45000,14.043,3.8878,3.7072,2.25,4.1978,14.043,6.4478,7.595,44.443,38.723,38.746,39.024,38.806,39.476,39.124,38.999,140.43,38.878,37.072,22.5,41.978,140.43,64.478,75.95,6241,1505.5,1436.4,878.03,1629,5543.6,2522.6,2962,624.1,150.55,143.64,87.803,162.9,554.36,252.26,296.2,120,126,134,126,134,130,130,130,100,95,95,105,105,100,103,97,0,0,0,0,0,0,0,0,0,0,0,0,0,0,0,0,1
45600,14.043,3.8878,3.7072,2.25,4.1978,14.043,6.4478,7.595,44.443,38.723,38.746,39.024,38.806,39.476,39.124,38.999,140.43,38.878,37.072,22.5,41.978,140.43,64.478,75.95,6241,1505.5,1436.4,878.03,1629,5543.6,2522.6,2962,624.1,150.55,143.64,87.803,162.9,554.36,252.26,296.2,120,126,134,126,134,130,130,130,100,95,95,105,105,100,103,97,0,0,0,0,0,0,0,0,0,0,0,0,0,0,0,0,1
46200,14.043,3.8878,3.7072,2.25,4.1978,14.043,6.4478,7.595,44.443,38.723,38.746,39.024,38.806,39.476,39.124,38.999,140.43,38.878,37.072,22.5,41.978,140.43,64.478,75.95,6241,1505.5,1436.4,878.03,1629,5543.6,2522.6,2962,624.1,150.55,143.64,87.803,162.9,554.36,252.26,296.2,120,126,134,126,134,130,130,130,100,95,95,105,105,100,103,97,0,0,0,0,0,0,0,0,0,0,0,0,0,0,0,0,1
46800,15.294,4.3305,3.9204,2.7,4.3434,15.294,7.0434,8.2509,43.251,36.54,36.597,36.878,36.679,37.434,37.018,36.877,152.94,43.305,39.204,27,43.434,152.94,70.434,82.509,6614.9,1582.4,1434.7,995.7,1593.1,5725.2,2607.4,3042.7,661.49,158.24,143.47,99.57,159.31,572.52,260.74,304.27,120,126,134,126,134,130,130,130,100,95,95,105,105,100,103,97,0,0,0,0,0,0,0,0,0,0,0,0,0,0,0,0,1
47400,15.294,4.3305,3.9204,2.7,4.3434,15.294,7.0434,8.2509,43.251,36.54,36.597,36.878,36.679,37.434,37.018,36.877,152.94,43.305,39.204,27,43.434,152.94,70.434,82.509,6614.9,1582.4,1434.7,995.7,1593.1,5725.2,2607.4,3042.7,661.49,158.24,143.47,99.57,159.31,572.52,260.74,304.27,120,126,134,126,134,130,130,130,100,95,95,105,105,100,103,97,0,0,0,0,0,0,0,0,0,0,0,0,0,0,0,0,1
48000,15.294,4.3305,3.9204,2.7,4.3434,15.294,7.0434,8.2509,43.251,36.54,36.597,36.878,36.679,37.434,37.018,36.877,152.94,43.305,39.204,27,43.434,152.94,70.434,82.509,6614.9,1582.4,1434.7,995.7,1593.1,5725.2,2607.4,3042.7,661.49,158.24,143.47,99.57,159.31,572.52,260.74,304.27,120,126,134,126,134,130,130,130,100,95,95,105,105,100,103,97,0,0,0,0,0,0,0,0,0,0,0,0,0,0,0,0,1
48600,15.294,4.3305,3.9204,2.7,4.3434,15.294,7.0434,8.2509,43.251,36.54,36.597,36.878,36.679,37.434,37.018,36.877,152.94,43.305,39.204,27,43.434,152.94,70.434,82.509,6614.9,1582.4,1434.7,995.7,1593.1,5725.2,2607.4,3042.7,661.49,158.24,143.47,99.57,159.31,572.52,260.74,304.27,120,126,134,126,134,130,130,130,100,95,95,105,105,100,103,97,0,0,0,0,0,0,0,0,0,0,0,0,0,0,0,0,1
49200,15.294,4.3305,3.9204,2.7,4.3434,15.294,7.0434,8.2509,43.251,36.54,36.597,36.878,36.679,37.434,37.018,36.877,152.94,43.305,39.204,27,43.434,152.94,70.434,82.509,6614.9,1582.4,1434.7,995.7,1593.1,5725.2,2607.4,3042.7,661.49,158.24,143.47,99.57,159.31,572.52,260.74,304.27,120,126,134,126,134,130,130,130,100,95,95,105,105,100,103,97,0,0,0,0,0,0,0,0,0,0,0,0,0,0,0,0,1
49800,15.294,4.3305,3.9204,2.7,4.3434,15.294,7.0434,8.2509,43.251,36.54,36.597,36.878,36.679,37.434,37.018,36.877,152.94,43.305,39.204,27,43.434,152.94,70.434,82.509,6614.9,1582.4,1434.7,995.7,1593.1,5725.2,2607.4,3042.7,661.49,158.24,143.47,99.57,159.31,572.52,260.74,304.27,120,126,134,126,134,130,130,130,100,95,95,105,105,100,103,97,0,0,0,0,0,0,0,0,0,0,0,0,0,0,0,0,1
50400,16.05,4.5,4,3.15,4.4,16.05,7.55,8.5,42.812,35.501,35.572,35.792,35.632,36.451,35.979,35.863,160.5,45,40,31.5,44,160.5,75.5,85,6871.3,1597.5,1422.9,1127.4,1567.8,5850.4,2716.4,3048.4,687.13,159.75,142.29,112.74,156.78,585.04,271.64,304.84,120,126,134,126,134,130,130,130,100,95,95,105,105,100,103,97,0,0,0,0,0,0,0,0,0,0,0,0,0,0,0,0,1
51000,16.05,4.5,4,3.15,4.4,16.05,7.55,8.5,42.812,35.501,35.572,35.792,35.632,36.451,35.979,35.863,160.5,45,40,31.5,44,160.5,75.5,85,6871.3,1597.5,1422.9,1127.4,1567.8,5850.4,2716.4,3048.4,687.13,159.75,142.29,112.74,156.78,585.04,271.64,304.84,120,126,134,126,134,130,130,130,100,95,95,105,105,100,103,97,0,0,0,0,0,0,0,0,0,0,0,0,0,0,0,0,1
51600,16.05,4.5,4,3.15,4.4,16.05,7.55,8.5,42.812,35.501,35.572,35.792,35.632,36.451,35.979,35.863,160.5,45,40,31.5,44,160.5,75.5,85,6871.3,1597.5,1422.9,1127.4,1567.8,5850.4,2716.4,3048.4,687.13,159.75,142.29,112.74,156.78,585.04,271.64,304.84,120,126,134,126,134,130,130,130,100,95,95,105,105,100,103,97,0,0,0,0,0,0,0,0,0,0,0,0,0,0,0,0,1
52200,16.05,4.5,4,3.15,4.4,16.05,7.55,8.5,42.812,35.501,35.572,35.792,35.632,36.451,35.979,35.863,160.5,45,40,31.5,44,160.5,75.5,85,6871.3,1597.5,1422.9,1127.4,1567.8,5850.4,2716.4,3048.4,687.13,159.75,142.29,112.74,156.78,585.04,271.64,304.84,120,126,134,126,134,130,130,130,100,95,95,105,105,100,103,97,0,0,0,0,0,0,0,0,0,0,0,0,0,0,0,0,1
52800,16.05,4.5,4,3.15,4.4,16.05,7.55,8.5,42.812,35.501,35.572,35.792,35.632,36.451,35.979,35.863,160.5,45,40,31.5,44,160.5,75.5,85,6871.3,1597.5,1422.9,1127.4,1567.8,5850.4,2716.4,3048.4,687.13,159.75,142.29,112.74,156.78,585.04,271.64,304.84,120,126,134,126,134,130,130,130,100,95,95,105,105,100,103,97,0,0,0,0,0,0,0,0,0,0,0,0,0,0,0,0,1
53400,16.05,4.5,4,3.15,4.4,16.05,7.55,8.5,42.812,35.501,35.572,35.792,35.632,36.451,35.979,35.863,160.5,45,40,31.5,44,160.5,75.5,85,6871.3,1597.5,1422.9,1127.4,1567.8,5850.4,2716.4,3048.4,687.13,159.75,142.29,112.74,156.78,585.04,271.64,304.84,120,126,134,126,134,130,130,130,100,95,95,105,105,100,103,97,0,0,0,0,0,0,0,0,0,0,0,0,0,0,0,0,1
54000,15.342,4.359,3.3,3.75,3.9334,15.342,7.6834,7.659,43.663,36.986,37.124,37.066,37.042,37.812,37.325,37.328,153.42,43.59,33,37.5,39.334,153.42,76.834,76.59,6699,1612.2,1225.1,1390,1457,5801.3,2867.8,2858.9,669.9,161.22,122.51,139,145.7,580.13,286.78,285.89,120,126,134,126,134,130,130,130,100,95,95,105,105,100,103,97,0,0,0,0,0,0,0,0,0,0,0,0,0,0,0,0,1
54600,15.342,4.359,3.3,3.75,3.9334,15.342,7.6834,7.659,43.663,36.986,37.124,37.066,37.042,37.812,37.325,37.328,153.42,43.59,33,37.5,39.334,153.42,76.834,76.59,6699,1612.2,1225.1,1390,1457,5801.3,2867.8,2858.9,669.9,161.22,122.51,139,145.7,580.13,286.78,285.89,120,126,134,126,134,130,130,130,100,95,95,105,105,100,103,97,0,0,0,0,0,0,0,0,0,0,0,0,0,0,0,0,1
55200,15.342,4.359,3.3,3.75,3.9334,15.342,7.6834,7.659,43.663,36.986,37.124,37.066,37.042,37.812,37.325,37.328,153.42,43.59,33,37.5,39.334,153.42,76.834,76.59,6699,1612.2,1225.1,1390,1457,5801.3,2867.8,2858.9,669.9,161.22,122.51,139,145.7,580.13,286.78,285.89,120,126,134,126,134,130,130,130,100,95,95,105,105,100,103,97,0,0,0,0,0,0,0,0,0,0,0,0,0,0,0,0,1
55800,15.342,4.359,3.3,3.75,3.9334,15.342,7.6834,7.659,43.663,36.986,37.124,37.066,37.042,37.812,37.325,37.328,153.42,43.59,33,37.5,39.334,153.42,76.834,76.59,6699,1612.2,1225.1,1390,1457,5801.3,2867.8,2858.9,669.9,161.22,122.51,139,145.7,580.13,286.78,285.89,120,126,134,126,134,130,130,130,100,95,95,105,105,100,103,97,0,0,0,0,0,0,0,0,0,0,0,0,0,0,0,0,1
56400,15.342,4.359,3.3,3.75,3.9334,15.342,7.6834,7.659,43.663,36.986,37.124,37.066,37.042,37.812,37.325,37.328,153.42,43.59,33,37.5,39.334,153.42,76.834,76.59,6699,1612.2,1225.1,1390,1457,5801.3,2867.8,2858.9,669.9,161.22,122.51,139,145.7,580.13,286.78,285.89,120,126,134,126,134,130,130,130,100,95,95,105,105,100,103,97,0,0,0,0,0,0,0,0,0,0,0,0,0,0,0,0,1
57000,15.342,4.359,3.3,3.75,3.9334,15.342,7.6834,7.659,43.663,36.986,37.124,37.066,37.042,37.812,37.325,37.328,153.42,43.59,33,37.5,39.334,153.42,76.834,76.59,6699,1612.2,1225.1,1390,1457,5801.3,2867.8,2858.9,669.9,161.22,122.51,139,145.7,580.13,286.78,285.89,120,126,134,126,134,130,130,130,100,95,95,105,105,100,103,97,0,0,0,0,0,0,0,0,0,0,0,0,0,0,0,0,1
57600,13.866,3.999,2.6,4.2,3.0666,13.866,7.2666,6.599,46.013,40.504,40.663,40.404,40.545,41.162,40.723,40.795,138.66,39.99,26,42,30.666,138.66,72.666,65.99,6380,1619.7,1057.2,1697,1243.3,5707.4,2959.1,2692,638,161.97,105.72,169.7,124.33,570.74,295.91,269.2,120,126,134,126,134,130,130,130,100,95,95,105,105,100,103,97,0,0,0,0,0,0,0,0,0,0,0,0,0,0,0,0,1
58200,13.866,3.999,2.6,4.2,3.0666,13.866,7.2666,6.599,46.013,40.504,40.663,40.404,40.545,41.162,40.723,40.795,138.66,39.99,26,42,30.666,138.66,72.666,65.99,6380,1619.7,1057.2,1697,1243.3,5707.4,2959.1,2692,638,161.97,105.72,169.7,124.33,570.74,295.91,269.2,120,126,134,126,134,130,130,130,100,95,95,105,105,100,103,97,0,0,0,0,0,0,0,0,0,0,0,0,0,0,0,0,1
58800,13.866,3.999,2.6,4.2,3.0666,13.866,7.2666,6.599,46.013,40.504,40.663,40.404,40.545,41.162,40.723,40.795,138.66,39.99,26,42,30.666,138.66,72.666,65.99,6380,1619.7,1057.2,1697,1243.3,5707.4,2959.1,2692,638,161.97,105.72,169.7,124.33,570.74,295.91,269.2,120,126,134,126,134,130,130,130,100,95,95,105,105,100,103,97,0,0,0,0,0,0,0,0,0,0,0,0,0,0,0,0,1
59400,13.866,3.999,2.6,4.2,3.0666,13.866,7.2666,6.599,46.013,40.504,40.663,40.404,40.545,41.162,40.723,40.795,138.66,39.99,26,42,30.666,138.66,72.666,65.99,6380,1619.7,1057.2,1697,1243.3,5707.4,2959.1,2692,638,161.97,105.72,169.7,124.33,570.74,295.91,269.2,120,126,134,126,134,130,130,130,100,95,95,105,105,100,103,97,0,0,0,0,0,0,0,0,0,0,0,0,0,0,0,0,1
60000,13.866,3.999,2.6,4.2,3.0666,13.866,7.2666,6.599,46.013,40.504,40.663,40.404,40.545,41.162,40.723,40.795,138.66,39.99,26,42,30.666,138.66,72.666,65.99,6380,1619.7,1057.2,1697,1243.3,5707.4,2959.1,2692,638,161.97,105.72,169.7,124.33,570.74,295.91,269.2,120,126,134,126,134,130,130,130,100,95,95,105,105,100,103,97,0,0,0,0,0,0,0,0,0,0,0,0,0,0,0,0,1
60600,13.866,3.999,2.6,4.2,3.0666,13.866,7.2666,6.599,46.013,40.504,40.663,40.404,40.545,41.162,40.723,40.795,138.66,39.99,26,42,30.666,138.66,72.666,65.99,6380,1619.7,1057.2,1697,1243.3,5707.4,2959.1,2692,638,161.97,105.72,169.7,124.33,570.74,295.91,269.2,120,126,134,126,134,130,130,130,100,95,95,105,105,100,103,97,0,0,0,0,0,0,0,0,0,0,0,0,0,0,0,0,1
61200,13.915,3.5145,3.3,4.5,2.6,13.915,7.1,6.8145,47.911,42.409,42.434,42.245,42.476,43.029,42.607,42.638,139.15,35.145,33,45,26,139.15,71,68.145,6666.6,1490.5,1400.3,1901,1104.4,5987.2,3025.1,2905.6,666.66,149.05,140.03,190.1,110.44,598.72,302.51,290.56,120,126,134,126,134,130,130,130,100,95,95,105,105,100,103,97,0,0,0,0,0,0,0,0,0,0,0,0,0,0,0,0,1
61800,13.915,3.5145,3.3,4.5,2.6,13.915,7.1,6.8145,47.911,42.409,42.434,42.245,42.476,43.029,42.607,42.638,139.15,35.145,33,45,26,139.15,71,68.145,6666.6,1490.5,1400.3,1901,1104.4,5987.2,3025.1,2905.6,666.66,149.05,140.03,190.1,110.44,598.72,302.51,290.56,120,126,134,126,134,130,130,130,100,95,95,105,105,100,103,97,0,0,0,0,0,0,0,0,0,0,0,0,0,0,0,0,1
62400,13.915,3.5145,3.3,4.5,2.6,13.915,7.1,6.8145,47.911,42.409,42.434,42.245,42.476,43.029,42.607,42.638,139.15,35.145,33,45,26,139.15,71,68.145,6666.6,1490.5,1400.3,1901,1104.4,5987.2,3025.1,2905.6,666.66,149.05,140.03,190.1,110.44,598.72,302.51,290.56,120,126,134,126,134,130,130,130,100,95,95,105,105,100,103,97,0,0,0,0,0,0,0,0,0,0,0,0,0,0,0,0,1
63000,13.915,3.5145,3.3,4.5,2.6,13.915,7.1,6.8145,47.911,42.409,42.434,42.245,42.476,43.029,42.607,42.638,139.15,35.145,33,45,26,139.15,71,68.145,6666.6,1490.5,1400.3,1901,1104.4,5987.2,3025.1,2905.6,666.66,149.05,140.03,190.1,110.44,598.72,302.51,290.56,120,126,134,126,134,130,130,130,100,95,95,105,105,100,103,97,0,0,0,0,0,0,0,0,0,0,0,0,0,0,0,0,1
63600,13.915,3.5145,3.3,4.5,2.6,13.915,7.1,6.8145,47.911,42.409,42.434,42.245,42.476,43.029,42.607,42.638,139.15,35.145,33,45,26,139.15,71,68.145,6666.6,1490.5,1400.3,1901,1104.4,5987.2,3025.1,2905.6,666.66,149.05,140.03,190.1,110.44,598.72,302.51,290.56,120,126,134,126,134,130,130,130,100,95,95,105,105,100,103,97,0,0,0,0,0,0,0,0,0,0,0,0,0,0,0,0,1
64200,13.915,3.5145,3.3,4.5,2.6,13.915,7.1,6.8145,47.911,42.409,42.434,42.245,42.476,43.029,42.607,42.638,139.15,35.145,33,45,26,139.15,71,68.145,6666.6,1490.5,1400.3,1901,1104.4,5987.2,3025.1,2905.6,666.66,149.05,140.03,190.1,110.44,598.72,302.51,290.56,120,126,134,126,134,130,130,130,100,95,95,105,105,100,103,97,0,0,0,0,0,0,0,0,0,0,0,0,0,0,0,0,1
64800,14.111,3,4,4.2,2.9112,14.111,7.1112,7,48.742,43.15,43.029,42.99,43.147,43.731,43.308,43.321,141.11,30,40,42,29.112,141.11,71.112,70,6878.1,1294.5,1721.2,1805.6,1256.1,6171,3079.7,3032.4,687.81,129.45,172.12,180.56,125.61,617.1,307.97,303.24,120,126,134,126,134,130,130,130,100,95,95,105,105,100,103,97,0,0,0,0,0,0,0,0,0,0,0,0,0,0,0,0,1
65400,14.111,3,4,4.2,2.9112,14.111,7.1112,7,48.742,43.15,43.029,42.99,43.147,43.731,43.308,43.321,141.11,30,40,42,29.112,141.11,71.112,70,6878.1,1294.5,1721.2,1805.6,1256.1,6171,3079.7,3032.4,687.81,129.45,172.12,180.56,125.61,617.1,307.97,303.24,120,126,134,126,134,130,130,130,100,95,95,105,105,100,103,97,0,0,0,0,0,0,0,0,0,0,0,0,0,0,0,0,1
66000,14.111,3,4,4.2,2.9112,14.111,7.1112,7,48.742,43.15,43.029,42.99,43.147,43.731,43.308,43.321,141.11,30,40,42,29.112,141.11,71.112,70,6878.1,1294.5,1721.2,1805.6,1256.1,6171,3079.7,3032.4,687.81,129.45,172.12,180.56,125.61,617.1,307.97,303.24,120,126,134,126,134,130,130,130,100,95,95,105,105,100,103,97,0,0,0,0,0,0,0,0,0,0,0,0,0,0,0,0,1
66600,14.111,3,4,4.2,2.9112,14.111,7.1112,7,48.742,43.15,43.029,42.99,43.147,43.731,43.308,43.321,141.11,30,40,42,29.112,141.11,71.112,70,6878.1,1294.5,1721.2,1805.6,1256.1,6171,3079.7,3032.4,687.81,129.45,172.12,180.56,125.61,617.1,307.97,303.24,120,126,134,126,134,130,130,130,100,95,95,105,105,100,103,97,0,0,0,0,0,0,0,0,0,0,0,0,0,0,0,0,1
67200,14.111,3,4,4.2,2.9112,14.111,7.1112,7,48.742,43.15,43.029,42.99,43.147,43.731,43.308,43.321,141.11,30,40,42,29.112,141.11,71.112,70,6878.1,1294.5,1721.2,1805.6,1256.1,6171,3079.7,3032.4,687.81,129.45,172.12,180.56,125.61,617.1,307.97,303.24,120,126,134,126,134,130,130,130,100,95,95,105,105,100,103,97,0,0,0,0,0,0,0,0,0,0,0,0,0,0,0,0,1
67800,14.111,3,4,4.2,2.9112,14.111,7.1112,7,48.742,43.15,43.029,42.99,43.147,43.731,43.308,43.321,141.11,30,40,42,29.112,141.11,71.112,70,6878.1,1294.5,1721.2,1805.6,1256.1,6171,3079.7,3032.4,687.81,129.45,172.12,180.56,125.61,617.1,307.97,303.24,120,126,134,126,134,130,130,130,100,95,95,105,105,100,103,97,0,0,0,0,0,0,0,0,0,0,0,0,0,0,0,0,1
68400,13.454,2.3283,3.7364,3.9,3.4888,13.454,7.3888,6.0647,42.147,37.138,36.988,36.828,36.88,37.56,37.106,37.245,134.54,23.283,37.364,39,34.888,134.54,73.888,60.647,5670.2,864.69,1382,1436.3,1286.7,5053.1,2741.7,2258.8,567.02,86.469,138.2,143.63,128.67,505.31,274.17,225.88,120,126,134,126,134,130,130,130,100,95,95,105,105,100,103,97,0,0,0,0,0,0,0,0,0,0,0,0,0,0,0,0,1
69000,13.454,2.3283,3.7364,3.9,3.4888,13.454,7.3888,6.0647,42.147,37.138,36.988,36.828,36.88,37.56,37.106,37.245,134.54,23.283,37.364,39,34.888,134.54,73.888,60.647,5670.2,864.69,1382,1436.3,1286.7,5053.1,2741.7,2258.8,567.02,86.469,138.2,143.63,128.67,505.31,274.17,225.88,120,126,134,126,134,130,130,130,100,95,95,105,105,100,103,97,0,0,0,0,0,0,0,0,0,0,0,0,0,0,0,0,1
69600,13.454,2.3283,3.7364,3.9,3.4888,13.454,7.3888,6.0647,42.147,37.138,36.988,36.828,36.88,37.56,37.106,37.245,134.54,23.283,37.364,39,34.888,134.54,73.888,60.647,5670.2,864.69,1382,1436.3,1286.7,5053.1,2741.7,2258.8,567.02,86.469,138.2,143.63,128.67,505.31,274.17,225.88,120,126,134,126,134,130,130,130,100,95,95,105,105,100,103,97,0,0,0,0,0,0,0,0,0,0,0,0,0,0,0,0,1
70200,13.454,2.3283,3.7364,3.9,3.4888,13.454,7.3888,6.0647,42.147,37.138,36.988,36.828,36.88,37.56,37.106,37.245,134.54,23.283,37.364,39,34.888,134.54,73.888,60.647,5670.2,864.69,1382,1436.3,1286.7,5053.1,2741.7,2258.8,567.02,86.469,138.2,143.63,128.67,505.31,274.17,225.88,120,126,134,126,134,130,130,130,100,95,95,105,105,100,103,97,0,0,0,0,0,0,0,0,0,0,0,0,0,0,0,0,1
70800,13.454,2.3283,3.7364,3.9,3.4888,13.454,7.3888,6.0647,42.147,37.138,36.988,36.828,36.88,37.56,37.106,37.245,134.54,23.283,37.364,39,34.888,134.54,73.888,60.647,5670.2,864.69,1382,1436.3,1286.7,5053.1,2741.7,2258.8,567.02,86.469,138.2,143.63,128.67,505.31,274.17,225.88,120,126,134,126,134,130,130,130,100,95,95,105,105,100,103,97,0,0,0,0,0,0,0,0,0,0,0,0,0,0,0,0,1
71400,13.454,2.3283,3.7364,3.9,3.4888,13.454,7.3888,6.0647,42.147,37.138,36.988,36.828,36.88,37.56,37.106,37.245,134.54,23.283,37.364,39,34.888,134.54,73.888,60.647,5670.2,864.69,1382,1436.3,1286.7,5053.1,2741.7,2258.8,567.02,86.469,138.2,143.63,128.67,505.31,274.17,225.88,120,126,134,126,134,130,130,130,100,95,95,105,105,100,103,97,0,0,0,0,0,0,0,0,0,0,0,0,0,0,0,0,1
72000,11.65,1.65,3.2,3,3.8,11.65,6.8,4.85,35.071,31.293,31.157,30.998,30.904,31.558,31.169,31.35,116.5,16.5,32,30,38,116.5,68,48.5,4085.8,516.34,997.02,929.93,1174.3,3676.5,2119.5,1520.5,408.58,51.634,99.702,92.993,117.43,367.65,211.95,152.05,120,126,134,126,134,130,130,130,100,95,95,105,105,100,103,97,0,0,0,0,0,0,0,0,0,0,0,0,0,0,0,0,1
72600,11.65,1.65,3.2,3,3.8,11.65,6.8,4.85,35.071,31.293,31.157,30.998,30.904,31.558,31.169,31.35,116.5,16.5,32,30,38,116.5,68,48.5,4085.8,516.34,997.02,929.93,1174.3,3676.5,2119.5,1520.5,408.58,51.634,99.702,92.993,117.43,367.65,211.95,152.05,120,126,134,126,134,130,130,130,100,95,95,105,105,100,103,97,0,0,0,0,0,0,0,0,0,0,0,0,0,0,0,0,1
73200,11.65,1.65,3.2,3,3.8,11.65,6.8,4.85,35.071,31.293,31.157,30.998,30.904,31.558,31.169,31.35,116.5,16.5,32,30,38,116.5,68,48.5,4085.8,516.34,997.02,929.93,1174.3,3676.5,2119.5,1520.5,408.58,51.634,99.702,92.993,117.43,367.65,211.95,152.05,120,126,134,126,134,130,130,130,100,95,95,105,105,100,103,97,0,0,0,0,0,0,0,0,0,0,0,0,0,0,0,0,1
73800,11.65,1.65,3.2,3,3.8,11.65,6.8,4.85,35.071,31.293,31.157,30.998,30.904,31.558,31.169,31.35,116.5,16.5,32,30,38,116.5,68,48.5,4085.8,516.34,997.02,929.93,1174.3,3676.5,2119.5,1520.5,408.58,51.634,99.702,92.993,117.43,367.65,211.95,152.05,120,126,134,126,134,130,130,130,100,95,95,105,105,100,103,97,0,0,0,0,0,0,0,0,0,0,0,0,0,0,0,0,1
74400,11.65,1.65,3.2,3,3.8,11.65,6.8,4.85,35.071,31.293,31.157,30.998,30.904,31.558,31.169,31.35,116.5,16.5,32,30,38,116.5,68,48.5,4085.8,516.34,997.02,929.93,1174.3,3676.5,2119.5,1520.5,408.58,51.634,99.702,92.993,117.43,367.65,211.95,152.05,120,126,134,126,134,130,130,130,100,95,95,105,105,100,103,97,0,0,0,0,0,0,0,0,0,0,0,0,0,0,0,0,1
75000,11.65,1.65,3.2,3,3.8,11.65,6.8,4.85,35.071,31.293,31.157,30.998,30.904,31.558,31.169,31.35,116.5,16.5,32,30,38,116.5,68,48.5,4085.8,516.34,997.02,929.93,1174.3,3676.5,2119.5,1520.5,408.58,51.634,99.702,92.993,117.43,367.65,211.95,152.05,120,126,134,126,134,130,130,130,100,95,95,105,105,100,103,97,0,0,0,0,0,0,0,0,0,0,0,0,0,0,0,0,1
75600,8.6038,1.164,2.5102,1.5,3.4296,8.6038,4.9296,3.6742,40.125,37.967,37.874,37.859,37.688,38.121,37.907,37.997,86.038,11.64,25.102,15,34.296,86.038,49.296,36.742,3452.3,441.94,950.71,567.89,1292.5,3279.9,1868.6,1396.1,345.23,44.194,95.071,56.789,129.25,327.99,186.86,139.61,120,126,134,126,134,130,130,130,100,95,95,105,105,100,103,97,0,0,0,0,0,0,0,0,0,0,0,0,0,0,0,0,1
76200,8.6038,1.164,2.5102,1.5,3.4296,8.6038,4.9296,3.6742,40.125,37.967,37.874,37.859,37.688,38.121,37.907,37.997,86.038,11.64,25.102,15,34.296,86.038,49.296,36.742,3452.3,441.94,950.71,567.89,1292.5,3279.9,1868.6,1396.1,345.23,44.194,95.071,56.789,129.25,327.99,186.86,139.61,120,126,134,126,134,130,130,130,100,95,95,105,105,100,103,97,0,0,0,0,0,0,0,0,0,0,0,0,0,0,0,0,1
76800,8.6038,1.164,2.5102,1.5,3.4296,8.6038,4.9296,3.6742,40.125,37.967,37.874,37.859,37.688,38.121,37.907,37.997,86.038,11.64,25.102,15,34.296,86.038,49.296,36.742,3452.3,441.94,950.71,567.89,1292.5,3279.9,1868.6,1396.1,345.23,44.194,95.071,56.789,129.25,327.99,186.86,139.61,120,126,134,126,134,130,130,130,100,95,95,105,105,100,103,97,0,0,0,0,0,0,0,0,0,0,0,0,0,0,0,0,1
77400,8.6038,1.164,2.5102,1.5,3.4296,8.6038,4.9296,3.6742,40.125,37.967,37.874,37.859,37.688,38.121,37.907,37.997,86.038,11.64,25.102,15,34.296,86.038,49.296,36.742,3452.3,441.94,950.71,567.89,1292.5,3279.9,1868.6,1396.1,345.23,44.194,95.071,56.789,129.25,327.99,186.86,139.61,120,126,134,126,134,130,130,130,100,95,95,105,105,100,103,97,0,0,0,0,0,0,0,0,0,0,0,0,0,0,0,0,1
78000,8.6038,1.164,2.5102,1.5,3.4296,8.6038,4.9296,3.6742,40.125,37.967,37.874,37.859,37.688,38.121,37.907,37.997,86.038,11.64,25.102,15,34.296,86.038,49.296,36.742,3452.3,441.94,950.71,567.89,1292.5,3279.9,1868.6,1396.1,345.23,44.194,95.071,56.789,129.25,327.99,186.86,139.61,120,126,134,126,134,130,130,130,100,95,95,105,105,100,103,97,0,0,0,0,0,0,0,0,0,0,0,0,0,0,0,0,1
78600,8.6038,1.164,2.5102,1.5,3.4296,8.6038,4.9296,3.6742,40.125,37.967,37.874,37.859,37.688,38.121,37.907,37.997,86.038,11.64,25.102,15,34.296,86.038,49.296,36.742,3452.3,441.94,950.71,567.89,1292.5,3279.9,1868.6,1396.1,345.23,44.194,95.071,56.789,129.25,327.99,186.86,139.61,120,126,134,126,134,130,130,130,100,95,95,105,105,100,103,97,0,0,0,0,0,0,0,0,0,0,0,0,0,0,0,0,1
79200,5.5008,0.75195,1.5618,0.75,2.437,5.5008,3.187,2.3138,49.052,48.111,48.073,48.068,47.965,48.177,48.081,48.124,55.008,7.5195,15.618,7.5,24.37,55.008,31.87,23.138,2698.2,361.77,750.81,360.51,1168.9,2650.1,1532.4,1113.5,269.82,36.177,75.081,36.051,116.89,265.01,153.24,111.35,120,126,134,126,134,130,130,130,100,95,95,105,105,100,103,97,0,0,0,0,0,0,0,0,0,0,0,0,0,0,0,0,1
79800,5.5008,0.75195,1.5618,0.75,2.437,5.5008,3.187,2.3138,49.052,48.111,48.073,48.068,47.965,48.177,48.081,48.124,55.008,7.5195,15.618,7.5,24.37,55.008,31.87,23.138,2698.2,361.77,750.81,360.51,1168.9,2650.1,1532.4,1113.5,269.82,36.177,75.081,36.051,116.89,265.01,153.24,111.35,120,126,134,126,134,130,130,130,100,95,95,105,105,100,103,97,0,0,0,0,0,0,0,0,0,0,0,0,0,0,0,0,1
80400,5.5008,0.75195,1.5618,0.75,2.437,5.5008,3.187,2.3138,49.052,48.111,48.073,48.068,47.965,48.177,48.081,48.124,55.008,7.5195,15.618,7.5,24.37,55.008,31.87,23.138,2698.2,361.77,750.81,360.51,1168.9,2650.1,1532.4,1113.5,269.82,36.177,75.081,36.051,116.89,265.01,153.24,111.35,120,126,134,126,134,130,130,130,100,95,95,105,105,100,103,97,0,0,0,0,0,0,0,0,0,0,0,0,0,0,0,0,1
81000,5.5008,0.75195,1.5618,0.75,2.437,5.5008,3.187,2.3138,49.052,48.111,48.073,48.068,47.965,48.177,48.081,48.124,55.008,7.5195,15.618,7.5,24.37,55.008,31.87,23.138,2698.2,361.77,750.81,360.51,1168.9,2650.1,1532.4,1113.5,269.82,36.177,75.081,36.051,116.89,265.01,153.24,111.35,120,126,134,126,134,130,130,130,100,95,95,105,105,100,103,97,0,0,0,0,0,0,0,0,0,0,0,0,0,0,0,0,1
81600,5.5008,0.75195,1.5618,0.75,2.437,5.5008,3.187,2.3138,49.052,48.111,48.073,48.068,47.965,48.177,48.081,48.124,55.008,7.5195,15.618,7.5,24.37,55.008,31.87,23.138,2698.2,361.77,750.81,360.51,1168.9,2650.1,1532.4,1113.5,269.82,36.177,75.081,36.051,116.89,265.01,153.24,111.35,120,126,134,126,134,130,130,130,100,95,95,105,105,100,103,97,0,0,0,0,0,0,0,0,0,0,0,0,0,0,0,0,1
82200,5.5008,0.75195,1.5618,0.75,2.437,5.5008,3.187,2.3138,49.052,48.111,48.073,48.068,47.965,48.177,48.081,48.124,55.008,7.5195,15.618,7.5,24.37,55.008,31.87,23.138,2698.2,361.77,750.81,360.51,1168.9,2650.1,1532.4,1113.5,269.82,36.177,75.081,36.051,116.89,265.01,153.24,111.35,120,126,134,126,134,130,130,130,100,95,95,105,105,100,103,97,0,0,0,0,0,0,0,0,0,0,0,0,0,0,0,0,1
82800,2.3,0.45,0.4,0.45,1,2.3,1.45,0.85,58.003,57.815,57.816,57.801,57.784,57.829,57.806,57.82,23,4.5,4,4.5,10,23,14.5,8.5,1334.1,260.17,231.26,260.11,577.84,1330.1,838.19,491.47,133.41,26.017,23.126,26.011,57.784,133.01,83.819,49.147,120,126,134,126,134,130,130,130,100,95,95,105,105,100,103,97,0,0,0,0,0,0,0,0,0,0,0,0,0,0,0,0,1
83400,2.3,0.45,0.4,0.45,1,2.3,1.45,0.85,58.003,57.815,57.816,57.801,57.784,57.829,57.806,57.82,23,4.5,4,4.5,10,23,14.5,8.5,1334.1,260.17,231.26,260.11,577.84,1330.1,838.19,491.47,133.41,26.017,23.126,26.011,57.784,133.01,83.819,49.147,120,126,134,126,134,130,130,130,100,95,95,105,105,100,103,97,0,0,0,0,0,0,0,0,0,0,0,0,0,0,0,0,1
84000,2.3,0.45,0.4,0.45,1,2.3,1.45,0.85,58.003,57.815,57.816,57.801,57.784,57.829,57.806,57.82,23,4.5,4,4.5,10,23,14.5,8.5,1334.1,260.17,231.26,260.11,577.84,1330.1,838.19,491.47,133.41,26.017,23.126,26.011,57.784,133.01,83.819,49.147,120,126,134,126,134,130,130,130,100,95,95,105,105,100,103,97,0,0,0,0,0,0,0,0,0,0,0,0,0,0,0,0,1
84600,2.3,0.45,0.4,0.45,1,2.3,1.45,0.85,58.003,57.815,57.816,57.801,57.784,57.829,57.806,57.82,23,4.5,4,4.5,10,23,14.5,8.5,1334.1,260.17,231.26,260.11,577.84,1330.1,838.19,491.47,133.41,26.017,23.126,26.011,57.784,133.01,83.819,49.147,120,126,134,126,134,130,130,130,100,95,95,105,105,100,103,97,0,0,0,0,0,0,0,0,0,0,0,0,0,0,0,0,1
85200,2.3,0.45,0.4,0.45,1,2.3,1.45,0.85,58.003,57.815,57.816,57.801,57.784,57.829,57.806,57.82,23,4.5,4,4.5,10,23,14.5,8.5,1334.1,260.17,231.26,260.11,577.84,1330.1,838.19,491.47,133.41,26.017,23.126,26.011,57.784,133.01,83.819,49.147,120,126,134,126,134,130,130,130,100,95,95,105,105,100,103,97,0,0,0,0,0,0,0,0,0,0,0,0,0,0,0,0,1
85800,2.3,0.45,0.4,0.45,1,2.3,1.45,0.85,58.003,57.815,57.816,57.801,57.784,57.829,57.806,57.82,23,4.5,4,4.5,10,23,14.5,8.5,1334.1,260.17,231.26,260.11,577.84,1330.1,838.19,491.47,133.41,26.017,23.126,26.011,57.784,133.01,83.819,49.147,120,126,134,126,134,130,130,130,100,95,95,105,105,100,103,97,0,0,0,0,0,0,0,0,0,0,0,0,0,0,0,0,1
86400,1.05,0.3,0.4,0.15,0.2,1.05,0.35,0.7,53.808,53.759,53.758,53.765,53.765,53.768,53.766,53.762,10.5,3,4,1.5,2,10.5,3.5,7,564.99,161.28,215.03,80.648,107.53,564.56,188.18,376.33,56.499,16.128,21.503,8.0648,10.753,56.456,18.818,37.633,120,126,134,126,134,130,130,130,100,95,95,105,105,100,103,97,0,0,0,0,0,0,0,0,0,0,0,0,0,0,0,0,1
